Date,Cumulative Return
2015-01-02,0.0
2015-01-05,-0.009859782562533392
2015-01-06,-0.015298350475757894
2015-01-07,-0.007302164860859106
2015-01-08,0.004638713795527272
2015-01-09,0.0008007005687782343
2015-01-12,-0.003445288589798756
2015-01-13,-0.0052185513338107725
2015-01-14,-0.009140501482506003
2015-01-15,-0.012366378823445046
2015-01-16,-0.0021957581783483837
2015-01-20,0.0018203621823551508
2015-01-21,0.005027919421708216
2015-01-22,0.017368267345173383
2015-01-23,0.014299490987654151
2015-01-26,0.014143445538849386
2015-01-27,0.0044255919142621725
2015-01-28,-0.0040117970527911995
2015-01-29,-0.0005420743541952877
2015-01-30,-0.004947626286188944
2015-02-02,0.0015691752948037152
2015-02-03,0.009111890761501984
2015-02-04,0.007576352623305471
2015-02-05,0.014578128519827427
2015-02-06,0.0074758593205519475
2015-02-09,0.00491729905681737
2015-02-10,0.012211461414029179
2015-02-11,0.011582939449322538
2015-02-12,0.019265629597387646
2015-02-13,0.023496497295216967
2015-02-17,0.021733751115732503
2015-02-18,0.022916403460988777
2015-02-19,0.022878345199332628
2015-02-20,0.02665993790890142
2015-02-23,0.027257933677647506
2015-02-24,0.029355798608156958
2015-02-25,0.02916198997526398
2015-02-26,0.02945324165193486
2015-02-27,0.026951128883901054
2015-03-02,0.03102927623557883
2015-03-03,0.027449250169707895
2015-03-04,0.024021017063345917
2015-03-05,0.025003186964197344
2015-03-06,0.010730397967221084
2015-03-09,0.013774429962957191
2015-03-10,0.0016636945414210125
2015-03-11,-0.0009029980600909759
2015-03-12,0.007232723835216115
2015-03-13,0.003204439534076453
2015-03-16,0.012865897933846071
2015-03-17,0.011135519234347191
2015-03-18,0.02280674757820611
2015-03-19,0.020105924517333618
2015-03-20,0.02795010134455933
2015-03-23,0.027416053100216775
2015-03-24,0.024241097716745985
2015-03-25,0.011741574836096502
2015-03-26,0.01022228451187912
2015-03-27,0.011935826928420434
2015-03-30,0.01949892298120881
2015-03-31,0.012775728973661415
2015-04-01,0.012990226759472812
2015-04-02,0.014458133119058303
2015-04-06,0.021321915569313843
2015-04-07,0.01888038812756454
2015-04-08,0.021469154217328645
2015-04-09,0.023645459196229623
2015-04-10,0.02865446161658558
2015-04-13,0.024883648512119327
2015-04-14,0.024891015334376876
2015-04-15,0.029861391257988368
2015-04-16,0.028944273314724045
2015-04-17,0.020572241499770882
2015-04-20,0.026953356298000886
2015-04-21,0.027731573642246543
2015-04-22,0.029033305804732068
2015-04-23,0.0324585729599951
2015-04-24,0.03443467371048414
2015-04-27,0.033827859337845156
2015-04-28,0.0357840246478327
2015-04-29,0.030867334293884552
2015-04-30,0.02016744903336365
2015-05-01,0.027345141745205748
2015-05-04,0.03026277094155083
2015-05-05,0.020883482573984313
2015-05-06,0.01709797966509874
2015-05-07,0.01962712996915905
2015-05-08,0.030128620248299987
2015-05-11,0.025520282580712816
2015-05-12,0.02391830309112275
2015-05-13,0.026637522130670055
2015-05-14,0.03601327799820697
2015-05-15,0.03767076747990994
2015-05-18,0.03975213841744063
2015-05-19,0.03719862313704181
2015-05-20,0.03713202497299806
2015-05-21,0.03972808538024575
2015-05-22,0.03807120122909691
2015-05-26,0.028421655532291146
2015-05-27,0.036661077801977804
2015-05-28,0.0358115292494956
2015-05-29,0.03124028873377127
2015-06-01,0.032438920793958825
2015-06-02,0.03141736562547348
2015-06-03,0.03200986452066523
2015-06-04,0.02540731339837965
2015-06-05,0.02289609032119988
2015-06-08,0.018173834164588953
2015-06-09,0.017491245558616697
2015-06-10,0.02739898075520464
2015-06-11,0.02957582361835831
2015-06-12,0.023801720473198396
2015-06-15,0.021018069982035925
2015-06-16,0.02501169362894662
2015-06-17,0.02706414527864509
2015-06-18,0.03696147351094492
2015-06-19,0.033767472978149415
2015-06-22,0.03579949514318925
2015-06-23,0.03521000941150754
2015-06-24,0.030011858897677213
2015-06-25,0.02753416674918019
2015-06-26,0.02601020745475635
2015-06-29,0.011263456437092367
2015-06-30,0.012229245317519899
2015-07-01,0.017006628708484017
2015-07-02,0.016616133171791114
2015-07-06,0.015528386203227162
2015-07-07,0.018060986385598277
2015-07-08,0.006384861440266176
2015-07-09,0.007110917501257363
2015-07-10,0.016058898575225022
2015-07-13,0.024467462679267804
2015-07-14,0.028145201574121703
2015-07-15,0.02778250908897495
2015-07-16,0.03426082412429832
2015-07-17,0.036127230210381445
2015-07-20,0.033510715026112026
2015-07-21,0.03097711495232458
2015-07-22,0.027334841008842314
2015-07-23,0.023258705243100364
2015-07-24,0.016779058143326697
2015-07-27,0.011637643458135338
2015-07-28,0.019881822378219782
2015-07-29,0.02447892011969821
2015-07-30,0.024648677401553742
2015-07-31,0.024933933102040617
2015-08-03,0.0218555962313145
2015-08-04,0.020149484711017074
2015-08-05,0.022750225891573717
2015-08-06,0.015772337788808377
2015-08-07,0.014908553008283087
2015-08-10,0.024869016037056157
2015-08-11,0.018605030171791048
2015-08-12,0.02145652658357089
2015-08-13,0.01912265355561371
2015-08-14,0.021411802941190494
2015-08-17,0.026812990428086714
2015-08-18,0.02398228771099209
2015-08-19,0.02027514728725155
2015-08-20,0.00562465225846287
2015-08-21,-0.01733869888669104
2015-08-24,-0.04663736541918906
2015-08-25,-0.05532745038478515
2015-08-26,-0.030501375721598056
2015-08-27,-0.013069110267295292
2015-08-28,-0.011801327200560263
2015-08-31,-0.018263170162952758
2015-09-01,-0.038627671996300905
2015-09-02,-0.024924890239196085
2015-09-03,-0.02604557123667639
2015-09-04,-0.035895150859983294
2015-09-08,-0.018451053638278037
2015-09-09,-0.029138469763849262
2015-09-10,-0.024531843546157117
2015-09-11,-0.02109615593734593
2015-09-14,-0.023505331074527458
2015-09-15,-0.015856219067555966
2015-09-16,-0.00880343521953153
2015-09-17,-0.0076925305634221175
2015-09-18,-0.017584323140544256
2015-09-21,-0.01582626447899893
2015-09-22,-0.02593374189683484
2015-09-23,-0.026233832411288738
2015-09-24,-0.02618256647768391
2015-09-25,-0.02909337685296931
2015-09-28,-0.04843228348438522
2015-09-29,-0.049482270641176274
2015-09-30,-0.03716141301262432
2015-10-01,-0.035207535818407965
2015-10-02,-0.021463328543055327
2015-10-05,-0.010378560964265704
2015-10-06,-0.011588021528124215
2015-10-07,-0.006199591509115643
2015-10-08,-0.0015656630286643436
2015-10-09,0.0015674452971756736
2015-10-12,0.0031359528735965814
2015-10-13,-0.0009074950422289785
2015-10-14,-0.0011101762360554712
2015-10-15,0.009103175013218667
2015-10-16,0.01126776962805942
2015-10-19,0.01214766058533101
2015-10-20,0.011082474404545906
2015-10-21,0.005487936919605696
2015-10-22,0.018148427142895995
2015-10-23,0.02855371539020246
2015-10-26,0.027404241566704624
2015-10-27,0.026770819628209708
2015-10-28,0.03353792960867952
2015-10-29,0.031019992252207418
2015-10-30,0.027720530996568904
2015-11-02,0.03560732545541767
2015-11-03,0.03579020104287256
2015-11-04,0.03316866953994535
2015-11-05,0.03141610943811224
2015-11-06,0.029052312172433536
2015-11-09,0.021820790567537607
2015-11-10,0.022567891560686615
2015-11-11,0.019685523290652096
2015-11-12,0.009905076126159651
2015-11-13,0.00016682336774964668
2015-11-16,0.01113992347782089
2015-11-17,0.009421008963382382
2015-11-18,0.021782647998004778
2015-11-19,0.022809308851497345
2015-11-20,0.025685155064197884
2015-11-23,0.02365875792068506
2015-11-24,0.025290509893818536
2015-11-25,0.02502089330444157
2015-11-27,0.024734710217312106
2015-11-30,0.022544273552135063
2015-12-01,0.030775576973304686
2015-12-02,0.02179556059238541
2015-12-03,0.010499994657409806
2015-12-04,0.028585391545599803
2015-12-07,0.022762858583804002
2015-12-08,0.019345619224551136
2015-12-09,0.011720826667664497
2015-12-10,0.013934459802010357
2015-12-11,-0.00012896070036727547
2015-12-14,0.0015517336812920224
2015-12-15,0.007986331710281291
2015-12-16,0.01999300423356898
2015-12-17,0.0066501328016828065
2015-12-18,-0.004549381169478672
2015-12-21,0.0029410043982120992
2015-12-22,0.008296959023153194
2015-12-23,0.01622217763984235
2015-12-24,0.01627304901258464
2015-12-28,0.014051194174112602
2015-12-29,0.02234767938699922
2015-12-30,0.015813179896550178
2015-12-31,0.00830789712706359
2016-01-04,-0.001988303472548525
2016-01-05,-0.0007648528596465587
2016-01-06,-0.007184160812135243
2016-01-07,-0.024154476432008742
2016-01-08,-0.031752878937361007
2016-01-11,-0.032678120787614895
2016-01-12,-0.02685640223990715
2016-01-13,-0.04513267553304168
2016-01-14,-0.03540558176517883
2016-01-15,-0.05037428001263078
2016-01-19,-0.050021129492957894
2016-01-20,-0.0548846536137626
2016-01-21,-0.05212739823260715
2016-01-22,-0.03741313441211347
2016-01-25,-0.046778928460950886
2016-01-26,-0.03649610752135568
2016-01-27,-0.045972181331262796
2016-01-28,-0.04233268280307845
2016-01-29,-0.025334763098247448
2016-02-01,-0.024082332495841907
2016-02-02,-0.0368863214697408
2016-02-03,-0.033193811834905995
2016-02-04,-0.030689368797162886
2016-02-05,-0.04485874069422513
2016-02-08,-0.052161441753179494
2016-02-09,-0.05313209688424447
2016-02-10,-0.05141700657508863
2016-02-11,-0.05290156036798821
2016-02-12,-0.04174890134232756
2016-02-16,-0.033571558334499096
2016-02-17,-0.02065949340742501
2016-02-18,-0.021051305833150513
2016-02-19,-0.021693300196538368
2016-02-22,-0.013695495870408858
2016-02-23,-0.021054069445345602
2016-02-24,-0.016436034685791467
2016-02-25,-0.00789605652217229
2016-02-26,-0.010133464477720122
2016-02-29,-0.01404640885903663
2016-03-01,0.0022521955571039864
2016-03-02,0.005822499238645085
2016-03-03,0.0101303467724434
2016-03-04,0.01170551635727346
2016-03-07,0.011913075604840229
2016-03-08,0.004186746013687959
2016-03-09,0.00655388355743769
2016-03-10,0.008582169197386413
2016-03-11,0.01794335497768884
2016-03-14,0.01620429425305736
2016-03-15,0.014876505898228753
2016-03-16,0.023228008745229012
2016-03-17,0.02670930860144005
2016-03-18,0.029032147414507437
2016-03-21,0.02921192215826096
2016-03-22,0.029845988208933028
2016-03-23,0.02179054258756996
2016-03-24,0.021115084741800905
2016-03-28,0.02158781755364747
2016-03-29,0.032930820158472596
2016-03-30,0.03426954998952669
2016-03-31,0.033778367241964036
2016-04-01,0.03881953143108663
2016-04-04,0.03527034181416222
2016-04-05,0.029913093906394073
2016-04-06,0.03808150533777521
2016-04-07,0.031092679131099477
2016-04-08,0.032160173661546
2016-04-11,0.03186272029747217
2016-04-12,0.03838659193699678
2016-04-13,0.04534233910520857
2016-04-14,0.043337926083598655
2016-04-15,0.04363113538916408
2016-04-18,0.04827473566921947
2016-04-19,0.051028856483522844
2016-04-20,0.050610441550414054
2016-04-21,0.04791810323424284
2016-04-22,0.04367321850884931
2016-04-25,0.04273988310244148
2016-04-26,0.043220313223422124
2016-04-27,0.04389963068378222
2016-04-28,0.03936611457052286
2016-04-29,0.0380282767168032
2016-05-02,0.043386065881139135
2016-05-03,0.0367080541508209
2016-05-04,0.03162113607706574
2016-05-05,0.031570532803371076
2016-05-06,0.03568458519353679
2016-05-09,0.034004617545773774
2016-05-10,0.04365569933209135
2016-05-11,0.03807230397612282
2016-05-12,0.03630279967724981
2016-05-13,0.031541677589524975
2016-05-16,0.03899407402801813
2016-05-17,0.031919712422055824
2016-05-18,0.0295289889067476
2016-05-19,0.026526552731169994
2016-05-20,0.03202261693008013
2016-05-23,0.030712359555112423
2016-05-24,0.039191686632303435
2016-05-25,0.044000505058137795
2016-05-26,0.04443967827662387
2016-05-27,0.046752007269794005
2016-05-31,0.046888451137288456
2016-06-01,0.04812354972642208
2016-06-02,0.050324826698372904
2016-06-03,0.052357953296596316
2016-06-06,0.055751183458750075
2016-06-07,0.056171554334596197
2016-06-08,0.06055902897168863
2016-06-09,0.06024768335570818
2016-06-10,0.053238562556976454
2016-06-13,0.04824161616297462
2016-06-14,0.04727444126105573
2016-06-15,0.04741597395198216
2016-06-16,0.04836959551965814
2016-06-17,0.04573786950829217
2016-06-20,0.04937279686340701
2016-06-21,0.04859738697145222
2016-06-22,0.04724767182407685
2016-06-23,0.05619245594336353
2016-06-24,0.035335906363638925
2016-06-27,0.02314580182091075
2016-06-28,0.03547828887796145
2016-06-29,0.048707435728939874
2016-06-30,0.05941307078664515
2016-07-01,0.06409461635580183
2016-07-05,0.06055445442630414
2016-07-06,0.06659615077180225
2016-07-07,0.06597630577375568
2016-07-08,0.07874525470798077
2016-07-11,0.08010431454039879
2016-07-12,0.08244850348013721
2016-07-13,0.08343498488579826
2016-07-14,0.08649348917163202
2016-07-15,0.08437174487815358
2016-07-18,0.08748941474562999
2016-07-19,0.0864718760043861
2016-07-20,0.089136598432497
2016-07-21,0.08872785867130717
2016-07-22,0.091196312362686
2016-07-25,0.08853984367569456
2016-07-26,0.08971169786811539
2016-07-27,0.09309989316387846
2016-07-28,0.09395965477253232
2016-07-29,0.09746409882702833
2016-08-01,0.09761752904550103
2016-08-02,0.0931289760089915
2016-08-03,0.09495048140615325
2016-08-04,0.09668855741478621
2016-08-05,0.10029013931854691
2016-08-08,0.09961082691665935
2016-08-09,0.10152081005800118
2016-08-10,0.10033178403727372
2016-08-11,0.10258616991301195
2016-08-12,0.10225295146152558
2016-08-15,0.10516617135592465
2016-08-16,0.10150027771773318
2016-08-17,0.1031463603437317
2016-08-18,0.10556321592847184
2016-08-19,0.10304372393475503
2016-08-22,0.10325198799617041
2016-08-23,0.1049918648210475
2016-08-24,0.09897431930988088
2016-08-25,0.09795992862474923
2016-08-26,0.09646400169929614
2016-08-29,0.10062605899439947
2016-08-30,0.09747423937842625
2016-08-31,0.09517244381135903
2016-09-01,0.09658188265852008
2016-09-02,0.10119439525215679
2016-09-06,0.10704437211394424
2016-09-07,0.10690971388727633
2016-09-08,0.10295205092205184
2016-09-09,0.08183710613132633
2016-09-12,0.09345191227184735
2016-09-13,0.08153233315740582
2016-09-14,0.0830000658427652
2016-09-15,0.09112836695877391
2016-09-16,0.08851725422323731
2016-09-19,0.08818950229447031
2016-09-20,0.08865979186405282
2016-09-21,0.09974473648938331
2016-09-22,0.10591961230139413
2016-09-23,0.1013712832942153
2016-09-26,0.09509366484530357
2016-09-27,0.09977115520559576
2016-09-28,0.10278984425362503
2016-09-29,0.0956592712140163
2016-09-30,0.10096587200799378
2016-10-03,0.09859185999998576
2016-10-04,0.08999820638364842
2016-10-05,0.0927329633648537
2016-10-06,0.09168821172719976
2016-10-07,0.08937162518626107
2016-10-10,0.09403642215265196
2016-10-11,0.08260940843494935
2016-10-12,0.08350445626227665
2016-10-13,0.08134150396487216
2016-10-14,0.08065140352709466
2016-10-17,0.0789068122057579
2016-10-18,0.08526847549069805
2016-10-19,0.08780764325665635
2016-10-20,0.08595373328404343
2016-10-21,0.08704152577886082
2016-10-24,0.09150992754670462
2016-10-25,0.08972536080259763
2016-10-26,0.08596090957049984
2016-10-27,0.08314524906474863
2016-10-28,0.08066723148784782
2016-10-31,0.08120010785270604
2016-11-01,0.07627258730892938
2016-11-02,0.07222107281547041
2016-11-03,0.06836601084991445
2016-11-04,0.06754886855904108
2016-11-07,0.08203709790388913
2016-11-08,0.08504699364038881
2016-11-09,0.09082409140132541
2016-11-10,0.08666808066713205
2016-11-11,0.08264540452594393
2016-11-14,0.0798127239460642
2016-11-15,0.08845533177402998
2016-11-16,0.08850099291999824
2016-11-17,0.09167409521634129
2016-11-18,0.08813597016514207
2016-11-21,0.09517669798681228
2016-11-22,0.09724222747432942
2016-11-23,0.09399815817977686
2016-11-25,0.09627907911659728
2016-11-28,0.0944361949280863
2016-11-29,0.0957342192301589
2016-11-30,0.08965223046427462
2016-12-01,0.08313124215412993
2016-12-02,0.08496250197261457
2016-12-05,0.08982887064117584
2016-12-06,0.09246128797713005
2016-12-07,0.10363308657693704
2016-12-08,0.10512792930309733
2016-12-09,0.1085385909618175
2016-12-12,0.10692740336594508
2016-12-13,0.11319277862501664
2016-12-14,0.10481003465126237
2016-12-15,0.10581384132556515
2016-12-16,0.10485456438552654
2016-12-19,0.10817781226546974
2016-12-20,0.11058293556610188
2016-12-21,0.10897622977694943
2016-12-22,0.10675907763183434
2016-12-23,0.10828366754917496
2016-12-27,0.11145001678460242
2016-12-28,0.10540408312522587
2016-12-29,0.10706509161769828
2016-12-30,0.10231745710407214
2017-01-03,0.10980656119203869
2017-01-04,0.11550931120891406
2017-01-05,0.11862333728996388
2017-01-06,0.12099823790299125
2017-01-09,0.12088169912516267
2017-01-10,0.12197399197443315
2017-01-11,0.1248394801214141
2017-01-12,0.12340198361291943
2017-01-13,0.12565582654593244
2017-01-17,0.1249427960518763
2017-01-18,0.12484677443889791
2017-01-19,0.12197042912356792
2017-01-20,0.12511196317859552
2017-01-23,0.12488279244994027
2017-01-24,0.12976181741693726
2017-01-25,0.13578226817753158
2017-01-26,0.13413930831528242
2017-01-27,0.13396149457273854
2017-01-30,0.1287544124824609
2017-01-31,0.13055930585561693
2017-02-01,0.131468281344159
2017-02-02,0.13251567519066576
2017-02-03,0.1379849210540285
2017-02-06,0.13921109481134475
2017-02-07,0.13997179129267479
2017-02-08,0.14236213542253817
2017-02-09,0.1456121146992404
2017-02-10,0.14919881120430833
2017-02-13,0.15275326669120548
2017-02-14,0.1557919704291404
2017-02-15,0.16081756126729685
2017-02-16,0.16117975802212925
2017-02-17,0.16306057232432392
2017-02-21,0.1680761170359042
2017-02-22,0.16776285425880988
2017-02-23,0.16853976820328342
2017-02-24,0.17130981646163468
2017-02-27,0.17175919599166223
2017-02-28,0.16910858501593706
2017-03-01,0.17971457996660023
2017-03-02,0.1724567711657794
2017-03-03,0.17335488442750013
2017-03-06,0.169727597052163
2017-03-07,0.1660033387571569
2017-03-08,0.16378796550823815
2017-03-09,0.1634725242156123
2017-03-10,0.16731565830278639
2017-03-13,0.1677631223578575
2017-03-14,0.16404217904855933
2017-03-15,0.17452955113068458
2017-03-16,0.17351792911622033
2017-03-17,0.17313395900917627
2017-03-20,0.17323651448259159
2017-03-21,0.16269505889762592
2017-03-22,0.16602483389337563
2017-03-23,0.16467268899299659
2017-03-24,0.16498679653501447
2017-03-27,0.16571887892302528
2017-03-28,0.1708990448806187
2017-03-29,0.17335401437021347
2017-03-30,0.17471530836136173
2017-03-31,0.17353001380725264
2017-04-03,0.17338658587526035
2017-04-04,0.17424243222612468
2017-04-05,0.17130549315372234
2017-04-06,0.17291094950014352
2017-04-07,0.17212760117852777
2017-04-10,0.17289759007401684
2017-04-11,0.1737819662103237
2017-04-12,0.17116647620983394
2017-04-13,0.16686970335870632
2017-04-17,0.17389206892485243
2017-04-18,0.17300015060590468
2017-04-19,0.17084837921909513
2017-04-20,0.1780430076971895
2017-04-21,0.1763161867900831
2017-04-24,0.18496918134844642
2017-04-25,0.1886625104558417
2017-04-26,0.18892484958931033
2017-04-27,0.19048363309524374
2017-04-28,0.1897852317039359
2017-05-01,0.19197099265427653
2017-05-02,0.1927861199868992
2017-05-03,0.18895734858958324
2017-05-04,0.18823346261333573
2017-05-05,0.1922541254824306
2017-05-08,0.19177973855004482
2017-05-09,0.19123396476622423
2017-05-10,0.19262194220031725
2017-05-11,0.1915131469272804
2017-05-12,0.19170072183577713
2017-05-15,0.1963920504909351
2017-05-16,0.19754052948148892
2017-05-17,0.18293380878839027
2017-05-18,0.1861222112781793
2017-05-19,0.19227858994206315
2017-05-22,0.19804835460389314
2017-05-23,0.19847197133298833
2017-05-24,0.202087963139018
2017-05-25,0.20701462374245327
2017-05-26,0.2085524365071607
2017-05-30,0.20780701324075612
2017-05-31,0.20815165709567962
2017-06-01,0.2148679344850304
2017-06-02,0.22134398332463046
2017-06-05,0.22054450522006297
2017-06-06,0.2193736408021134
2017-06-07,0.22046427615852981
2017-06-08,0.2203157830093112
2017-06-09,0.21210047616464833
2017-06-12,0.21048440039809035
2017-06-13,0.21587658548992272
2017-06-14,0.21383843920072643
2017-06-15,0.21069340299650463
2017-06-16,0.20985854087612688
2017-06-19,0.21809392817083917
2017-06-20,0.21157944337029555
2017-06-21,0.21397072331758937
2017-06-22,0.21428172158511805
2017-06-23,0.2168784513969062
2017-06-26,0.21524076077694487
2017-06-27,0.20537701574421097
2017-06-28,0.21496309109919465
2017-06-29,0.2040898857059532
2017-06-30,0.204878311047898
2017-07-03,0.20165258883345172
2017-07-05,0.20578040026907907
2017-07-06,0.19688367332561363
2017-07-07,0.20245991937364605
2017-07-10,0.20490622875815623
2017-07-11,0.20548726178212995
2017-07-12,0.21410978241541612
2017-07-13,0.2154662910914884
2017-07-14,0.2215841511727099
2017-07-17,0.22244156902239398
2017-07-18,0.2257050712825035
2017-07-19,0.23090776767704013
2017-07-20,0.23185231603103618
2017-07-21,0.2323465102559512
2017-07-24,0.2333223975338381
2017-07-25,0.23352229319542195
2017-07-26,0.2356368038730876
2017-07-27,0.2329955409547202
2017-07-28,0.23317543204334346
2017-07-31,0.23181489682308487
2017-08-01,0.2344376052639694
2017-08-02,0.23473255131179283
2017-08-03,0.23293335546493776
2017-08-04,0.2333932970857464
2017-08-07,0.23613190187843958
2017-08-08,0.23410141243059646
2017-08-09,0.23524829462996744
2017-08-10,0.22142164774055728
2017-08-11,0.22507762002782972
2017-08-14,0.23390298035375068
2017-08-15,0.2324800505601754
2017-08-16,0.23534865809859085
2017-08-17,0.22055637408293127
2017-08-18,0.21900543120952154
2017-08-21,0.21997114421286024
2017-08-22,0.22978071300408875
2017-08-23,0.22758228901068223
2017-08-24,0.22477695790597263
2017-08-25,0.22659133591524627
2017-08-28,0.22966672875492145
2017-08-29,0.2311097760940115
2017-08-30,0.23719131465583487
2017-08-31,0.24585912716658997
2017-09-01,0.246685769268999
2017-09-05,0.24163340562154834
2017-09-06,0.2435801217047262
2017-09-07,0.2459762206902465
2017-09-08,0.24280254678650026
2017-09-11,0.25049151112674184
2017-09-12,0.2536979757360145
2017-09-13,0.253111295770466
2017-09-14,0.2521648504892462
2017-09-15,0.25338377714148974
2017-09-18,0.2532076563011083
2017-09-19,0.25437583467010927
2017-09-20,0.25291231737857967
2017-09-21,0.2484309119638486
2017-09-22,0.24925471457697368
2017-09-25,0.2471605743684524
2017-09-26,0.24650249068989383
2017-09-27,0.24995049905179179
2017-09-28,0.2511054748073167
2017-09-29,0.25459421061824417
2017-10-02,0.25713438670640687
2017-10-03,0.25929360247872046
2017-10-04,0.26070795478892994
2017-10-05,0.26634755989238723
2017-10-06,0.26641115500986645
2017-10-09,0.2661236027628211
2017-10-10,0.2685739538669356
2017-10-11,0.27090607834953206
2017-10-12,0.26969802741337046
2017-10-13,0.2727983484059995
2017-10-16,0.27335935156464974
2017-10-17,0.2732205774274459
2017-10-18,0.2729225726898592
2017-10-19,0.27306849950731404
2017-10-20,0.2762442811079755
2017-10-23,0.27207592770064726
2017-10-24,0.2729544663595782
2017-10-25,0.268249258941774
2017-10-26,0.2670641279449455
2017-10-27,0.28110293054735513
2017-10-30,0.2794554079428242
2017-10-31,0.2810372884346317
2017-11-01,0.2823957193302906
2017-11-02,0.2824092760368484
2017-11-03,0.2866293489541576
2017-11-06,0.2899652160370705
2017-11-07,0.2889447231478304
2017-11-08,0.2915518919608995
2017-11-09,0.2878359599117868
2017-11-10,0.285916665808553
2017-11-13,0.2870382219217924
2017-11-14,0.28500999192504217
2017-11-15,0.28036209700175285
2017-11-16,0.28967205394391593
2017-11-17,0.288563464382098
2017-11-20,0.28798647645004394
2017-11-21,0.29599892505433933
2017-11-22,0.29728555936228296
2017-11-24,0.29955038086698704
2017-11-27,0.29944155963218266
2017-11-28,0.30749037865444473
2017-11-29,0.3013593935229937
2017-11-30,0.30847273066030967
2017-12-01,0.3068303204854159
2017-12-04,0.3024946041399279
2017-12-05,0.2990773310575243
2017-12-06,0.30009666049806727
2017-12-07,0.301531865518476
2017-12-08,0.3066059856565626
2017-12-11,0.31006685602811523
2017-12-12,0.31101786573777424
2017-12-13,0.3130963044473567
2017-12-14,0.30949526380016357
2017-12-15,0.3191351916544065
2017-12-18,0.3266099397971449
2017-12-19,0.3216514259917713
2017-12-20,0.3211022309943181
2017-12-21,0.32303920277311815
2017-12-22,0.3232931650759674
2017-12-26,0.3221420978336016
2017-12-27,0.32353952955297705
2017-12-28,0.32602904503808894
2017-12-29,0.3227094055352644
2018-01-02,0.3338586096241416
2018-01-03,0.3409092368766826
2018-01-04,0.34513806769621347
2018-01-05,0.35240359741237337
2018-01-08,0.3549846543899009
2018-01-09,0.3555210514516858
2018-01-10,0.3540388161253929
2018-01-11,0.36230471949912046
2018-01-12,0.3709113885654478
2018-01-16,0.36753923705860236
2018-01-17,0.3765836359925683
2018-01-18,0.3746464332101864
2018-01-19,0.3795386439290842
2018-01-22,0.38905940934437844
2018-01-23,0.3943074347118496
2018-01-24,0.39353594850847196
2018-01-25,0.393276652889349
2018-01-26,0.4064093650187537
2018-01-29,0.3986379931014472
2018-01-30,0.3870620562643554
2018-01-31,0.389573599711466
2018-02-01,0.3864400209476746
2018-02-02,0.36123515436722475
2018-02-05,0.3194064387581168
2018-02-06,0.33837138768591424
2018-02-07,0.3299358737260365
2018-02-08,0.29061579968692675
2018-02-09,0.30508691959129686
2018-02-12,0.3209983569457129
2018-02-13,0.3253306031790002
2018-02-14,0.34246815864753377
2018-02-15,0.3574747094454229
2018-02-16,0.35638331531811707
2018-02-20,0.35008782528552285
2018-02-21,0.34428745349217116
2018-02-22,0.34600388766888
2018-02-23,0.3640124042043953
2018-02-26,0.37693933935474466
2018-02-27,0.3617447482688798
2018-02-28,0.35190468026021127
2018-03-01,0.33676555532636376
2018-03-02,0.3439513230466269
2018-03-05,0.35544879285680664
2018-03-06,0.3604187067732545
2018-03-07,0.36015024520178707
2018-03-08,0.3650470372106993
2018-03-09,0.38382970407849326
2018-03-12,0.3847170242458511
2018-03-13,0.37601295428968395
2018-03-14,0.3722165925262919
2018-03-15,0.37018883296749316
2018-03-16,0.369855548755863
2018-03-19,0.3535222600792878
2018-03-20,0.3548803874665907
2018-03-21,0.35483215998885864
2018-03-22,0.3284983603559666
2018-03-23,0.30721265839196876
2018-03-26,0.33762043213664694
2018-03-27,0.3153666464318208
2018-03-28,0.3082901231719024
2018-03-29,0.3232872584661324
2018-04-02,0.3006725507415682
2018-04-03,0.3116746729950812
2018-04-04,0.32407585748230305
2018-04-05,0.3303694978000846
2018-04-06,0.3081418205584847
2018-04-09,0.313908553509072
2018-04-10,0.33168318481947257
2018-04-11,0.3275323623920052
2018-04-12,0.33496245096634936
2018-04-13,0.33239379061899754
2018-04-16,0.3409176103349869
2018-04-17,0.35508978631202504
2018-04-18,0.35595213280017557
2018-04-19,0.348463703175222
2018-04-20,0.3362336518744018
2018-04-23,0.33418178026289436
2018-04-24,0.31893298258468894
2018-04-25,0.3196453200679994
2018-04-26,0.3325698642469679
2018-04-27,0.33421701926915715
2018-04-30,0.3256231076707172
2018-05-01,0.32876481202765584
2018-05-02,0.3222596685398398
2018-05-03,0.3212907046247795
2018-05-04,0.33651557572760527
2018-05-07,0.34156556189293563
2018-05-08,0.3412651847317012
2018-05-09,0.3511260514935277
2018-05-10,0.3623423950030169
2018-05-11,0.3641487418439653
2018-05-14,0.3642388871979445
2018-05-15,0.35294518952551446
2018-05-16,0.357882093535957
2018-05-17,0.35634576627603565
2018-05-18,0.3535125798488963
2018-05-21,0.3609774622839146
2018-05-22,0.3581822464382396
2018-05-23,0.3633152168465106
2018-05-24,0.3632315092419889
2018-05-25,0.3617118226707512
2018-05-29,0.3530480990920113
2018-05-30,0.3649192332143991
2018-05-31,0.3594233106527216
2018-06-01,0.3710652504402485
2018-06-04,0.37688003719434193
2018-06-05,0.37921939866506604
2018-06-06,0.38723201757127224
2018-06-07,0.38476046640850714
2018-06-08,0.38718865634417776
2018-06-11,0.3891617000910612
2018-06-12,0.39145653688599324
2018-06-13,0.38906520804013134
2018-06-14,0.39469644305759943
2018-06-15,0.39048592053655184
2018-06-18,0.388665197516485
2018-06-19,0.3848404071371021
2018-06-20,0.38746451003026583
2018-06-21,0.3796106344249155
2018-06-22,0.38071560717882713
2018-06-25,0.36272727900744317
2018-06-26,0.3652158620474397
2018-06-27,0.3542250842618022
2018-06-28,0.3606973325023253
2018-06-29,0.3628423879236844
2018-07-02,0.3650893192969733
2018-07-03,0.3608683105622339
2018-07-05,0.3715187930932229
2018-07-06,0.3826290570600548
2018-07-09,0.3925948382296838
2018-07-10,0.39507236007627
2018-07-11,0.3864164636407941
2018-07-12,0.3991772482002489
2018-07-13,0.3995900785796116
2018-07-16,0.3976771682687943
2018-07-17,0.4014135264302503
2018-07-18,0.4025081562938604
2018-07-19,0.39806857095823944
2018-07-20,0.39736977500606896
2018-07-23,0.398606158447242
2018-07-24,0.403466387816229
2018-07-25,0.4152835800730086
2018-07-26,0.4078908078510064
2018-07-27,0.39801925422274165
2018-07-30,0.3888678871410991
2018-07-31,0.39576250266798607
2018-08-01,0.3946399314879123
2018-08-02,0.4025939867707149
2018-08-03,0.40754598357722704
2018-08-06,0.4120170933140672
2018-08-07,0.41580200438165904
2018-08-08,0.4160024311828654
2018-08-09,0.41500639600862765
2018-08-10,0.4075976744225298
2018-08-13,0.4023125839401889
2018-08-14,0.40943680185205933
2018-08-15,0.3976314986920384
2018-08-16,0.40507223366503986
2018-08-17,0.40937281217371746
2018-08-20,0.4116188161603638
2018-08-21,0.41528555624963603
2018-08-22,0.4165986278215248
2018-08-23,0.4137259633880872
2018-08-24,0.42378120870405245
2018-08-27,0.43349374924625583
2018-08-28,0.4331219228457581
2018-08-29,0.44161119150775807
2018-08-30,0.4371656236852135
2018-08-31,0.4375920748451201
2018-09-04,0.43400234325649456
2018-09-05,0.4280554915860175
2018-09-06,0.42330241246972045
2018-09-07,0.4195637459586028
2018-09-10,0.4221463019301763
2018-09-11,0.4269554575875172
2018-09-12,0.42737883150992784
2018-09-13,0.4349720693147592
2018-09-14,0.4332813153172639
2018-09-17,0.42477671611098256
2018-09-18,0.4312083144657224
2018-09-19,0.43184783186369535
2018-09-20,0.442540309834178
2018-09-21,0.4392982335778284
2018-09-24,0.43705087054821123
2018-09-25,0.43687277353120213
2018-09-26,0.4341206423827866
2018-09-27,0.4379753165321101
2018-09-28,0.43886449990354093
2018-10-01,0.44137518846878265
2018-10-02,0.44167770873624024
2018-10-03,0.441340101216698
2018-10-04,0.4282500876544777
2018-10-05,0.4196751925406845
2018-10-08,0.416173625070938
2018-10-09,0.4162484263913755
2018-10-10,0.37696390835614424
2018-10-11,0.3596308968788089
2018-10-12,0.3776050933639168
2018-10-15,0.3707026962200195
2018-10-16,0.39630946350670926
2018-10-17,0.39614806956621273
2018-10-18,0.37763422510759814
2018-10-19,0.3764317536667101
2018-10-22,0.3741089064228551
2018-10-23,0.36979780797733497
2018-10-24,0.3332150994051326
2018-10-25,0.35622526502800667
2018-10-26,0.3359662121143987
2018-10-29,0.32532241688418195
2018-10-30,0.3404661585173523
2018-10-31,0.35412156430627895
2018-11-01,0.36826579728069575
2018-11-02,0.3589717155116967
2018-11-05,0.36223196011545444
2018-11-06,0.36881348991178786
2018-11-07,0.3946022121439201
2018-11-08,0.3906688467087327
2018-11-09,0.37670422997926134
2018-11-12,0.35229334294366677
2018-11-13,0.35113295462246397
2018-11-14,0.34470397992884405
2018-11-15,0.3580311532341065
2018-11-16,0.36026276249390166
2018-11-19,0.3377688494087767
2018-11-20,0.3186664904452188
2018-11-21,0.32401698191975603
2018-11-23,0.31717567089093035
2018-11-26,0.33516141755513273
2018-11-27,0.337500244513919
2018-11-28,0.3647117936840172
2018-11-29,0.36267269302965754
2018-11-30,0.36963481893181327
2018-12-03,0.3859258103466967
2018-12-04,0.34995188726528803
2018-12-06,0.3511346323492084
2018-12-07,0.32516790246641625
2018-12-10,0.3289775427203734
2018-12-11,0.3298178123479565
2018-12-12,0.3363221195016366
2018-12-13,0.3354867144385334
2018-12-14,0.31458549517346923
2018-12-17,0.2945958683134371
2018-12-18,0.2962053343424693
2018-12-19,0.2781188347072536
2018-12-20,0.264420278460924
2018-12-21,0.24121350349749626
2018-12-24,0.21850292928644643
2018-12-26,0.2665085508412335
2018-12-27,0.2746156417816461
2018-12-28,0.27450934809698246
2018-12-31,0.28374417491798964
2019-01-02,0.2859113999385803
2019-01-03,0.26218420594214153
2019-01-04,0.2949083992981625
2019-01-07,0.3045002851520018
2019-01-08,0.3134422651913127
2019-01-09,0.3202066031287998
2019-01-10,0.32280078852887195
2019-01-11,0.32262830473028714
2019-01-14,0.3157867289747289
2019-01-15,0.3292160800541193
2019-01-16,0.3315808603496393
2019-01-17,0.3392060677012787
2019-01-18,0.35063671677462027
2019-01-22,0.33538312872286613
2019-01-23,0.33705611905076127
2019-01-24,0.3397544651462192
2019-01-25,0.3514755363067259
2019-01-28,0.34280088811333576
2019-01-29,0.34027450647994306
2019-01-30,0.360035492064785
2019-01-31,0.37187089650906824
2019-02-01,0.37053458968638786
2019-02-04,0.37881481528219263
2019-02-05,0.38534765896594525
2019-02-06,0.38253370485161664
2019-02-07,0.371624822051154
2019-02-08,0.3738582624780291
2019-02-11,0.3736617172114616
2019-02-12,0.38810200235304304
2019-02-13,0.3900481771796529
2019-02-14,0.3898138923352028
2019-02-15,0.4005754117119933
2019-02-19,0.404844708626136
2019-02-20,0.406126937004448
2019-02-21,0.400314397898345
2019-02-22,0.40840965369904003
2019-02-25,0.4103898484400168
2019-02-26,0.41028552081503555
2019-02-27,0.4086264362283072
2019-02-28,0.40542470466322733
2019-03-01,0.40973790237487484
2019-03-04,0.40652752756628563
2019-03-05,0.4058215165460355
2019-03-06,0.39896534541087947
2019-03-07,0.3891923493765215
2019-03-08,0.38883441185561507
2019-03-11,0.4056408531972624
2019-03-12,0.4114140913436084
2019-03-13,0.4197989767374284
2019-03-14,0.4169936355157735
2019-03-15,0.42463820501435356
2019-03-18,0.428310108117989
2019-03-19,0.42970102621081807
2019-03-20,0.42978008002055135
2019-03-21,0.4433571654782711
2019-03-22,0.4215196060740769
2019-03-25,0.42161585869063734
2019-03-26,0.42847214617066287
2019-03-27,0.42203199731107777
2019-03-28,0.42410691532373335
2019-03-29,0.43159485764915995
2019-04-01,0.44405607608915365
2019-04-02,0.4460657887038868
2019-04-03,0.4489258305620394
2019-04-04,0.4513842448714722
2019-04-05,0.45705763719955694
2019-04-08,0.45893553444922097
2019-04-09,0.45427236799716364
2019-04-10,0.4597631224860055
2019-04-11,0.4567960382892451
2019-04-12,0.46333488975228443
2019-04-15,0.46258289552997733
2019-04-16,0.46260932099081975
2019-04-17,0.46106245187400785
2019-04-18,0.46332846043361453
2019-04-22,0.46462121380724186
2019-04-23,0.47653036572350516
2019-04-24,0.47470475453275274
2019-04-25,0.4752707048776019
2019-04-26,0.4809752354768313
2019-04-29,0.4819462817964437
2019-04-30,0.48042496639703014
2019-05-01,0.47213130887032495
2019-05-02,0.46815222158749825
2019-05-03,0.482867255981984
2019-05-06,0.47802024946036337
2019-05-07,0.45812681957369294
2019-05-08,0.4556487969383196
2019-05-09,0.45188289223842926
2019-05-10,0.45657841436736923
2019-05-13,0.42641830512715795
2019-05-14,0.43697383506904397
2019-05-15,0.4462989691151533
2019-05-16,0.4557803256566082
2019-05-17,0.44612592719842525
2019-05-20,0.43506380471529127
2019-05-21,0.4454672415616274
2019-05-22,0.4415931917761031
2019-05-23,0.42830754684469796
2019-05-24,0.43019459992976117
2019-05-28,0.4214168044216622
2019-05-29,0.41346551949568466
2019-05-30,0.4181051336993342
2019-05-31,0.4050262892446064
2019-06-03,0.39912783535377194
2019-06-04,0.42443173671071
2019-06-05,0.4337737660552907
2019-06-06,0.44165175202719165
2019-06-07,0.45672744202852567
2019-06-10,0.46262330766754833
2019-06-11,0.462362217976811
2019-06-12,0.46021951137289396
2019-06-13,0.4667755734458632
2019-06-14,0.46422668498173225
2019-06-17,0.4664089893091323
2019-06-18,0.4809434716412424
2019-06-19,0.4858059132489114
2019-06-20,0.500602677385134
2019-06-21,0.4997772054760523
2019-06-24,0.5000524133638053
2019-06-25,0.48663729345398554
2019-06-26,0.48524630791485523
2019-06-27,0.49047320066997724
2019-06-28,0.49628570942524486
2019-07-01,0.5049010638890199
2019-07-02,0.5117643050827076
2019-07-03,0.5215277776993246
2019-07-05,0.5175384739880111
2019-07-08,0.509564334882844
2019-07-09,0.5126673503552095
2019-07-10,0.522282336567238
2019-07-11,0.5219866823332509
2019-07-12,0.5290086213015415
2019-07-15,0.5303388680740517
2019-07-16,0.5245229094404735
2019-07-17,0.5199801278915752
2019-07-18,0.5259551754883036
2019-07-19,0.5162783241564235
2019-07-22,0.5211285630420333
2019-07-23,0.5283517516564058
2019-07-24,0.5360795296568781
2019-07-25,0.5273564533330097
2019-07-26,0.5369730953517347
2019-07-29,0.5351681244153323
2019-07-30,0.5324529926216428
2019-07-31,0.51659418192996
2019-08-01,0.5121078563075503
2019-08-02,0.5003437982469212
2019-08-05,0.4664833910102346
2019-08-06,0.48379319421529865
2019-08-07,0.48842871442846025
2019-08-08,0.5124547360073615
2019-08-09,0.5027018963001415
2019-08-12,0.4910072573451074
2019-08-13,0.5093376917043293
2019-08-14,0.47653038089892275
2019-08-15,0.4800919165612971
2019-08-16,0.4961707775555442
2019-08-19,0.5088222029959422
2019-08-20,0.5015259464310753
2019-08-21,0.5107055667683251
2019-08-22,0.5085151604539835
2019-08-23,0.48043650645917957
2019-08-26,0.4939320088708681
2019-08-27,0.4919498969687772
2019-08-28,0.4985752887809922
2019-08-29,0.5129728989615945
2019-08-30,0.5114305200822904
2019-09-03,0.5055740666894222
2019-09-04,0.5208861711521691
2019-09-05,0.5330174102492955
2019-09-06,0.5320767704084588
2019-09-09,0.5304284401344699
2019-09-10,0.5273557384022161
2019-09-11,0.5376733768086908
2019-09-12,0.5419027286508988
2019-09-13,0.5377312221289858
2019-09-16,0.535629521190091
2019-09-17,0.540093255673886
2019-09-18,0.5394273414797484
2019-09-19,0.5406400664445887
2019-09-20,0.5356330486316481
2019-09-23,0.5367937724981997
2019-09-24,0.526735866425649
2019-09-25,0.5317090767800718
2019-09-26,0.5287083267620261
2019-09-27,0.5192778163009506
2019-09-30,0.524017773739333
2019-10-01,0.5117966860519534
2019-10-02,0.4938004548602164
2019-10-03,0.5054207140341962
2019-10-04,0.5217319174194164
2019-10-07,0.5153401359886387
2019-10-08,0.4985360384059607
2019-10-09,0.5094601977936639
2019-10-10,0.515647431454227
2019-10-11,0.5272141483819337
2019-10-14,0.5271895136203901
2019-10-15,0.5382941357041198
2019-10-16,0.5370920807441422
2019-10-17,0.5408436193818595
2019-10-18,0.5338812928269576
2019-10-21,0.5414255663032155
2019-10-22,0.5367962309158814
2019-10-23,0.5401783358106389
2019-10-24,0.5462197505678292
2019-10-25,0.5524768720857813
2019-10-28,0.5590977416234952
2019-10-29,0.5558772515558712
2019-10-30,0.5614590939607524
2019-10-31,0.5614429810393762
2019-11-01,0.5730676309675693
2019-11-04,0.5776729082592358
2019-11-05,0.5737530472597228
2019-11-06,0.5740578472121638
2019-11-07,0.5749698088856952
2019-11-08,0.5774976288114628
2019-11-11,0.5750421450438206
2019-11-12,0.5783341450523796
2019-11-13,0.5796800663453079
2019-11-14,0.581762275303132
2019-11-15,0.59047506943837
2019-11-18,0.5920842909745601
2019-11-19,0.5927767688944579
2019-11-20,0.5880573218762952
2019-11-21,0.5844254970510394
2019-11-22,0.5864814693976648
2019-11-25,0.5975174682421545
2019-11-26,0.6012495283880614
2019-11-27,0.6067634085274554
2019-11-29,0.6024645836226112
2019-12-02,0.5903772318337295
2019-12-03,0.5842352242904914
2019-12-04,0.5910518432284175
2019-12-05,0.5931600055229753
2019-12-06,0.6033327254341994
2019-12-09,0.598849677702032
2019-12-10,0.5979072100664307
2019-12-11,0.6038707850473108
2019-12-12,0.6128463229938248
2019-12-13,0.6158966797664638
2019-12-16,0.6254110091184584
2019-12-17,0.6258518347713258
2019-12-18,0.6260605035105489
2019-12-19,0.632719041807529
2019-12-20,0.6386936375140388
2019-12-23,0.6411696249572709
2019-12-24,0.643075974429131
2019-12-26,0.6525354463319772
2019-12-27,0.652003234313187
2019-12-30,0.6446895799749044
2019-12-31,0.647821577122931
2020-01-02,0.6637904331997861
2020-01-03,0.6563306497051449
2020-01-06,0.6636432586257577
2020-01-07,0.6615408663622746
2020-01-08,0.6677184417124942
2020-01-09,0.6764483975590934
2020-01-10,0.6740112794192905
2020-01-13,0.6835448714349313
2020-01-14,0.6810126034255939
2020-01-15,0.6846224845967275
2020-01-16,0.6959388543433336
2020-01-17,0.7009225694591814
2020-01-21,0.6994276727759803
2020-01-22,0.7009016577334688
2020-01-23,0.7039295380262052
2020-01-24,0.6931078464317257
2020-01-27,0.6718465667734224
2020-01-28,0.685458248811385
2020-01-29,0.6867369598650852
2020-01-30,0.69099584307031
2020-01-31,0.6691102905642807
2020-02-03,0.6809251390620907
2020-02-04,0.7015444007508007
2020-02-05,0.7133553946924924
2020-02-06,0.7208639148844405
2020-02-07,0.7148380970844217
2020-02-10,0.7274982534485206
2020-02-11,0.7287154298692453
2020-02-12,0.7384983641160978
2020-02-13,0.7382394074146386
2020-02-14,0.7418568391992009
2020-02-18,0.7419289089444363
2020-02-19,0.7515276035023899
2020-02-20,0.7451868384539024
2020-02-21,0.7303251437634353
2020-02-24,0.6849379612986615
2020-02-25,0.642991990294774
2020-02-26,0.6416023604262995
2020-02-27,0.5826572202748499
2020-02-28,0.5736043113038196
2020-03-02,0.6295858002752439
2020-03-03,0.598955693170703
2020-03-04,0.6505526667115038
2020-03-05,0.6131450865023009
2020-03-06,0.593220680215609
2020-03-09,0.49981124225199447
2020-03-10,0.5525026669237068
2020-03-11,0.4915128112133158
2020-03-12,0.36693739010605286
2020-03-13,0.4582221987606516
2020-03-16,0.33175311145848463
2020-03-17,0.3889080328657799
2020-03-18,0.3329420835221708
2020-03-19,0.3343173810516229
2020-03-20,0.29801693525028794
2020-03-23,0.291272386057597
2020-03-24,0.38198944860957496
2020-03-25,0.3902667234296986
2020-03-26,0.45249414120537734
2020-03-27,0.41778280108087484
2020-03-30,0.4538985080906821
2020-03-31,0.4326578181020029
2020-04-01,0.38704332474033176
2020-04-02,0.4131094418065362
2020-04-03,0.3980780859451929
2020-04-06,0.4751884878363386
2020-04-07,0.4751198882033041
2020-04-08,0.5076574728190941
2020-04-09,0.5278153276161004
2020-04-13,0.5257388263015221
2020-04-14,0.5662827623759719
2020-04-15,0.5438898889086408
2020-04-16,0.5542587814456177
2020-04-17,0.5764514287644888
2020-04-20,0.5585881814449907
2020-04-21,0.5189603212684508
2020-04-22,0.5505080555358308
2020-04-23,0.5518235922700314
2020-04-24,0.5683139684407661
2020-04-27,0.5822057010109141
2020-04-28,0.5715638145110236
2020-04-29,0.6080339720679608
2020-04-30,0.5954637351127319
2020-05-01,0.5630281883199946
2020-05-04,0.5706388053505089
2020-05-05,0.5830861686340616
2020-05-06,0.5768556749158558
2020-05-07,0.5953322384314363
2020-05-08,0.6134882937510073
2020-05-11,0.6153740957071816
2020-05-12,0.5910485754551205
2020-05-13,0.5726790660812506
2020-05-14,0.5886301601746631
2020-05-15,0.5964324899442581
2020-05-18,0.6281531430388663
2020-05-19,0.6201438677830462
2020-05-20,0.6438083029961417
2020-05-21,0.6312650479337407
2020-05-22,0.6356382020349132
2020-05-26,0.6430670377942111
2020-05-27,0.6589735869779416
2020-05-28,0.6570257614031079
2020-05-29,0.66830379804438
2020-06-01,0.674554185049149
2020-06-02,0.6834709266825201
2020-06-03,0.6942509027396564
2020-06-04,0.6902403197202882
2020-06-05,0.7180920607513723
2020-06-08,0.7351778309497814
2020-06-09,0.7323844142341931
2020-06-10,0.7349065956491736
2020-06-11,0.6578545955103086
2020-06-12,0.672595992977808
2020-06-15,0.6863253148544677
2020-06-16,0.71040266644096
2020-06-17,0.7080676552566685
2020-06-18,0.7095404025745284
2020-06-19,0.7062866749696324
2020-06-22,0.7184006242074248
2020-06-23,0.7274749069113315
2020-06-24,0.6940486009312745
2020-06-25,0.7081353477369507
2020-06-26,0.6779059829484251
2020-06-29,0.6956660340546459
2020-06-30,0.7169203229038208
2020-07-01,0.7271375607462067
2020-07-02,0.7353817413524488
2020-07-06,0.7613748309359396
2020-07-07,0.7501803568896415
2020-07-08,0.7642659469912505
2020-07-09,0.7625578221988598
2020-07-10,0.7745672600205
2020-07-13,0.7568328182748763
2020-07-14,0.7732000627918321
2020-07-15,0.7839121170512617
2020-07-16,0.7757328804885248
2020-07-17,0.7810067327309145
2020-07-20,0.8022639318879903
2020-07-21,0.8021642428823796
2020-07-22,0.8122624514922618
2020-07-23,0.7910826874336883
2020-07-24,0.7819775379299998
2020-07-27,0.8008580575778519
2020-07-28,0.790605407054978
2020-07-29,0.8094849453591462
2020-07-30,0.8073679981838464
2020-07-31,0.8241870519838337
2020-08-03,0.837736406894781
2020-08-04,0.8480222072747354
2020-08-05,0.8572478866911311
2020-08-06,0.8725161847811951
2020-08-07,0.8642187654370357
2020-08-10,0.8641801052171405
2020-08-11,0.8353199711632664
2020-08-12,0.8588526601437516
2020-08-13,0.8624639745487874
2020-08-14,0.8607514792360735
2020-08-17,0.8742827922614278
2020-08-18,0.8828942179781532
2020-08-19,0.8687079743888251
2020-08-20,0.8800096981711076
2020-08-21,0.8853495702255079
2020-08-24,0.8970140134714577
2020-08-25,0.9041924818157647
2020-08-26,0.926778578819325
2020-08-27,0.9244857991365818
2020-08-28,0.9374781521407025
2020-08-31,0.9392403553774618
2020-09-01,0.9582006471381554
2020-09-02,0.9755381100713756
2020-09-03,0.9111286999074402
2020-09-04,0.8955187795567503
2020-09-08,0.8441815113713529
2020-09-09,0.8789659464248702
2020-09-10,0.8517299631459752
2020-09-11,0.8491456872937189
2020-09-14,0.8725647832135841
2020-09-15,0.8841247622557926
2020-09-16,0.8732620059807772
2020-09-17,0.8561554791831485
2020-09-18,0.8394006544958725
2020-09-21,0.825290328463268
2020-09-22,0.8427261517099636
2020-09-23,0.8007090619536887
2020-09-24,0.805948499720849
2020-09-25,0.8314552306534766
2020-09-28,0.8599321955251344
2020-09-29,0.8541137447507239
2020-09-30,0.8633298130691869
2020-10-01,0.8798100470023662
2020-10-02,0.8569352629677414
2020-10-05,0.8848887501166252
2020-10-06,0.8604842569903923
2020-10-07,0.8856618938128569
2020-10-08,0.8982168305746399
2020-10-09,0.9181671294963942
2020-10-12,0.9491809284919863
2020-10-13,0.9397378831358174
2020-10-14,0.9295743426661978
2020-10-15,0.9260638132691685
2020-10-16,0.9214902053882692
2020-10-19,0.8979126646174311
2020-10-20,0.903490483850441
2020-10-21,0.9019548158781145
2020-10-22,0.9057649248838655
2020-10-23,0.9102117876753948
2020-10-26,0.8841576254660926
2020-10-27,0.8852109545871121
2020-10-28,0.828783692776621
2020-10-29,0.845353879841821
2020-10-30,0.8236121295947563
2020-11-02,0.8374688069498126
2020-11-03,0.8643788458608146
2020-11-04,0.9087817237493014
2020-11-05,0.946657337449309
2020-11-06,0.946545747543837
2020-11-09,0.9392839594112408
2020-11-10,0.9290988900822519
2020-11-11,0.9472978446217537
2020-11-12,0.9364183414301297
2020-11-13,0.956824526763828
2020-11-16,0.9740481066173325
2020-11-17,0.9673197377923193
2020-11-18,0.9502708371145066
2020-11-19,0.9591229179788379
2020-11-20,0.9496831808637469
2020-11-23,0.9528258817397868
2020-11-24,0.9736982221847992
2020-11-25,0.9753403406544399
2020-11-27,0.9818029069784138
2020-11-30,0.9758692882722482
2020-12-01,0.9981539171706508
2020-12-02,1.0017670189026706
2020-12-03,1.0048661359788218
2020-12-04,1.015873706207321
2020-12-07,1.0199991738839786
2020-12-08,1.0262473924901614
2020-12-09,1.0004185919796496
2020-12-10,1.0027919025461243
2020-12-11,1.0008105325533476
2020-12-14,0.9990934610090918
2020-12-15,1.0222333933156333
2020-12-16,1.0276615087383165
2020-12-17,1.0401917702707757
2020-12-18,1.0341409130314054
2020-12-21,1.0288166008387112
2020-12-22,1.0278323771979858
2020-12-23,1.027504658992369
2020-12-24,1.0344701993635272
2020-12-28,1.047789876012402
2020-12-29,1.0460938814372969
2020-12-30,1.049782877119835
2020-12-31,1.0576175271570043
2021-01-04,1.0386035110450238
2021-01-05,1.0512972084547507
2021-01-06,1.0475088171580125
2021-01-07,1.0765334459960845
2021-01-08,1.0827034268927798
2021-01-11,1.066768361412867
2021-01-12,1.0685593439863834
2021-01-13,1.0743732387631422
2021-01-14,1.0680549198437213
2021-01-15,1.0527220014523988
2021-01-19,1.0717522856122486
2021-01-20,1.1028115501595352
2021-01-21,1.1072963885910014
2021-01-22,1.1008530646967838
2021-01-25,1.1102202700594757
2021-01-26,1.1079681031670496
2021-01-27,1.0629426992900401
2021-01-28,1.0756433301795387
2021-01-29,1.041948220338035
2021-02-01,1.0759978818961207
2021-02-02,1.0985439259136642
2021-02-03,1.0968633158398817
2021-02-04,1.1130131843001192
2021-02-05,1.1217152679627134
2021-02-08,1.136747642263206
2021-02-09,1.1367703952729435
2021-02-10,1.1359648200227404
2021-02-11,1.139434085772645
2021-02-12,1.1474766120549975
2021-02-16,1.1409118645845808
2021-02-17,1.1358415214393656
2021-02-18,1.1275991618832584
2021-02-19,1.1246566483740552
2021-02-22,1.1024258955811166
2021-02-23,1.1012163304754914
2021-02-24,1.1184897598902737
2021-02-25,1.0646464164666423
2021-02-26,1.0586010190053612
2021-03-01,1.1026097778046182
2021-03-02,1.0848814332046306
2021-03-03,1.0505742481789881
2021-03-04,1.0240330528558097
2021-03-05,1.0526516853109968
2021-03-08,1.029266019150362
2021-03-09,1.0707432619665416
2021-03-10,1.0781030158517506
2021-03-11,1.103252595012882
2021-03-12,1.0994999064157276
2021-03-15,1.1137719787957527
2021-03-16,1.1143369832062269
2021-03-17,1.1220369160012145
2021-03-18,1.0844597926521629
2021-03-19,1.0862439968724003
2021-03-22,1.1050183729036092
2021-03-23,1.0910562196502922
2021-03-24,1.0756074318856812
2021-03-25,1.0811416909250076
2021-03-26,1.1083843716216202
2021-03-29,1.1036448458395656
2021-03-30,1.0958216212058334
2021-03-31,1.1122216850929934
2021-04-01,1.137990465139994
2021-04-05,1.1650865378115087
2021-04-06,1.1664585338445126
2021-04-07,1.1677310027430292
2021-04-08,1.1822704929630095
2021-04-09,1.192631384682497
2021-04-12,1.1911577909135556
2021-04-13,1.2032808420297063
2021-04-14,1.1915611400291155
2021-04-15,1.21733433780885
2021-04-16,1.22248540068744
2021-04-19,1.2096541465462476
2021-04-20,1.1964687757171166
2021-04-21,1.2161745784244067
2021-04-22,1.1971022246341319
2021-04-23,1.2176600258807984
2021-04-26,1.2250508185538576
2021-04-27,1.2211843311848645
2021-04-28,1.2195423071400455
2021-04-29,1.2277238942063824
2021-04-30,1.2149129717527116
2021-05-03,1.2168065806182597
2021-05-04,1.1970014902108512
2021-05-05,1.196168046148958
2021-05-06,1.212460715290586
2021-05-07,1.228465328024066
2021-05-10,1.200766352865387
2021-05-11,1.1887482819171828
2021-05-12,1.144703786695191
2021-05-13,1.1643567755762616
2021-05-14,1.198278211598664
2021-05-17,1.193892306774234
2021-05-18,1.1798351081931497
2021-05-19,1.1770291970502487
2021-05-20,1.202610314508561
2021-05-21,1.1987026275664294
2021-05-24,1.2214180595973292
2021-05-25,1.221446882774182
2021-05-26,1.2261753102673603
2021-05-27,1.2250323146611009
2021-05-28,1.2297777318775722
2021-06-01,1.2267359947422372
2021-06-02,1.2309098214169145
2021-06-03,1.2157283132273409
2021-06-04,1.2395624129836276
2021-06-07,1.2414138004645725
2021-06-08,1.2424591945282462
2021-06-09,1.2401613867237424
2021-06-10,1.2532523731988587
2021-06-11,1.255165318918984
2021-06-14,1.261719140088593
2021-06-15,1.254455311705383
2021-06-16,1.2416086798074981
2021-06-17,1.2431960251358674
2021-06-18,1.2213961631556178
2021-06-21,1.2443977192581333
2021-06-22,1.2563615802416814
2021-06-23,1.2551764981434217
2021-06-24,1.2667816695798044
2021-06-25,1.270948235660149
2021-06-28,1.2809894420285022
2021-06-29,1.2818362404580492
2021-06-30,1.282656970892151
2021-07-01,1.2906484234628572
2021-07-02,1.3082712651860637
2021-07-06,1.3100087965658136
2021-07-07,1.3161440999467042
2021-07-08,1.301627686478708
2021-07-09,1.319987628594741
2021-07-12,1.3264976467639822
2021-07-13,1.320715623736894
2021-07-14,1.3252662088228506
2021-07-15,1.3168562418357412
2021-07-16,1.2995229470839402
2021-07-19,1.2768074880745202
2021-07-20,1.3030379717769502
2021-07-21,1.3173788393842836
2021-07-22,1.3245062036661088
2021-07-23,1.3444135595278364
2021-07-26,1.3474394231761648
2021-07-27,1.334847643872306
2021-07-28,1.3386472177657969
2021-07-29,1.3471147838942015
2021-07-30,1.3357157924285246
2021-08-02,1.3335081367226298
2021-08-03,1.347570811943378
2021-08-04,1.342150624833411
2021-08-05,1.3537014547848503
2021-08-06,1.3473561607172315
2021-08-09,1.3440232578992597
2021-08-10,1.3419549091563492
2021-08-11,1.3465807474529616
2021-08-12,1.3528467887442583
2021-08-13,1.3603418635160458
2021-08-16,1.364050745740517
2021-08-17,1.3487706816431944
2021-08-18,1.3285620836214185
2021-08-19,1.3325434927431665
2021-08-20,1.3500608889189483
2021-08-23,1.3739406397042582
2021-08-24,1.3784102588778397
2021-08-25,1.3807033184627335
2021-08-26,1.3685039282504765
2021-08-27,1.3909072761283965
2021-08-30,1.4031689226490527
2021-08-31,1.4005632089899338
2021-09-01,1.4029455641054103
2021-09-02,1.4067479235311438
2021-09-03,1.409971452054641
2021-09-07,1.4014093565626737
2021-09-08,1.3968250247198704
2021-09-09,1.3906099964385485
2021-09-10,1.373527706469286
2021-09-13,1.3773146375536012
2021-09-14,1.3695932669517505
2021-09-15,1.3842730758292343
2021-09-16,1.3783008508602146
2021-09-17,1.3576486011855473
2021-09-20,1.3236183405560258
2021-09-21,1.3246746305696715
2021-09-22,1.3430435396714602
2021-09-23,1.361907349498169
2021-09-24,1.3638901257463276
2021-09-27,1.355358350739102
2021-09-28,1.3073454129467832
2021-09-29,1.3073398486269276
2021-09-30,1.29270741740378
2021-10-01,1.3138500455288669
2021-10-04,1.2836670669340484
2021-10-05,1.303608496667184
2021-10-06,1.3135793767771902
2021-10-07,1.329550849770535
2021-10-08,1.3234531443302942
2021-10-11,1.3084560511900025
2021-10-12,1.305316473077712
2021-10-13,1.3191198240146593
2021-10-14,1.353447647608494
2021-10-15,1.3635009167478316
2021-10-18,1.3736053236728019
2021-10-19,1.388782552394559
2021-10-20,1.3946763541767622
2021-10-21,1.4018073807927474
2021-10-22,1.3960873139380174
2021-10-25,1.411753417057676
2021-10-26,1.4134852222464467
2021-10-27,1.4090069699463008
2021-10-28,1.4296887644732448
2021-10-29,1.433904390993142
2021-11-01,1.4408152020631242
2021-11-02,1.4487954045907765
2021-11-03,1.4629997102995884
2021-11-04,1.4808537174758105
2021-11-05,1.4896054213822585
2021-11-08,1.4904925392107122
2021-11-09,1.482746402327031
2021-11-10,1.4612817552087853
2021-11-11,1.4647401823380743
2021-11-12,1.4827520678163388
2021-11-15,1.4818333851188843
2021-11-16,1.4908998373072122
2021-11-17,1.489193877541093
2021-11-18,1.499882038948293
2021-11-19,1.499645329409312
2021-11-22,1.4814630138723368
2021-11-23,1.477382819525415
2021-11-24,1.4839570937858877
2021-11-26,1.4406317582405812
2021-11-29,1.4707353592834203
2021-11-30,1.4321907389763613
2021-12-01,1.4049307414418943
2021-12-02,1.4299851808504362
2021-12-03,1.407338493462119
2021-12-06,1.4282875102347443
2021-12-07,1.47746906648318
2021-12-08,1.484518762976763
2021-12-09,1.4625533000929747
2021-12-10,1.4828582721346533
2021-12-13,1.4614100819139209
2021-12-14,1.4424294618380205
2021-12-15,1.479921225148169
2021-12-16,1.4512693214325592
2021-12-17,1.4356018525253003
2021-12-20,1.4117580877140394
2021-12-21,1.4513960800111896
2021-12-22,1.4754701435904942
2021-12-23,1.489823957515359
2021-12-27,1.5213691794080164
2021-12-28,1.5155788672305008
2021-12-29,1.5163094624275684
2021-12-30,1.5125443738279234
2021-12-31,1.5055475552345454
2022-01-03,1.51649939795661
2022-01-04,1.5076944283337244
2022-01-05,1.4566288203606326
2022-01-06,1.4526440355515051
2022-01-07,1.4399391892681765
2022-01-10,1.4388013128361843
2022-01-11,1.4644587289228221
2022-01-12,1.4708506418738874
2022-01-13,1.433852008823251
2022-01-14,1.4368630578915025
2022-01-18,1.3934466934456702
2022-01-19,1.375501799006154
2022-01-20,1.3516820180996296
2022-01-21,1.3079574375461962
2022-01-24,1.3179868104609893
2022-01-25,1.2872832813128725
2022-01-26,1.2783651941257905
2022-01-27,1.2631200200001214
2022-01-28,1.3134409128929723
2022-01-31,1.3591121926680079
2022-02-01,1.372991053111556
2022-02-02,1.3910172743011584
2022-02-03,1.3316867190056598
2022-02-04,1.3456251446501852
2022-02-07,1.3381543943869554
2022-02-08,1.356490335736677
2022-02-09,1.3909900023892345
2022-02-10,1.3498653182514344
2022-02-11,1.3084577474644798
2022-02-14,1.30464532842291
2022-02-15,1.3393790168793425
2022-02-16,1.3428753184791162
2022-02-17,1.2982798139541667
2022-02-18,1.2824908675136673
2022-02-22,1.2624907527537856
2022-02-23,1.224245074687901
2022-02-24,1.2625953046377187
2022-02-25,1.2998350244922898
2022-02-28,1.3022269839610687
2022-03-01,1.277389273124753
2022-03-02,1.306997150597796
2022-03-03,1.2927863295762805
2022-03-04,1.276635054860661
2022-03-07,1.2182982196451086
2022-03-08,1.211630454694113
2022-03-09,1.2589495521512482
2022-03-10,1.246380782153072
2022-03-11,1.2162777712653692
2022-03-14,1.1904944767743326
2022-03-15,1.231436330850931
2022-03-16,1.283539468648967
2022-03-17,1.3085809651122928
2022-03-18,1.334377644321819
2022-03-21,1.331665550984002
2022-03-22,1.3576063764286292
2022-03-23,1.3344375265204125
2022-03-24,1.3690624510713967
2022-03-25,1.3725162480121025
2022-03-28,1.3884388527878535
2022-03-29,1.418427410674595
2022-03-30,1.4038866457195205
2022-03-31,1.3750035327107994
2022-04-01,1.376522801114969
2022-04-04,1.4021786591920473
2022-04-05,1.3666206892537507
2022-04-06,1.3387356567283537
2022-04-07,1.3468506102213382
2022-04-08,1.3347942466355809
2022-04-11,1.2982049721659483
2022-04-12,1.2931739502143813
2022-04-13,1.3221197242093088
2022-04-14,1.2899785737770397
2022-04-18,1.2901446805278383
2022-04-19,1.3210076628491323
2022-04-20,1.3131670471866146
2022-04-21,1.2786215710062256
2022-04-22,1.2250575193438902
2022-04-25,1.2371234232089638
2022-04-26,1.179074007034012
2022-04-27,1.1795949015634468
2022-04-28,1.23150490013313
2022-04-29,1.157113002350738
2022-05-02,1.1696928841270502
2022-05-03,1.17701927569933
2022-05-04,1.2365513807769513
2022-05-05,1.1587727951236295
2022-05-06,1.1436178101920356
2022-05-09,1.0796140996472596
2022-05-10,1.0873930626457753
2022-05-11,1.0542113911451003
2022-05-12,1.0499784983720746
2022-05-13,1.0957692120574216
2022-05-16,1.0865434989178757
2022-05-17,1.1227995954038024
2022-05-18,1.0484553990179921
2022-05-19,1.0422536711472836
2022-05-20,1.0417211556201376
2022-05-23,1.0717105768195356
2022-05-24,1.0537833162154904
2022-05-25,1.0716210856946788
2022-05-26,1.1091648264969107
2022-05-27,1.1569778736861185
2022-05-31,1.1445989987492031
2022-06-01,1.1315729630622222
2022-06-02,1.1726071207744408
2022-06-03,1.135766382887422
2022-06-06,1.1393937933522587
2022-06-07,1.1582297276226479
2022-06-08,1.1396859774740449
2022-06-09,1.095004900454343
2022-06-10,1.0424142776522127
2022-06-13,0.9655804629256812
2022-06-14,0.960665134987019
2022-06-15,0.9931140698705607
2022-06-16,0.9373797007747204
2022-06-17,0.9445266818132736
2022-06-21,0.9825971816008372
2022-06-22,0.9825698085194616
2022-06-23,1.0003360242176198
2022-06-24,1.0533344779420304
2022-06-27,1.0443166646538722
2022-06-28,1.0045523083389543
2022-06-29,1.004599298177058
2022-06-30,0.9885700068419383
2022-07-01,1.0050942292528142
2022-07-05,1.012570655122297
2022-07-06,1.0152136564690797
2022-07-07,1.0434566467492736
2022-07-08,1.0425475447989165
2022-07-11,1.017419862079497
2022-07-12,1.0019822299331183
2022-07-13,0.9966201950241165
2022-07-14,0.9918093245445654
2022-07-15,1.0230790215518537
2022-07-18,1.009287925607849
2022-07-19,1.0565857774800804
2022-07-20,1.0711543438005435
2022-07-21,1.0946661379168914
2022-07-22,1.0754116656238937
2022-07-25,1.0728230226236293
2022-07-26,1.0480680447927817
2022-07-27,1.102748002254467
2022-07-28,1.1267917959337561
2022-07-29,1.154520315944712
2022-08-01,1.1525338470115583
2022-08-02,1.1402558144120056
2022-08-03,1.1759215230719708
2022-08-04,1.1810106196612575
2022-08-05,1.170744965491496
2022-08-08,1.1706376010967996
2022-08-09,1.1586451563707678
2022-08-10,1.2008942850096598
2022-08-11,1.196237613636416
2022-08-12,1.2314046108554382
2022-08-15,1.2390764387766815
2022-08-16,1.239802973706412
2022-08-17,1.2210000881236511
2022-08-18,1.2258637285893257
2022-08-19,1.1945289796244505
2022-08-22,1.1509485655400082
2022-08-23,1.1488508709114096
2022-08-24,1.1549119159145884
2022-08-25,1.1839197573682712
2022-08-26,1.115828362564816
2022-08-29,1.101506450740458
2022-08-30,1.0808142391322808
2022-08-31,1.0665940160963667
2022-09-01,1.0671557358719679
2022-09-02,1.049374007524515
2022-09-06,1.0385263491040417
2022-09-07,1.073264910555742
2022-09-08,1.0827614779242936
2022-09-09,1.1142668188190026
2022-09-12,1.1345419964570898
2022-09-13,1.0478379652252165
2022-09-14,1.0559835224774083
2022-09-15,1.0303344663598142
2022-09-16,1.0184271523552608
2022-09-19,1.0312153049376187
2022-09-20,1.0117162352607045
2022-09-21,0.9837228097845165
2022-09-22,0.9651745103828919
2022-09-23,0.934558971679428
2022-09-26,0.9170126275511359
2022-09-27,0.9143587875837369
2022-09-28,0.9521059666645273
2022-09-29,0.9136937704254062
2022-09-30,0.888876596987831
2022-10-03,0.9337040864383568
2022-10-04,0.9865528768202216
2022-10-05,0.9818942225257201
2022-10-06,0.9656287713389748
2022-10-07,0.9123692565885051
2022-10-10,0.8957570875730718
2022-10-11,0.8821374097760921
2022-10-12,0.8796778252733319
2022-10-13,0.9167471656539181
2022-10-14,0.8741362584272614
2022-10-17,0.9182307988048051
2022-10-18,0.9359647481924294
2022-10-19,0.9220915633551343
2022-10-20,0.9088251052102863
2022-10-21,0.9496434516199765
2022-10-24,0.9675438213837004
2022-10-25,0.9986272047283256
2022-10-26,0.9811595468274248
2022-10-27,0.96701949383753
2022-10-28,1.0067802991046855
2022-10-31,0.9909443459645075
2022-11-01,0.9832304888806198
2022-11-02,0.9355807359314472
2022-11-03,0.9138201007200235
2022-11-04,0.9420234831597891
2022-11-07,0.9565587748475146
2022-11-08,0.9708317274017715
2022-11-09,0.93507628818258
2022-11-10,1.0406671823869407
2022-11-11,1.0627158605172515
2022-11-14,1.047672222684445
2022-11-15,1.0671924030536601
2022-11-16,1.0506549881462535
2022-11-17,1.0434271187585722
2022-11-18,1.047437050921133
2022-11-21,1.0367517053970112
2022-11-22,1.0609035817741055
2022-11-23,1.0756123891888252
2022-11-25,1.0725768267623725
2022-11-28,1.04398470744822
2022-11-29,1.0385235972949496
2022-11-30,1.101944666221466
2022-12-01,1.106926182587892
2022-12-02,1.1036172670469715
2022-12-05,1.0676321192148719
2022-12-06,1.040607677887634
2022-12-07,1.0397498688494027
2022-12-08,1.0548412114511065
2022-12-09,1.0419974999780672
2022-12-12,1.0638623228633972
2022-12-13,1.0826323384912278
2022-12-14,1.0713802079742782
2022-12-15,1.0218514820069364
2022-12-16,1.0045475837255493
2022-12-19,0.9858055009833948
2022-12-20,0.9892228971552983
2022-12-21,1.0135671438729106
2022-12-22,0.9828572073261717
2022-12-23,0.990534808650805
2022-12-27,0.9795213604771489
2022-12-28,0.9578469317557095
2022-12-29,0.9913965093406205
2022-12-30,0.9882246109607553
2023-01-03,0.9826841030216151
2023-01-04,0.9970270243688224
2023-01-05,0.9737309606194418
2023-01-06,1.0179766515304745
2023-01-09,1.0215785706657416
2023-01-10,1.0342240844378323
2023-01-11,1.0585190886108782
2023-01-12,1.0695514015150027
2023-01-13,1.0795016228229257
2023-01-17,1.0769067612736833
2023-01-18,1.0523488143227726
2023-01-19,1.0413136518124184
2023-01-20,1.0753192810527117
2023-01-23,1.10097303480519
2023-01-24,1.0999083038869384
2023-01-25,1.1004345469080654
2023-01-26,1.121239478147261
2023-01-27,1.1293563133920514
2023-01-30,1.1020409154657114
2023-01-31,1.1296498734183835
2023-02-01,1.158035418200968
2023-02-02,1.1911993479520908
2023-02-03,1.1616636818615165
2023-02-06,1.1482074365694896
2023-02-07,1.1753075863699167
2023-02-08,1.1527164848508011
2023-02-09,1.134488538518693
2023-02-10,1.1334034759129201
2023-02-13,1.1559695750881502
2023-02-14,1.1591745019217532
2023-02-15,1.1655659191425043
2023-02-16,1.1373834012160402
2023-02-17,1.1313212838166713
2023-02-21,1.0914504500259183
2023-02-22,1.0896620270395356
2023-02-23,1.1011370675822243
2023-02-24,1.0769237004122507
2023-02-27,1.0857562724339362
2023-02-28,1.0816181282249522
2023-03-01,1.075306729296043
2023-03-02,1.0860941682864165
2023-03-03,1.11959734618836
2023-03-06,1.1189039779772854
2023-03-07,1.0901732295354765
2023-03-08,1.094374567556447
2023-03-09,1.0647673240786362
2023-03-10,1.0455080125135212
2023-03-13,1.0523113748809303
2023-03-14,1.0816326595305634
2023-03-15,1.0795854889262557
2023-03-16,1.1136203864889902
2023-03-17,1.1034769787403036
2023-03-20,1.1158583829135167
2023-03-21,1.1354344594049204
2023-03-22,1.1118372040802171
2023-03-23,1.1240054374735973
2023-03-24,1.1318434969212965
2023-03-27,1.1269767505534478
2023-03-28,1.123049578374876
2023-03-29,1.1495580184018364
2023-03-30,1.1637960236550837
2023-03-31,1.1905831079588478
2023-04-03,1.1957654456873423
2023-04-04,1.1909551451290374
2023-04-05,1.1821158824342644
2023-04-06,1.1889334422480937
2023-04-10,1.1876820671803032
2023-04-11,1.1861390576780821
2023-04-12,1.1773113114392535
2023-04-13,1.2071767730815242
2023-04-14,1.1984147498909805
2023-04-17,1.2017228661932307
2023-04-18,1.2035763984665566
2023-04-19,1.2021382443566244
2023-04-20,1.1922517125910024
2023-04-21,1.1915057059140914
2023-04-24,1.192728638876631
2023-04-25,1.1641490477129417
2023-04-26,1.1602990610815573
2023-04-27,1.1985283901640114
2023-04-28,1.2142447003103443
2023-05-01,1.2098044101608751
2023-05-02,1.1958489678145359
2023-05-03,1.1864641117547983
2023-05-04,1.1767466678664915
2023-05-05,1.2074528341649886
2023-05-08,1.2089187424278984
2023-05-09,1.2012018873559192
2023-05-10,1.213830350703045
2023-05-11,1.2124060601803417
2023-05-12,1.207038879118552
2023-05-15,1.2147548540163
2023-05-16,1.203501219446832
2023-05-17,1.2249510958250962
2023-05-18,1.2446624055228863
2023-05-19,1.2426127326608007
2023-05-22,1.2450976499943227
2023-05-23,1.223870535259934
2023-05-24,1.209401485957013
2023-05-25,1.2310323241339338
2023-05-26,1.2636576176060692
2023-05-30,1.2692463563952567
2023-05-31,1.2593468681951583
2023-06-01,1.2807466488331452
2023-06-02,1.3008912976443603
2023-06-05,1.2997468890380888
2023-06-06,1.3039215925146825
2023-06-07,1.2861420561720216
2023-06-08,1.3045186103120603
2023-06-09,1.3080353481411229
2023-06-12,1.3305397980246654
2023-06-13,1.3422022920725083
2023-06-14,1.3481394550818062
2023-06-15,1.3747227402692999
2023-06-16,1.3652110885354665
2023-06-20,1.3555451297812438
2023-06-21,1.3397987419568538
2023-06-22,1.3488688193838754
2023-06-23,1.3331458354260306
2023-06-26,1.320053891213436
2023-06-27,1.3445642210756414
2023-06-28,1.346703604263063
2023-06-29,1.3495703047573095
2023-06-30,1.3765459486855693
2023-07-03,1.3801364491620292
2023-07-05,1.376022521547521
2023-07-06,1.35830532919345
2023-07-07,1.354680225392117
2023-07-10,1.3598183689316965
2023-07-11,1.3733118041142505
2023-07-12,1.3962454957484152
2023-07-13,1.4195683997533912
2023-07-14,1.416752091763148
2023-07-17,1.4281844151909189
2023-07-18,1.446691865740172
2023-07-19,1.4502517860636304
2023-07-20,1.4234006007951274
2023-07-21,1.4208989264280518
2023-07-24,1.4266249150680341
2023-07-25,1.4357116652207331
2023-07-26,1.4355509238232016
2023-07-27,1.419552485798604
2023-07-28,1.4475854381796585
2023-07-31,1.451955688717561
2023-08-01,1.4432789277687834
2023-08-02,1.4074862750528592
2023-08-03,1.4013378567386838
2023-08-04,1.3942840797438731
2023-08-07,1.4106159823989568
2023-08-08,1.3982716298513531
2023-08-09,1.3808255682561232
2023-08-10,1.3812600472120398
2023-08-11,1.3756724752438645
2023-08-14,1.3893443058933115
2023-08-15,1.3656615286585816
2023-08-16,1.3469147752600632
2023-08-17,1.3290123854796159
2023-08-18,1.3295464084315958
2023-08-21,1.347729253422036
2023-08-22,1.3437183230542162
2023-08-23,1.3721219940302705
2023-08-24,1.339247523570362
2023-08-25,1.353246704843083
2023-08-28,1.3674996663136398
2023-08-29,1.4041372795474012
2023-08-30,1.414026826162691
2023-08-31,1.4140810428719766
2023-09-01,1.4158656618869672
2023-09-05,1.4074280688948524
2023-09-06,1.3914477334575186
2023-09-07,1.3832046960660835
2023-09-08,1.3861079726895156
2023-09-11,1.4027344200869303
2023-09-12,1.3872707671575166
2023-09-13,1.3907129329835661
2023-09-14,1.4076733441140963
2023-09-15,1.3808231874016879
2023-09-18,1.3834165718769325
2023-09-19,1.3784584526324215
2023-09-20,1.3566861896786566
2023-09-21,1.3200720443854261
2023-09-22,1.3185465034752375
2023-09-25,1.324762047720764
2023-09-26,1.2941296508142943
2023-09-27,1.2933524738292461
2023-09-28,1.3059547983623099
2023-09-29,1.300956241687865
2023-10-02,1.3021231470079293
2023-10-03,1.2710718310072489
2023-10-04,1.2899924710874187
2023-10-05,1.287372182282593
2023-10-06,1.3137307262772682
2023-10-09,1.3305426948433055
2023-10-10,1.3409469039497917
2023-10-11,1.3531186917632487
2023-10-12,1.3398252719594632
2023-10-13,1.3317185469152348
2023-10-16,1.3515409170650314
2023-10-17,1.3492146199428658
2023-10-18,1.3243846047295267
2023-10-19,1.308267177940206
2023-10-20,1.2838689505753624
2023-10-23,1.2830158863844257
2023-10-24,1.299353501741228
2023-10-25,1.2647002160205547
2023-10-26,1.2397090210087254
2023-10-27,1.238838289259168
2023-10-30,1.2590219861065104
2023-10-31,1.2688933559436042
2023-11-01,1.2939484664428438
2023-11-02,1.3321337463459302
2023-11-03,1.3542949822361363
2023-11-06,1.3569015659525419
2023-11-07,1.366855135969324
2023-11-08,1.3664173015599181
2023-11-09,1.350149442540217
2023-11-10,1.3833410421364412
2023-11-13,1.3811973356411076
2023-11-14,1.426650824564672
2023-11-15,1.4287717578163774
2023-11-16,1.4335095097607082
2023-11-17,1.4361559137733906
2023-11-20,1.454882942501099
2023-11-21,1.4500749857017636
2023-11-22,1.4576950317251973
2023-11-24,1.4580393923056554
2023-11-27,1.4575553470629266
2023-11-28,1.4640341342223584
2023-11-29,1.4640806755425584
2023-11-30,1.4665584536850895
2023-12-01,1.4829292526221227
2023-12-04,1.4646207652893386
2023-12-05,1.4655976811233198
2023-12-06,1.457194836465626
2023-12-07,1.4777396677885557
2023-12-08,1.4834507069558587
2023-12-11,1.4926677701072655
2023-12-12,1.5047240493851461
2023-12-13,1.5408878388631377
2023-12-14,1.5487157375255491
2023-12-15,1.5476571543376596
2023-12-18,1.5602990496156863
2023-12-19,1.5751555307070642
2023-12-20,1.5430651403611404
2023-12-21,1.5671907261699944
2023-12-22,1.5721429438631436
2023-12-26,1.5848198876116313
2023-12-27,1.591089766597471
2023-12-28,1.5892221852595885
2023-12-29,1.5806593175074717
2024-01-02,1.5585502917990879
2024-01-03,1.536869239850862
2024-01-04,1.5283080042992365
2024-01-05,1.5306764115196079
2024-01-08,1.5648706374798622
2024-01-09,1.56391578333103
2024-01-10,1.5760247786379935
2024-01-11,1.5780773651802944
2024-01-12,1.581625033883125
2024-01-16,1.5724331045958908
2024-01-17,1.5573035098244143
2024-01-18,1.5818364038467143
2024-01-19,1.6150382283022124
2024-01-22,1.6196963497709338
2024-01-23,1.6270178885818365
2024-01-24,1.6301018369848292
2024-01-25,1.6408961791041388
2024-01-26,1.6343393161063418
2024-01-29,1.6565929028445794
2024-01-30,1.6507520835043485
2024-01-31,1.6117088259472774
2024-02-01,1.6432980194560556
2024-02-02,1.6672038146306059
2024-02-05,1.6575721253420648
2024-02-06,1.6626478608190673
2024-02-07,1.682487962601471
2024-02-08,1.6848825153805347
2024-02-09,1.7004512766258668
2024-02-12,1.6969657327111478
2024-02-13,1.6582459138918773
2024-02-14,1.681783155497699
2024-02-15,1.6969510563959886
2024-02-16,1.682381781889362
2024-02-20,1.66927235896779
2024-02-21,1.6668763459763039
2024-02-22,1.7202574933865065
2024-02-23,1.7208877453488411
2024-02-26,1.714251609340832
2024-02-27,1.7189615531751437
2024-02-28,1.7134134541547938
2024-02-29,1.727231953531009
2024-03-01,1.7581599372251646
2024-03-04,1.7567581366716234
2024-03-05,1.7289184314330033
2024-03-06,1.7441906043130762
2024-03-07,1.772966956571497
2024-03-08,1.7543053507560327
2024-03-11,1.7500631672550053
2024-03-12,1.7746618315380007
2024-03-13,1.7676126105408416
2024-03-14,1.7596052372707174
2024-03-15,1.7391971803021589
2024-03-18,1.755558975157971
2024-03-19,1.7666379845087885
2024-03-20,1.7939448538503315
2024-03-21,1.8032913397092694
2024-03-22,1.799435886555166
2024-03-25,1.7927517186636983
2024-03-26,1.788144384259843
2024-03-27,1.806777578320892
2024-03-28,1.8081348744325316
2024-04-01,1.8085464722307387
2024-04-02,1.7932486191714525
2024-04-03,1.7991447613403104
2024-04-04,1.766733080421282
2024-04-05,1.7953217667186991
2024-04-08,1.7980875709185424
2024-04-09,1.8048915200687725
2024-04-10,1.7770603299256895
2024-04-11,1.8056153706357119
2024-04-12,1.7678433072420634
2024-04-15,1.7387987041818667
2024-04-16,1.7352968888469626
2024-04-17,1.7158996597126701
2024-04-18,1.708816509853651
2024-04-19,1.6813604863891367
2024-04-22,1.6971594991901022
2024-04-23,1.726276984723465
2024-04-24,1.7275107461896755
2024-04-25,1.718404659182399
2024-04-26,1.7457639747678195
2024-04-29,1.7546358949616732
2024-04-30,1.7095242980839398
2024-05-01,1.702197869416194
2024-05-02,1.7265948760029848
2024-05-03,1.761493878716176
2024-05-06,1.7890971914134308
2024-05-07,1.79013998542219
2024-05-08,1.7883324548986543
2024-05-09,1.8035325209380257
2024-05-10,1.8087107410698269
2024-05-13,1.8083533498639608
2024-05-14,1.823449066358303
2024-05-15,1.8599610642282411
2024-05-16,1.8533907052255576
2024-05-17,1.8589280802840031
2024-05-20,1.867089113090024
2024-05-21,1.872488546973087
2024-05-22,1.8625443115244025
2024-05-23,1.8409559746342352
2024-05-24,1.8599927538728984
2024-05-28,1.8654869464369481
2024-05-29,1.8448043796498546
2024-05-30,1.8275071956477604
2024-05-31,1.8393657223702808
2024-06-03,1.8477750283836376
2024-06-04,1.849661417122633
2024-06-05,1.888657010378588
2024-06-06,1.8897147842108621
2024-06-07,1.8765557983747927
2024-06-10,1.886948666385718
2024-06-11,1.897554668081011
2024-06-12,1.9240104258020398
2024-06-13,1.9299302146441275
2024-06-14,1.9378886252718353
2024-06-17,1.959465304068826
2024-06-18,1.9655984019556647
2024-06-20,1.9571719848156723
2024-06-21,1.9488609480632841
2024-06-24,1.9356569114702733
2024-06-25,1.95027064320639
2024-06-26,1.9504284844129667
2024-06-27,1.9586945749501803
2024-06-28,1.9470834581223393
2024-07-01,1.9551513745648097
2024-07-02,1.9754435318092445
2024-07-03,1.9936868896211957
2024-07-05,2.0163096639233933
2024-07-08,2.0174461475892644
2024-07-09,2.0195637456213715
2024-07-10,2.0466752129111536
2024-07-11,2.01972459156067
2024-07-12,2.0361859236679147
2024-07-15,2.0443573465766485
2024-07-16,2.061923027559518
2024-07-17,2.0106841938785274
2024-07-18,1.9907250358850996
2024-07-19,1.9671223477608284
2024-07-22,1.997226963870502
2024-07-23,1.9928723743637575
2024-07-24,1.9222756023912861
2024-07-25,1.9018068977086142
2024-07-26,1.932497160169269
2024-07-29,1.9347332141403188
2024-07-30,1.9181076300555602
2024-07-31,1.9739836127778885
2024-08-01,1.9287061823068767
2024-08-02,1.878908794115321
2024-08-05,1.8036716660298864
2024-08-06,1.823172384768867
2024-08-07,1.8028743293453848
2024-08-08,1.8672103882843603
2024-08-09,1.8798002993256735
2024-08-12,1.8863480402112218
2024-08-13,1.9336663485466317
2024-08-14,1.9373868854919647
2024-08-15,1.9869873035052548
2024-08-16,1.9980027851848945
2024-08-19,2.025173736740093
2024-08-20,2.021624435836771
2024-08-21,2.0324204472520377
2024-08-22,2.001180116364328
2024-08-23,2.0334302229240038
2024-08-26,2.021644824853649
2024-08-27,2.026973224292201
2024-08-28,2.0052527735870815
2024-08-29,2.0057317131448036
2024-08-30,2.0300130493248947
2024-09-03,1.9677194431214526
2024-09-04,1.9629690011555354
2024-09-05,1.9617654016752586
2024-09-06,1.9097733614246954
2024-09-09,1.9397830940777245
2024-09-10,1.9560552696607076
2024-09-11,1.9903510528891184
2024-09-12,2.017198434186229
2024-09-13,2.033932188648984
2024-09-16,2.033591254340631
2024-09-17,2.033362105532024
2024-09-18,2.022218934514796
2024-09-19,2.076925506286967
2024-09-20,2.07537428856988
2024-09-23,2.082441167008715
2024-09-24,2.095400710759577
2024-09-25,2.0905856552370317
2024-09-26,2.1057023340418124
2024-09-27,2.096974998484018
2024-09-30,2.1038213544961795
2024-10-01,2.0791194265536057
2024-10-02,2.0806544605307002
2024-10-03,2.075594939144526
2024-10-04,2.1003263950778015
2024-10-07,2.0734745758140662
2024-10-08,2.100599141175558
2024-10-09,2.1178221578524465
2024-10-10,2.11538616943819
2024-10-11,2.1314432722556433
2024-10-14,2.1527378096851093
2024-10-15,2.1290595210017305
2024-10-16,2.139072265030942
2024-10-17,2.1403998038344563
2024-10-18,2.156109844847085
2024-10-21,2.152625154128077
2024-10-22,2.1553265673440856
2024-10-23,2.1215760874615444
2024-10-24,2.135132716456085
2024-10-25,2.1396321839902996
2024-10-28,2.145694544196353
2024-10-29,2.160009559636405
2024-10-30,2.1495766285225177
2024-10-31,2.0881678334840257
2024-11-01,2.1001217225319295
2024-11-04,2.0950979611746954
2024-11-05,2.1289318552703476
2024-11-06,2.1889453886742083
2024-11-07,2.222492487607547
2024-11-08,2.2302995689690674
2024-11-11,2.225843890945961
2024-11-12,2.2145015880965118
2024-11-13,2.210951663314903
2024-11-14,2.1913988692867026
2024-11-15,2.146027266917525
2024-11-18,2.1647143977857097
2024-11-19,2.180717806602712
2024-11-20,2.1822885230455
2024-11-21,2.198470765730353
2024-11-22,2.210306350593492
2024-11-25,2.2124438621460527
2024-11-26,2.226283789212186
2024-11-27,2.2147565283707293
2024-11-29,2.2368181359569963
2024-12-02,2.247723191179861
2024-12-03,2.251214151032573
2024-12-04,2.2759076886552676
2024-12-05,2.267590959435051
2024-12-06,2.2804993856341707
2024-12-09,2.264891967541258
2024-12-10,2.25887091145011
2024-12-11,2.2922038683768773
2024-12-12,2.2712923483754497
2024-12-13,2.273771961057376
2024-12-16,2.2959734387832422
2024-12-17,2.282492015786947
2024-12-18,2.184973071313873
2024-12-19,2.179630477801216
2024-12-20,2.212481149833717
2024-12-23,2.2304363433234387
2024-12-24,2.264125302062265
2024-12-26,2.2658394093415795
2024-12-27,2.2312180358383578
2024-12-30,2.1977704707841363
2024-12-31,2.1848173344318966
2025-01-02,2.182569824706574
2025-01-03,2.2181716920700603
2025-01-06,2.2387375497774147
2025-01-07,2.2021472096562222
2025-01-08,2.20633868365563
2025-01-10,2.1657148254003182
2025-01-13,2.162822903361707
2025-01-14,2.1665392451470997
2025-01-15,2.223751170482082
2025-01-16,2.216743364886225
2025-01-17,2.2487225733767997
2025-01-21,2.276513751001647
2025-01-22,2.299568002899355
2025-01-23,2.311155540500267
2025-01-24,2.302383481300092
2025-01-27,2.2464452355247353
2025-01-28,2.2782738431691762
2025-01-29,2.2669821756304147
2025-01-30,2.286054644079402
2025-01-31,2.2748332319803715
2025-02-03,2.2561276882719365
2025-02-04,2.2832828978604156
2025-02-05,2.298190135665824
2025-02-06,2.308050177896617
2025-02-07,2.278978151170319
2025-02-10,2.3076732879650503
2025-02-11,2.304763951291448
2025-02-12,2.2985151054346633
2025-02-13,2.3357884607596837
2025-02-14,2.3357308009167173
2025-02-18,2.3476149133936293
2025-02-19,2.3522647693181287
2025-02-20,2.3399025772238358
2025-02-21,2.2872985157461745
2025-02-24,2.269394901815359
2025-02-25,2.2457854319654937
2025-02-26,2.2495385218681405
2025-02-27,2.1902136927636207
2025-02-28,2.2315551054736473
2025-03-03,2.183426092596821
2025-03-04,2.1608002461156
2025-03-05,2.1918805336749965
2025-03-06,2.133058820254894
2025-03-07,2.1488846969176603
2025-03-10,2.0652845680770144
2025-03-11,2.052146237670713
2025-03-12,2.071444168987942
2025-03-13,2.0385178829070734
2025-03-14,2.0941496830402384
2025-03-17,2.1154103961496107
2025-03-18,2.085538678862896
2025-03-19,2.117918939922472
2025-03-20,2.109863976542163
2025-03-21,2.1106081520519937
2025-03-24,2.1590394794850583
2025-03-25,2.169481286532194
2025-03-26,2.1313867387659085
2025-03-27,2.1249680631224943
2025-03-28,2.0702640745436622
2025-03-31,2.0859588018735846
2025-04-01,2.097821898083017
2025-04-02,2.116396015928773
2025-04-03,1.9825796809718117
2025-04-04,1.827291505748574
2025-04-07,1.8166388683082588
2025-04-08,1.7789289027242012
2025-04-09,2.0404947609761845
2025-04-10,1.9378380574074487
2025-04-11,1.9870967014059353
2025-04-14,2.007684030643303
2025-04-15,2.006556402676791
2025-04-16,1.9567124057187333
2025-04-17,1.9573676701418985
2025-04-21,1.9081395051269618
2025-04-22,1.965245425110218
2025-04-23,2.0015487306347275
2025-04-24,2.065393055452627
2025-04-25,2.083310509364466
2025-04-28,2.089520870361739
2025-04-29,2.1029174931234325
2025-04-30,2.1009479936796813
2025-05-01,2.1162688863954853
2025-05-02,2.1549524292216113
2025-05-05,2.1492557190210153
2025-05-06,2.1365457603080498
2025-05-07,2.142352994762557
2025-05-08,2.156144515618259
2025-05-09,2.155999829812748
2025-05-12,2.2396232748397473
2025-05-13,2.26676761882909
2025-05-14,2.266608445558063
2025-05-15,2.2823410304968954
2025-05-16,2.294513711973845
2025-05-19,2.301397443353862
2025-05-20,2.2979013238591017
2025-05-21,2.254795016804895
2025-05-22,2.2543992621428597
2025-05-23,2.241682734160149
2025-05-27,2.2955288125312974
2025-05-28,2.279493832100665
2025-05-29,2.2908157998902774
2025-05-30,2.285600676514729
2025-06-02,2.3114531270707857
2025-06-03,2.326694406172556
2025-06-04,2.332217010491021
2025-06-05,2.3136774049176316
2025-06-06,2.3370507924791175
2025-06-09,2.3419408246824838
2025-06-10,2.35903459738454
2025-06-11,2.352994470851704
2025-06-12,2.367183324612892
2025-06-13,2.3376727080786135
2025-06-16,2.3632787907853454
2025-06-17,2.3388195784748818
2025-06-18,2.336926340563991
2025-06-20,2.3287229008960386
2025-06-23,2.3581114193911055
2025-06-24,2.3888488639118224
2025-06-25,2.3924129355551247
2025-06-26,2.41691640612849
2025-06-27,2.4229597161267464
2025-06-30,2.4433756238447746
2025-07-01,2.4376211998441715
2025-07-02,2.455226114340497
2025-07-03,2.477614441927122
2025-07-07,2.4549181680181014
2025-07-08,2.451031574906696
2025-07-09,2.47206254568001
2025-07-10,2.476891424322003
2025-07-11,2.469808402610956
2025-07-14,2.4760480015798354
2025-07-15,2.4659471288410524
2025-07-16,2.4758259751006433
2025-07-17,2.4953548762766147
2025-07-18,2.4942559804344486
2025-07-21,2.508440767183669
2025-07-22,2.5077963042856544
2025-07-23,2.524411565714001
2025-07-24,2.5244246840196007
2025-07-25,2.532697788972148
2025-07-28,2.532779790185247
2025-07-29,2.52751265896678
2025-07-30,2.52006189978725
2025-07-31,2.5091250841011115
2025-08-01,2.465187521617488
2025-08-04,2.515362288726295
2025-08-05,2.4992878724433023
2025-08-06,2.5254330601808155
2025-08-07,2.5301171248693253
2025-08-08,2.553602426078529
2025-08-11,2.5415969642163496
2025-08-12,2.5762913348514496
2025-08-13,2.5863502425015743
2025-08-14,2.5820606509953756
2025-08-15,2.5727997477481352
2025-08-18,2.5715890124491825
2025-08-19,2.5449108370604145
2025-08-20,2.5371584040645083
2025-08-21,2.523184872620165
2025-08-22,2.5750513076238497
2025-08-25,2.5618463537611413
2025-08-26,2.5773042906165213
2025-08-27,2.584613055097961
2025-08-28,2.601011071989877
2025-08-29,2.580190392039332
2025-09-02,2.564891473328486
2025-09-03,2.586377187298937
2025-09-04,2.611860140038047
2025-09-05,2.613770529543354
2025-09-08,2.6289801223727816
2025-09-09,2.6347504097434467
2025-09-10,2.642467197369125
2025-09-11,2.6659805629842928
2025-09-12,2.669612735158
2025-09-15,2.6934199575632256
2025-09-16,2.6904630914811096
2025-09-17,2.6827943728343553
2025-09-18,2.70093721879582
2025-09-19,2.7216275115567257
2025-09-22,2.7436713908827004
2025-09-23,2.727132849622062
2025-09-24,2.7125926950560144
2025-09-25,2.6993135232833745
2025-09-26,2.7180853869398605
2025-09-29,2.7354650712576833
2025-09-30,2.749192383234565
2025-10-01,2.762591123810118
2025-10-02,2.768430361534584
2025-10-03,2.767188270450165
2025-10-06,2.7898823928221743
2025-10-07,2.778091821620511
2025-10-08,2.8100377689676086
2025-10-09,2.7944718370946147
2025-10-10,2.704722460350288
2025-10-13,2.769059918800015
2025-10-14,2.763290973610746
2025-10-15,2.787389503335841
2025-10-16,2.779120822860658
2025-10-17,2.788795778951472
2025-10-20,2.840449980678911
2025-10-21,2.811668175387031
2025-10-22,2.789723806333969
2025-10-23,2.812811821850098
2025-10-24,2.8405093401686696
2025-10-27,2.8732067539707664
2025-10-28,2.883926898414035
2025-10-29,2.886716915836039
2025-10-30,2.8534091332412252
2025-10-31,2.8639863185042955
2025-11-03,2.8733502324874847
2025-11-04,2.81795457534437
2025-11-05,2.837068371514468
2025-11-06,2.7934737532389757
2025-11-07,2.7953116109918836
2025-11-10,2.8626240785787718
2025-11-11,2.866926579307036
2025-11-12,2.8738181412026322
2025-11-13,2.8108753980724965
2025-11-14,2.803425023336884
2025-11-17,2.769121530996237
2025-11-18,2.7427028012946124
2025-11-19,2.757249727469309
2025-11-20,2.7000471097239043
2025-11-21,2.729166139777566
2025-11-24,2.79344293702392
2025-11-25,2.8210489846686917
2025-11-26,2.8488028813505055
2025-11-28,2.874343729994637
2025-12-01,2.861897243513001
2025-12-02,2.87136474827033
2025-12-03,2.8820611246370267
2025-12-04,2.8830923718390062
2025-12-05,2.8903463699238046
2025-12-08,2.8803521635105
2025-12-09,2.8818026973890323
2025-12-10,2.903566586884493
2025-12-11,2.910375189829512
2025-12-12,2.8672471785555524
2025-12-15,2.8588941902037663
2025-12-16,2.8555000157933947
2025-12-17,2.8156582041460836
2025-12-18,2.846719256020354
2025-12-19,2.8802115244830655
2025-12-22,2.9094773176883186
2025-12-23,2.9296400522252224
2025-12-24,2.939044069779154
2025-12-26,2.943719730658524
2025-12-29,2.9106953371878097
2025-12-30,2.9054831544709976
2025-12-31,2.876788280716841
2026-01-02,2.8815920963132777
2026-01-05,2.917133221537829
2026-01-06,2.9452729650200196
2026-01-07,2.93497925656124
2026-01-08,2.9308996591140843
2026-01-09,2.9600041072774093
2026-01-12,2.972955611429158
2026-01-13,2.966388776495717
2026-01-14,2.9495963808463115
2026-01-15,2.956567778928736
2026-01-16,2.9514125613579867
2026-01-20,2.900759505548265
2026-01-21,2.94788664408732
2026-01-22,2.976326813629313
2026-01-23,2.986791633354447
2026-01-26,3.009864284603144
2026-01-27,3.040825671078009
2026-01-28,3.064303317132018
2026-01-29,3.054529309403141
2026-01-30,2.9768627082161534
2026-02-02,2.975845617992813
2026-02-03,2.9708155335448336
2026-02-04,2.9408800053124753
2026-02-05,2.8855355601459247
2026-02-06,2.965366573842739
2026-02-09,2.9970840400996117
2026-02-10,2.981832428224485
2026-02-11,2.9891078877223514
2026-02-12,2.9157600890346482
2026-02-13,2.933323672437548
2026-02-17,2.919517866455234
2026-02-18,2.949409554591759
2026-02-19,2.941565583475752
2026-02-20,2.9759651260940556
2026-02-23,2.9543111403465345
2026-02-24,2.974571800168271
2026-02-25,3.0066754572016574
2026-02-26,2.9872130580787504
2026-02-27,2.9804173643557967
2026-03-02,2.9894915762410874
2026-03-03,2.9336394425308927
2026-03-04,2.969143452055848
2026-03-05,2.946458266318759
2026-03-06,2.9094866724903063
2026-03-09,2.9417070251141717
2026-03-10,2.9430919269969262
2026-03-11,2.9378915878506193
2026-03-12,2.8753460090102156
2026-03-13,2.8504163722375666
2026-03-16,2.8838473387570422
2026-03-17,2.8941913014549074
2026-03-18,2.832939949689814
2026-03-19,2.804848443802301
2026-03-20,2.7386905085115067
2026-03-23,2.763514058996868
2026-03-24,2.749168196990925
2026-03-25,2.7820415714484374
2026-03-26,2.7019101586703407
2026-03-27,2.6625673349938084
2026-03-30,2.6483419658051064
2026-03-31,2.7581049600588314
2026-04-01,2.7947185151969256
2026-04-02,2.789361950182958
2026-04-06,2.8030536033003512
2026-04-07,2.8091747867980685
2026-04-08,2.896871077897465
2026-04-09,2.919994192468782
2026-04-10,2.918611334208956
2026-04-13,2.950055872263059
2026-04-14,3.0074029397519206
2026-04-15,3.0347820508267676
2026-04-16,3.0448527008779456
2026-04-17,3.0944998625503395
2026-04-20,3.082721445172167
2026-04-21,3.049006981614511
2026-04-22,3.096965456518544
2026-04-23,3.076542095984224
2026-04-24,3.1178973554199043
2026-04-27,3.1181498204148648
2026-04-28,3.0860414893528
2026-04-29,3.0862236820464544
2026-04-30,3.1277979935794393
2026-05-01,3.145446552577325
2026-05-04,3.1247651627281883
2026-05-05,3.163128288410811
2026-05-06,3.2348141765117626
2026-05-07,3.225389473177227
2026-05-08,3.2755814660713822
2026-05-11,3.284927088617663
2026-05-12,3.267624933823164
2026-05-13,3.2911242571184056
2026-05-14,3.314660662390091
2026-05-15,3.2543263914727962
2026-05-18,3.2481671750057863
2026-05-19,3.2167850450142597
2026-05-20,3.2696527743175245
2026-05-21,3.2768384762776446
2026-05-22,3.2886805629642275
2026-05-26,3.328142496808825
2026-05-27,3.320287808475544
2026-05-28,3.3499369394787664
2026-05-29,3.3655255400536213
2026-06-01,3.3723805730324425
2026-06-02,3.383410639974734
2026-06-03,3.3579636361142073
2026-06-04,3.3653409260377503
2026-06-05,3.2221664774795107
2026-06-08,3.248539883266673
2026-06-09,3.220868142924452
2026-06-10,3.1410534107647674
2026-06-11,3.2361131518066832
2026-06-12,3.256452703567029
2026-06-15,3.348764115745764
2026-06-16,3.3110714804888213
2026-06-17,3.25759968862201
2026-06-18,3.3138491619823203
2026-06-22,3.299707486908879
2026-06-23,3.2148954222251183
2026-06-24,3.1969622937928612
2026-06-25,3.2141875732931577
2026-06-26,3.1883878320215535
2026-06-29,3.250249835853829
2026-06-30,3.2895787521030364
