Date,Daily PnL
2015-01-05,-446.1277770996094
2015-01-06,-246.08009338378906
2015-01-07,361.80519104003906
2015-01-08,540.2915954589844
2015-01-09,-173.65943908691406
2015-01-12,-192.1192169189453
2015-01-13,-80.23521423339844
2015-01-14,-177.4573516845703
2015-01-15,-145.9619903564453
2015-01-16,460.1923370361328
2015-01-20,181.71829223632812
2015-01-21,145.133056640625
2015-01-22,558.3664703369141
2015-01-23,-138.85360717773438
2015-01-26,-7.0606231689453125
2015-01-27,-439.7058868408203
2015-01-28,-381.76841735839844
2015-01-29,156.9953155517578
2015-01-30,-199.3389892578125
2015-02-02,294.86717224121094
2015-02-03,341.28692626953125
2015-02-04,-69.47883605957031
2015-02-05,316.8109130859375
2015-02-06,-321.3579559326172
2015-02-09,-115.76774597167969
2015-02-10,330.04058837890625
2015-02-11,-28.438873291015625
2015-02-12,347.6203918457031
2015-02-13,191.4350128173828
2015-02-17,-79.75936889648438
2015-02-18,53.51173400878906
2015-02-19,-1.7220306396484375
2015-02-20,171.1065673828125
2015-02-23,27.057647705078125
2015-02-24,94.92256164550781
2015-02-25,-8.769302368164062
2015-02-26,13.178329467773438
2015-02-27,-113.21365356445312
2015-03-02,184.52484130859375
2015-03-03,-161.98623657226562
2015-03-04,-155.11802673339844
2015-03-05,44.440460205078125
2015-03-06,-645.8040618896484
2015-03-09,137.73399353027344
2015-03-10,-547.9771423339844
2015-03-11,-116.13571166992188
2015-03-12,368.1188201904297
2015-03-13,-182.2686767578125
2015-03-16,437.15415954589844
2015-03-17,-78.29483032226562
2015-03-18,528.0906677246094
2015-03-19,-122.20474243164062
2015-03-20,354.9272155761719
2015-03-23,-24.164199829101562
2015-03-24,-143.6579132080078
2015-03-25,-565.5686950683594
2015-03-26,-68.74366760253906
2015-03-27,77.53303527832031
2015-03-30,342.20909118652344
2015-03-31,-304.2058563232422
2015-04-01,9.705429077148438
2015-04-02,66.41868591308594
2015-04-06,310.5670928955078
2015-04-07,-110.47233581542969
2015-04-08,117.13447570800781
2015-04-09,98.47175598144531
2015-04-10,226.64344787597656
2015-04-13,-170.6188201904297
2015-04-14,0.3333282470703125
2015-04-15,224.8957061767578
2015-04-16,-41.497039794921875
2015-04-17,-378.8111877441406
2015-04-20,288.72772216796875
2015-04-21,35.21217346191406
2015-04-22,58.89976501464844
2015-04-23,154.98382568359375
2015-04-24,89.41307067871094
2015-04-27,-27.4566650390625
2015-04-28,88.51104736328125
2015-04-29,-222.46658325195312
2015-04-30,-484.1400909423828
2015-05-01,324.7706604003906
2015-05-04,132.01461791992188
2015-05-05,-424.3867492675781
2015-05-06,-171.2834930419922
2015-05-07,114.43702697753906
2015-05-08,475.16326904296875
2015-05-11,-208.5144805908203
2015-05-12,-72.48512268066406
2015-05-13,123.037109375
2015-05-14,424.22691345214844
2015-05-15,74.99679565429688
2015-05-18,94.17625427246094
2015-05-19,-115.53947448730469
2015-05-20,-3.0133819580078125
2015-05-21,117.46452331542969
2015-05-22,-74.96940612792969
2015-05-26,-436.6151428222656
2015-05-27,372.81097412109375
2015-05-28,-38.43971252441406
2015-05-29,-206.8359375
2015-06-01,54.234771728515625
2015-06-02,-46.2225341796875
2015-06-03,26.808929443359375
2015-06-04,-298.7471008300781
2015-06-05,-113.62586975097656
2015-06-08,-213.66897583007812
2015-06-09,-30.885238647460938
2015-06-10,448.29750061035156
2015-06-11,98.49609375
2015-06-12,-261.2621307373047
2015-06-15,-125.95245361328125
2015-06-16,180.70037841796875
2015-06-17,92.86773681640625
2015-06-18,447.8266143798828
2015-06-19,-144.5196533203125
2015-06-22,91.943359375
2015-06-23,-26.672592163085938
2015-06-24,-235.20187377929688
2015-06-25,-112.10868835449219
2015-06-26,-68.95492553710938
2015-06-29,-667.2495269775391
2015-06-30,43.69926452636719
2015-07-01,216.163330078125
2015-07-02,-17.668838500976562
2015-07-06,-49.217529296875
2015-07-07,114.59312438964844
2015-07-08,-528.3122253417969
2015-07-09,32.852020263671875
2015-07-10,404.8712921142578
2015-07-13,380.46417236328125
2015-07-14,166.407470703125
2015-07-15,-16.41082763671875
2015-07-16,293.1257629394531
2015-07-17,84.44969177246094
2015-07-20,-118.39004516601562
2015-07-21,-114.63836669921875
2015-07-22,-164.8027801513672
2015-07-23,-184.43382263183594
2015-07-24,-293.18603515625
2015-07-27,-232.63473510742188
2015-07-28,373.0261993408203
2015-07-29,208.0059051513672
2015-07-30,7.6810455322265625
2015-07-31,12.907028198242188
2015-08-03,-139.28619384765625
2015-08-04,-77.19680786132812
2015-08-05,117.67631530761719
2015-08-06,-315.7300567626953
2015-08-07,-39.0838623046875
2015-08-10,450.68328857421875
2015-08-11,-283.42796325683594
2015-08-12,129.0222930908203
2015-08-13,-105.60127258300781
2015-08-14,103.57765197753906
2015-08-17,244.38873291015625
2015-08-18,-128.08143615722656
2015-08-19,-167.73780822753906
2015-08-20,-662.8942108154297
2015-08-21,-1039.0278625488281
2015-08-24,-1325.6832885742188
2015-08-25,-393.20220947265625
2015-08-26,1123.3109283447266
2015-08-27,788.7615966796875
2015-08-28,57.36366271972656
2015-08-31,-292.3804473876953
2015-09-01,-921.4371490478516
2015-09-02,620.0128173828125
2015-09-03,-50.70770263671875
2015-09-04,-445.66612243652344
2015-09-08,789.2969512939453
2015-09-09,-483.5758972167969
2015-09-10,208.43704223632812
2015-09-11,155.455322265625
2015-09-14,-109.00848388671875
2015-09-15,346.10107421875
2015-09-16,319.11888122558594
2015-09-17,50.265350341796875
2015-09-18,-447.5761413574219
2015-09-21,79.54727172851562
2015-09-22,-457.3352813720703
2015-09-23,-13.578262329101562
2015-09-24,2.31964111328125
2015-09-25,-131.70608520507812
2015-09-28,-875.0318145751953
2015-09-29,-47.509002685546875
2015-09-30,557.4845886230469
2015-10-01,88.40751647949219
2015-10-02,621.88720703125
2015-10-05,501.55494689941406
2015-10-06,-54.7247314453125
2015-10-07,243.81149291992188
2015-10-08,209.67239379882812
2015-10-09,141.7644500732422
2015-10-12,70.97061157226562
2015-10-13,-182.9547882080078
2015-10-14,-9.170761108398438
2015-10-15,462.1257781982422
2015-10-16,97.94189453125
2015-10-19,39.8126220703125
2015-10-20,-48.19671630859375
2015-10-21,-253.1372833251953
2015-10-22,572.8520202636719
2015-10-23,470.8103942871094
2015-10-26,-52.010498046875
2015-10-27,-28.66058349609375
2015-10-28,306.19293212890625
2015-10-29,-113.92967224121094
2015-10-30,-149.2914581298828
2015-11-02,356.8555450439453
2015-11-03,8.274612426757812
2015-11-04,-118.61701965332031
2015-11-05,-79.29847717285156
2015-11-06,-106.95526123046875
2015-11-09,-327.2062683105469
2015-11-10,33.80424499511719
2015-11-11,-130.41915893554688
2015-11-12,-442.53807067871094
2015-11-13,-440.62889099121094
2015-11-16,496.50230407714844
2015-11-17,-77.77610778808594
2015-11-18,559.329833984375
2015-11-19,46.45355224609375
2015-11-20,130.12405395507812
2015-11-23,-91.6888427734375
2015-11-24,73.83224487304688
2015-11-25,-12.19940185546875
2015-11-27,-12.948989868164062
2015-11-30,-99.11117553710938
2015-12-01,372.44361877441406
2015-12-02,-406.32080078125
2015-12-03,-511.0929870605469
2015-12-04,818.3139801025391
2015-12-07,-263.4534454345703
2015-12-08,-154.62059020996094
2015-12-09,-345.0006866455078
2015-12-10,100.16075134277344
2015-12-11,-636.3307189941406
2015-12-14,76.0467529296875
2015-12-15,291.14768981933594
2015-12-16,543.2685852050781
2015-12-17,-603.7278747558594
2015-12-18,-506.7469024658203
2015-12-21,338.9191436767578
2015-12-22,242.34207153320312
2015-12-23,358.59413146972656
2015-12-24,2.301788330078125
2015-12-28,-100.53276062011719
2015-12-29,375.3929138183594
2015-12-30,-295.66795349121094
2015-12-31,-339.59320068359375
2016-01-04,-465.8744812011719
2016-01-05,55.35774230957031
2016-01-06,-290.4558563232422
2016-01-07,-767.8596496582031
2016-01-08,-343.8066101074219
2016-01-11,-41.8646240234375
2016-01-12,263.4165954589844
2016-01-13,-826.9506072998047
2016-01-14,440.1239776611328
2016-01-15,-677.2920227050781
2016-01-19,15.979080200195312
2016-01-20,-220.0609588623047
2016-01-21,124.75814819335938
2016-01-22,665.7795715332031
2016-01-25,-423.7761688232422
2016-01-26,465.2690887451172
2016-01-27,-428.7660217285156
2016-01-28,164.6772003173828
2016-01-29,769.1086578369141
2016-02-01,56.66900634765625
2016-02-02,-579.3449401855469
2016-02-03,167.0758056640625
2016-02-04,113.319091796875
2016-02-05,-641.1247253417969
2016-02-08,-330.42694091796875
2016-02-09,-43.91944885253906
2016-02-10,77.60307312011719
2016-02-11,-67.17193603515625
2016-02-12,504.62684631347656
2016-02-16,370.00205993652344
2016-02-17,584.2350769042969
2016-02-18,-17.728424072265625
2016-02-19,-29.0484619140625
2016-02-22,361.87843322753906
2016-02-23,-332.95501708984375
2016-02-24,208.9532470703125
2016-02-25,386.41029357910156
2016-02-26,-101.23649597167969
2016-02-29,-177.04986572265625
2016-03-01,737.4665832519531
2016-03-02,161.54632568359375
2016-03-03,194.9181365966797
2016-03-04,71.27204895019531
2016-03-07,9.3914794921875
2016-03-08,-349.59495544433594
2016-03-09,107.10639953613281
2016-03-10,91.7742919921875
2016-03-11,423.5676574707031
2016-03-14,-78.68766784667969
2016-03-15,-60.0787353515625
2016-03-16,377.88230895996094
2016-03-17,157.51914978027344
2016-03-18,105.10200500488281
2016-03-21,8.134307861328125
2016-03-22,28.689727783203125
2016-03-23,-364.4865417480469
2016-03-24,-30.562591552734375
2016-03-28,21.389846801757812
2016-03-29,513.2393646240234
2016-03-30,60.57380676269531
2016-03-31,-22.224655151367188
2016-04-01,228.0986785888672
2016-04-04,-160.59097290039062
2016-04-05,-242.4005889892578
2016-04-06,369.5979309082031
2016-04-07,-316.2249755859375
2016-04-08,48.30116271972656
2016-04-11,-13.458938598632812
2016-04-12,295.18707275390625
2016-04-13,314.7282409667969
2016-04-14,-90.69412231445312
2016-04-15,13.26690673828125
2016-04-18,210.11001586914062
2016-04-19,124.61631774902344
2016-04-20,-18.932113647460938
2016-04-21,-121.82083129882812
2016-04-22,-192.06924438476562
2016-04-25,-42.2308349609375
2016-04-26,21.738128662109375
2016-04-27,30.737228393554688
2016-04-28,-205.12901306152344
2016-04-29,-60.533447265625
2016-05-02,242.42507934570312
2016-05-03,-302.16148376464844
2016-05-04,-230.16891479492188
2016-05-05,-2.2896575927734375
2016-05-06,186.14944458007812
2016-05-09,-76.01387023925781
2016-05-10,436.6846466064453
2016-05-11,-252.6331329345703
2016-05-12,-80.06515502929688
2016-05-13,-215.42755126953125
2016-05-16,337.2002410888672
2016-05-17,-320.09521484375
2016-05-18,-108.17359924316406
2016-05-19,-135.85189819335938
2016-05-20,248.681640625
2016-05-23,-59.28550720214844
2016-05-24,383.66600036621094
2016-05-25,217.58567810058594
2016-05-26,19.871368408203125
2016-05-27,104.62646484375
2016-05-31,6.1737060546875
2016-06-01,55.88478088378906
2016-06-02,99.60166931152344
2016-06-03,91.99333190917969
2016-06-06,153.53424072265625
2016-06-07,19.020614624023438
2016-06-08,198.5210418701172
2016-06-09,-14.0875244140625
2016-06-10,-317.14324951171875
2016-06-13,-226.0979461669922
2016-06-14,-43.76197814941406
2016-06-15,6.403961181640625
2016-06-16,43.14872741699219
2016-06-17,-119.07829284667969
2016-06-20,164.47036743164062
2016-06-21,-35.08514404296875
2016-06-22,-61.07086181640625
2016-06-23,404.7266387939453
2016-06-24,-943.7009429931641
2016-06-27,-551.5683746337891
2016-06-28,558.0107879638672
2016-06-29,598.5821533203125
2016-06-30,484.40025329589844
2016-07-01,211.82693481445312
2016-07-05,-160.1824951171875
2016-07-06,273.36997985839844
2016-07-07,-28.0462646484375
2016-07-08,577.7594757080078
2016-07-11,61.493682861328125
2016-07-12,106.06803894042969
2016-07-13,44.63554382324219
2016-07-14,138.38882446289062
2016-07-15,-96.00303649902344
2016-07-18,141.06590270996094
2016-07-19,-46.040802001953125
2016-07-20,120.5712890625
2016-07-21,-18.494338989257812
2016-07-22,111.690673828125
2016-07-25,-120.19783020019531
2016-07-26,53.02314758300781
2016-07-27,153.30642700195312
2016-07-28,38.901824951171875
2016-07-29,158.5663604736328
2016-08-01,6.942291259765625
2016-08-02,-203.0945587158203
2016-08-03,82.41806030273438
2016-08-04,78.64311218261719
2016-08-05,162.96157836914062
2016-08-08,-30.73699951171875
2016-08-09,86.42143249511719
2016-08-10,-53.80012512207031
2016-08-11,102.00469970703125
2016-08-12,-15.07720947265625
2016-08-15,131.81510925293696
2016-08-16,-165.87150573731196
2016-08-17,74.48066711425781
2016-08-18,109.35600280761719
2016-08-19,-114.00001525878906
2016-08-22,9.423370361328125
2016-08-23,78.72459411621094
2016-08-24,-272.2772216796875
2016-08-25,-45.89836120605469
2016-08-26,-67.68653869628906
2016-08-29,188.321533203125
2016-08-30,-142.611083984375
2016-08-31,-104.14985656738281
2016-09-01,63.773193359375
2016-09-02,208.70338439941406
2016-09-06,264.69520568847656
2016-09-07,-6.0929107666015625
2016-09-08,-179.07325744628906
2016-09-09,-955.3926086425781
2016-09-12,525.5377197265625
2016-09-13,-539.3278503417969
2016-09-14,66.41082763671147
2016-09-15,367.78305053711665
2016-09-16,-118.14559936523438
2016-09-19,-14.829864501945849
2016-09-20,21.279296874992724
2016-09-21,501.5629577636719
2016-09-22,279.3959808349682
2016-09-23,-205.79925537110103
2016-09-26,-284.0447998046875
2016-09-27,211.64344787597656
2016-09-28,136.58729553222656
2016-09-29,-322.6386260986328
2016-09-30,240.10894775390625
2016-10-03,-107.41744995117188
2016-10-04,-388.8389587402344
2016-10-05,123.74015808105469
2016-10-06,-47.27210998535156
2016-10-07,-104.81910705566406
2016-10-10,211.06910705566406
2016-10-11,-517.0406341552734
2016-10-12,40.49842834472656
2016-10-13,-97.86758422851562
2016-10-14,-31.225128173828125
2016-10-17,-78.93791198730469
2016-10-18,287.847595214851
2016-10-19,114.89028930663335
2016-10-20,-83.88427734375
2016-10-21,49.21958923339844
2016-10-24,202.18276977539062
2016-10-25,-80.74668884277344
2016-10-26,-170.33096313476562
2016-10-27,-127.40081787109375
2016-10-28,-112.12341308594478
2016-10-31,24.111175537123927
2016-11-01,-222.9566192627026
2016-11-02,-183.3197784423828
2016-11-03,-174.43084716796875
2016-11-04,-36.973419189453125
2016-11-07,655.5521392822266
2016-11-08,136.18942260742188
2016-11-09,261.3976287841797
2016-11-10,-188.04794311523438
2016-11-11,-182.01492309570312
2016-11-14,-128.17092895507812
2016-11-15,391.0540008544922
2016-11-16,2.0660400390625
2016-11-17,143.57406616210938
2016-11-18,-160.09033203125
2016-11-21,318.5733795165943
2016-11-22,93.45947265625728
2016-11-23,-146.78512573242188
2016-11-25,103.20533752441406
2016-11-28,-83.38539123535156
2016-11-29,58.73199462890625
2016-11-30,-275.19309997558594
2016-12-01,-295.0566101074219
2016-12-02,82.85942077636719
2016-12-05,220.18966674804688
2016-12-06,119.10957336425781
2016-12-07,505.4928588867115
2016-12-08,67.6374816894604
2016-12-09,154.32296752929688
2016-12-12,-72.90176391601562
2016-12-13,283.49082946777344
2016-12-14,-379.29588317871094
2016-12-15,45.419464111328125
2016-12-16,-43.40461730957031
2016-12-19,150.36773681640625
2016-12-20,108.82514953614009
2016-12-21,-72.69897460938228
2016-12-22,-100.31997680664062
2016-12-23,68.98345947264897
2016-12-27,143.26850891114736
2016-12-28,-273.561706542976
2016-12-29,75.15602111816406
2016-12-30,-214.81727600098384
2017-01-03,338.8611602783276
2017-01-04,258.0335998535156
2017-01-05,140.90103149414062
2017-01-06,107.45765686035156
2017-01-09,-5.2730560302734375
2017-01-10,49.4232177734375
2017-01-11,129.65538024902344
2017-01-12,-65.042724609375
2017-01-13,101.98013305664062
2017-01-17,-32.26264953613281
2017-01-18,-4.3447113037109375
2017-01-19,-130.14663696289062
2017-01-20,142.14569091796875
2017-01-23,-10.369338989257812
2017-01-24,220.7623291015625
2017-01-25,272.40867614746094
2017-01-26,-74.33937072753906
2017-01-27,-8.045578002929688
2017-01-30,-235.6060028076172
2017-01-31,81.66641235351562
2017-02-01,41.12861633300781
2017-02-02,47.39166259765625
2017-02-03,247.4681854248047
2017-02-06,55.48095703125
2017-02-07,34.419403076171875
2017-02-08,108.15643310546875
2017-02-09,147.0525360107349
2017-02-10,162.28805541992915
2017-02-13,160.82923889160156
2017-02-14,137.49290466308594
2017-02-15,227.39402770996094
2017-02-16,16.388397216796875
2017-02-17,85.10162353515625
2017-02-21,226.93946838378906
2017-02-22,-14.174270629882812
2017-02-23,35.1531982421875
2017-02-24,125.33699035644531
2017-02-27,20.333175659179688
2017-02-28,-119.93278503418696
2017-03-01,479.8918151855614
2017-03-02,-328.395690917976
2017-03-03,40.63713073730469
2017-03-06,-164.1246795654297
2017-03-07,-168.51234436035156
2017-03-08,-100.23948669432866
2017-03-09,-14.272842407233838
2017-03-10,173.89114379882812
2017-03-13,20.246505737304688
2017-03-14,-168.36235046387446
2017-03-15,474.52445983888174
2017-03-16,-45.77308654785884
2017-03-17,-17.373580932624463
2017-03-20,4.640350341804151
2017-03-21,-476.9715881347656
2017-03-22,150.66307067871094
2017-03-23,-61.18080139160156
2017-03-24,14.212493896484375
2017-03-27,33.12469482421875
2017-03-28,234.38812255859375
2017-03-29,111.08055114746094
2017-03-30,61.59477233886719
2017-03-31,-53.63128662109375
2017-04-03,-6.489715576171875
2017-04-04,38.72467041015625
2017-04-05,-132.88833618164062
2017-04-06,72.64244079590571
2017-04-07,-35.444335937507276
2017-04-10,34.83985900878906
2017-04-11,40.01556396484375
2017-04-12,-118.34365844726562
2017-04-13,-194.4170379638672
2017-04-17,317.74253845214844
2017-04-18,-40.35682678222656
2017-04-19,-97.36167907714844
2017-04-20,325.5369567871094
2017-04-21,-78.13385009765625
2017-04-24,391.5239715576172
2017-04-25,167.11288452148438
2017-04-26,11.8701171875
2017-04-27,70.53062438964844
2017-04-28,-31.600723266601562
2017-05-01,98.89961242675781
2017-05-02,36.88224792480469
2017-05-03,-173.24127197265625
2017-05-04,-32.75382995605469
2017-05-05,181.923828125
2017-05-08,-21.464691162109375
2017-05-09,-24.694747924804688
2017-05-10,62.8021240234375
2017-05-11,-50.16990661621094
2017-05-12,8.487243652336474
2017-05-15,212.26959228516353
2017-05-16,51.965484619140625
2017-05-17,-660.9135437011719
2017-05-18,144.266357421875
2017-05-19,278.5590362548828
2017-05-22,261.0658264160156
2017-05-23,19.16748046875
2017-05-24,163.61358642578125
2017-05-25,222.91770935058594
2017-05-26,69.58175659179688
2017-05-30,-33.72833251953125
2017-05-31,15.59417724609375
2017-06-01,303.8928985595703
2017-06-02,293.0232238769531
2017-06-05,-36.174163818359375
2017-06-06,-52.978363037109375
2017-06-07,49.34822082519531
2017-06-08,-6.718902587890625
2017-06-09,-371.7198181152344
2017-06-12,-73.12294006347656
2017-06-13,243.9813995361328
2017-06-14,-92.220458984375
2017-06-15,-142.3041534423828
2017-06-16,-37.77519226074219
2017-06-19,372.62840270996094
2017-06-20,-294.76234436035156
2017-06-21,108.19877624511719
2017-06-22,14.071807861320849
2017-06-23,117.49481201172603
2017-06-26,-74.1009521484375
2017-06-27,-446.30706787109375
2017-06-28,433.7432861328125
2017-06-29,-491.9823455810547
2017-06-30,35.67405700683594
2017-07-03,-145.95497131347656
2017-07-05,186.77200317382812
2017-07-06,-402.55218505859375
2017-07-07,252.3096466064453
2017-07-10,110.68870544433594
2017-07-11,26.290130615234375
2017-07-12,390.1451110839844
2017-07-13,61.37825012207031
2017-07-14,276.81617736816406
2017-07-17,38.7957763671875
2017-07-18,147.66441345214844
2017-07-19,235.4075622558521
2017-07-20,42.738189697265625
2017-07-21,22.36091613770259
2017-07-24,44.15618896484375
2017-07-25,9.044723510749463
2017-07-26,95.67573547362554
2017-07-27,-119.50981140136719
2017-07-28,8.139572143554688
2017-07-31,-61.56044006347656
2017-08-01,118.67027282714844
2017-08-02,13.345489501953125
2017-08-03,-81.40861511230469
2017-08-04,20.811080932617188
2017-08-07,123.91426086425781
2017-08-08,-91.87400817871094
2017-08-09,51.89323425292969
2017-08-10,-625.6173706054688
2017-08-11,165.42259216308594
2017-08-14,399.3230438232422
2017-08-15,-64.38362121582031
2017-08-16,129.79652404785156
2017-08-17,-669.3097686767578
2017-08-18,-70.17585754395259
2017-08-21,43.6958312988354
2017-08-22,443.8557434082031
2017-08-23,-99.47257995605469
2017-08-24,-126.93344116210938
2017-08-25,82.09556579589844
2017-08-28,139.15298461914062
2017-08-29,65.29388427734375
2017-08-30,275.1727294921875
2017-08-31,392.19444274902344
2017-09-01,37.40325927734375
2017-09-05,-228.6054229736328
2017-09-06,88.08349609375
2017-09-07,108.41682434082031
2017-09-08,-143.5999298095703
2017-09-11,347.90428161621094
2017-09-12,145.0836181640625
2017-09-13,-26.545639038085938
2017-09-14,-42.82402038574219
2017-09-15,55.153045654296875
2017-09-18,-7.9689788818359375
2017-09-19,52.85682678222656
2017-09-20,-66.2200927734375
2017-09-21,-202.77114868164062
2017-09-22,37.2747802734375
2017-09-25,-94.75402832031978
2017-09-26,-29.7764587402271
2017-09-27,156.01280212402344
2017-09-28,52.25944519042969
2017-09-29,157.85560607910156
2017-10-02,114.9359130859375
2017-10-03,97.69851684570312
2017-10-04,63.995513916015625
2017-10-05,255.1764678955078
2017-10-06,2.87750244140625
2017-10-09,-13.010940551757812
2017-10-10,110.87158203125
2017-10-11,105.52215576171875
2017-10-12,-54.66094970703125
2017-10-13,140.28091430664062
2017-10-16,25.383834838867188
2017-10-17,-6.279144287109375
2017-10-18,-13.48388671875
2017-10-19,6.602783203125
2017-10-20,143.69529724121094
2017-10-23,-188.60641479492188
2017-10-24,39.751434326171875
2017-10-25,-212.89756774902344
2017-10-26,-53.62388610839844
2017-10-27,635.2168273925781
2017-10-30,-74.54582214355469
2017-10-31,71.57569885253179
2017-11-01,61.46522521973384
2017-11-02,0.6134033203125
2017-11-03,190.9465789794922
2017-11-06,150.938720703125
2017-11-07,-46.1744689941479
2017-11-08,117.96714782715571
2017-11-09,-168.13560485839844
2017-11-10,-86.84272766113281
2017-11-13,50.74729919433594
2017-11-14,-91.77177429199219
2017-11-15,-210.30433654785156
2017-11-16,421.24969482421875
2017-11-17,-50.16059875488281
2017-11-20,-26.107101440429688
2017-11-21,362.5410461425781
2017-11-22,58.21662902832031
2017-11-24,102.47688293457031
2017-11-27,-4.923858642578125
2017-11-28,364.18670654296875
2017-11-29,-277.41004943847656
2017-11-30,321.85874938964844
2017-12-01,-74.31449890136719
2017-12-04,-196.1791229248047
2017-12-05,-154.6221160888672
2017-12-06,46.121826171875
2017-12-07,64.93904113769531
2017-12-08,229.58984375
2017-12-11,156.5947723388672
2017-12-12,43.030548095703125
2017-12-13,94.0435791015625
2017-12-14,-162.9370880126953
2017-12-15,436.1799621582031
2017-12-18,338.2115936279297
2017-12-19,-224.35897827148438
2017-12-20,-24.84954833984375
2017-12-21,87.64259338378906
2017-12-22,11.4910888671875
2017-12-26,-52.08259582519531
2017-12-27,63.22990417480469
2017-12-28,112.64366149902344
2017-12-29,-150.2044677734375
2018-01-02,504.47052001953125
2018-01-03,319.02130126953125
2018-01-04,191.3428497314453
2018-01-05,328.7450408935547
2018-01-08,116.78565979003906
2018-01-09,24.270477294921875
2018-01-10,-67.06703186035156
2018-01-11,374.00917053222656
2018-01-12,389.42787170410156
2018-01-16,-152.5804901123047
2018-01-17,409.2339324951172
2018-01-18,-87.65304565429688
2018-01-19,221.35894775390625
2018-01-22,430.78819274902344
2018-01-23,237.4585723876953
2018-01-24,-34.90760803222656
2018-01-25,-11.732406616210938
2018-01-26,594.21875
2018-01-29,-351.63299560546875
2018-01-30,-523.7789916992188
2018-01-31,113.64036560058594
2018-02-01,-141.78573608398438
2018-02-02,-1140.450210571289
2018-02-05,-1892.6332092285156
2018-02-06,858.1112670898438
2018-02-07,-381.68357849121094
2018-02-08,-1779.1241455078125
2018-02-09,654.7779846191406
2018-02-12,719.9483489990234
2018-02-13,196.02210998535156
2018-02-14,775.4267883300781
2018-02-15,679.0047454833984
2018-02-16,-49.38255310058594
2018-02-20,-284.85343933106196
2018-02-21,-262.45071411132085
2018-02-22,77.66387939453125
2018-02-23,814.8353576660156
2018-02-26,584.9079132080078
2018-02-27,-687.5130462646484
2018-02-28,-445.2357482910156
2018-03-01,-685.0033569335938
2018-03-02,325.1360321044922
2018-03-05,520.2285766601562
2018-03-06,224.8748016357422
2018-03-07,-12.147140502929688
2018-03-08,221.5662384033203
2018-03-09,849.8635101318359
2018-03-12,40.148773193359375
2018-03-13,-393.8349914550781
2018-03-14,-171.7748260498047
2018-03-15,-91.75048828125
2018-03-16,-15.080184936523438
2018-03-19,-739.0359497070312
2018-03-20,61.45149230957031
2018-03-21,-2.182159423828125
2018-03-22,-1191.5312957763672
2018-03-23,-963.118896484375
2018-03-26,1375.8673095703125
2018-03-27,-1006.9219970703125
2018-03-28,-320.1930236816406
2018-03-29,678.5787200927734
2018-04-02,-1023.2527160644531
2018-04-03,497.8154754638672
2018-04-04,561.1191558837891
2018-04-05,284.7697448730469
2018-04-06,-1005.7406616210938
2018-04-09,260.92864990234375
2018-04-10,804.2527008056641
2018-04-11,-187.8131866455078
2018-04-12,336.1908721923828
2018-04-13,-116.22474670410156
2018-04-16,385.6791687011719
2018-04-17,641.2516021728516
2018-04-18,39.01878356933594
2018-04-19,-338.8306427001953
2018-04-20,-553.3758544921875
2018-04-23,-92.84149169921875
2018-04-24,-689.9657440185547
2018-04-25,32.231292724609375
2018-04-26,584.7997283935474
2018-04-27,74.52919006348384
2018-04-30,-388.8506317138672
2018-05-01,142.1533966064453
2018-05-02,-294.3396759033203
2018-05-03,-43.842926025390625
2018-05-04,688.8831329345703
2018-05-07,228.4978485107422
2018-05-08,-13.591232299804688
2018-05-09,446.1768341064453
2018-05-10,507.5083923339844
2018-05-11,81.732177734375
2018-05-14,4.078826904296875
2018-05-15,-511.0084533691406
2018-05-16,223.38119506835938
2018-05-17,-69.51454162597656
2018-05-18,-128.19381713867188
2018-05-21,337.76519775390625
2018-05-22,-126.47575378417969
2018-05-23,232.25265502929688
2018-05-24,-3.78753662109375
2018-05-25,-68.7615966796875
2018-05-29,-392.0094299316479
2018-05-30,537.1358489990307
2018-05-31,-248.67523193359375
2018-06-01,526.7654418945312
2018-06-04,263.1029510498047
2018-06-05,105.849609375
2018-06-06,362.5487518310547
2018-06-07,-111.83082580566406
2018-06-08,109.86885070800781
2018-06-11,89.27474975585938
2018-06-12,103.83499145507085
2018-06-13,-108.20098876952397
2018-06-14,254.79774475097656
2018-06-15,-190.5144500732422
2018-06-18,-82.38265991210938
2018-06-19,-173.06114196777344
2018-06-20,118.73336791992188
2018-06-21,-355.3660583496094
2018-06-22,49.9969482421875
2018-06-25,-813.9218902587891
2018-06-26,112.60147094726562
2018-06-27,-497.30216979981196
2018-06-28,292.851257324226
2018-06-29,97.05780029296875
2018-07-02,101.66740417480469
2018-07-03,-190.98892211914062
2018-07-05,481.9047546386719
2018-07-06,502.7085876464844
2018-07-09,450.9239196777344
2018-07-10,112.10098266601562
2018-07-11,-391.6552734375
2018-07-12,577.3900604248047
2018-07-13,18.679428100585938
2018-07-16,-86.55387878417969
2018-07-17,169.05982971191406
2018-07-18,49.528961181640625
2018-07-19,-200.87890625
2018-07-20,-31.618576049804688
2018-07-23,55.94291687011719
2018-07-24,219.91188049316406
2018-07-25,534.6951293945312
2018-07-26,-334.5024108886719
2018-07-27,-446.66038513183594
2018-07-30,-414.0739440917969
2018-07-31,311.9622039794922
2018-08-01,-50.79322814941406
2018-08-02,359.89891052246094
2018-08-03,224.06410217285156
2018-08-06,202.3052978515625
2018-08-07,171.2567138671875
2018-08-08,9.068756103515625
2018-08-09,-45.06782531738281
2018-08-10,-335.2240753173828
2018-08-13,-239.1356658935547
2018-08-14,322.35107421875
2018-08-15,-534.1571807861328
2018-08-16,336.67259216308594
2018-08-17,194.5892333984375
2018-08-20,101.62544250488281
2018-08-21,165.90980529785156
2018-08-22,59.412841796875
2018-08-23,-129.98008728027344
2018-08-24,454.971923828125
2018-08-27,439.46548461913335
2018-08-28,-16.824111938469287
2018-08-29,384.11582946777344
2018-08-30,-201.14959716796875
2018-08-31,19.295730590820312
2018-09-04,-162.42538452148438
2018-09-05,-269.0785217285156
2018-09-06,-215.06362915039062
2018-09-07,-169.16427612304688
2018-09-10,116.85348510742188
2018-09-11,217.60093688964116
2018-09-12,19.156494140625
2018-09-13,343.5729217529297
2018-09-14,-76.5019226074146
2018-09-17,-384.8094940185547
2018-09-18,291.011962890625
2018-09-19,28.93638610839116
2018-09-20,483.8049316406323
2018-09-21,-146.6949462890625
2018-09-24,-101.68693542480469
2018-09-25,-8.058395385742188
2018-09-26,-124.52629089355469
2018-09-27,174.41329956054688
2018-09-28,40.23307800292969
2018-10-01,113.6016845703125
2018-10-02,13.688201904296875
2018-10-03,-15.275802612304688
2018-10-04,-592.2867584228516
2018-10-05,-387.9901885986328
2018-10-08,-158.4362030029297
2018-10-09,3.384552001953125
2018-10-10,-1777.5153350830078
2018-10-11,-784.2706298828125
2018-10-12,813.282470703125
2018-10-15,-312.3143005371094
2018-10-16,1158.6351013183594
2018-10-17,-7.3026275634765625
2018-10-18,-837.7000427246094
2018-10-19,-54.40849304199219
2018-10-22,-105.10238647460938
2018-10-23,-195.0652313232422
2018-10-24,-1655.2659606933594
2018-10-25,1041.1460876464844
2018-10-26,-916.6658782958984
2018-10-29,-481.6021728515625
2018-10-30,685.2122497558521
2018-10-31,617.8691864013745
2018-11-01,639.9872589111328
2018-11-02,-420.53138732910156
2018-11-05,147.5170135498047
2018-11-06,297.7959442138672
2018-11-07,1166.8680572509766
2018-11-08,-177.97386169433594
2018-11-09,-631.8601226806641
2018-11-12,-1104.5248413085938
2018-11-13,-52.50434875488281
2018-11-14,-290.89324951171875
2018-11-15,603.017578125
2018-11-16,100.97412109375
2018-11-19,-1017.7870941162109
2018-11-20,-864.3286895751953
2018-11-21,242.09487915039062
2018-11-23,-309.5503234863281
2018-11-26,813.8050842285156
2018-11-27,105.82542419433594
2018-11-28,1231.2470245361328
2018-11-29,-92.26364135742188
2018-11-30,315.01686096191406
2018-12-03,737.1221160888672
2018-12-04,-1627.7201080322266
2018-12-06,53.51593017578125
2018-12-07,-1174.9224090576172
2018-12-10,172.37564086914062
2018-12-11,38.019866943359375
2018-12-12,294.3018341064453
2018-12-13,-37.79975891113281
2018-12-14,-945.7221221923828
2018-12-17,-904.47509765625
2018-12-18,72.82386779785156
2018-12-19,-818.3638763427734
2018-12-20,-619.8216247558594
2018-12-21,-1050.0421142578125
2018-12-24,-1027.5904083251953
2018-12-26,2172.121047973633
2018-12-27,366.82334899902344
2018-12-28,-4.8094940185546875
2018-12-31,417.8502655029297
2019-01-02,98.0609130859375
2019-01-03,-1073.5896301269531
2019-01-04,1480.6788635253906
2019-01-07,434.0061950683594
2019-01-08,404.59976196288335
2019-01-09,306.0675048828198
2019-01-10,117.37968444824219
2019-01-11,-7.804412841796875
2019-01-14,-309.5623016357422
2019-01-15,607.6408386230469
2019-01-16,106.99974060058594
2019-01-17,345.0194549560547
2019-01-18,517.2051239013599
2019-01-22,-690.1824951171802
2019-01-23,75.69816589355469
2019-01-24,122.09266662597656
2019-01-25,530.3459167480469
2019-01-28,-392.5037384033203
2019-01-29,-114.31175231933594
2019-01-30,894.1297149658203
2019-01-31,535.5191802978516
2019-02-01,-60.46417236328125
2019-02-04,374.65721130371094
2019-02-05,295.59303283691406
2019-02-06,-127.3236083984375
2019-02-07,-493.5966491699219
2019-02-08,101.05697631835938
2019-02-11,-8.89312744140625
2019-02-12,653.3827972412109
2019-02-13,88.05900573730469
2019-02-14,-10.600738525390625
2019-02-15,486.9288635253906
2019-02-19,193.173828125
2019-02-20,58.01727294921875
2019-02-21,-263.0012512207031
2019-02-22,366.287841796875
2019-02-25,89.59831237792969
2019-02-26,-4.7205352783203125
2019-02-27,-75.0689697265625
2019-02-28,-144.8694610595703
2019-03-01,195.16021728515625
2019-03-04,-145.2605438232422
2019-03-05,-31.945037841796875
2019-03-06,-310.2227020263672
2019-03-07,-442.200927734375
2019-03-08,-16.1956787109375
2019-03-11,760.4447937011719
2019-03-12,261.2229919433594
2019-03-13,379.3927764892578
2019-03-14,-126.93389892578125
2019-03-15,345.8955383300781
2019-03-18,166.14341735839844
2019-03-19,62.9351806640625
2019-03-20,3.57696533203125
2019-03-21,614.3254089355469
2019-03-22,-988.0889129638672
2019-03-25,4.35516357421875
2019-03-26,310.22796630859375
2019-03-27,-291.3988494873047
2019-03-28,93.88427734375
2019-03-29,338.8085937499927
2019-04-01,563.8355255127026
2019-04-02,90.93391418457031
2019-04-03,129.40895080566406
2019-04-04,111.23641967773438
2019-04-05,256.7052459716797
2019-04-08,84.96963500976562
2019-04-09,-210.99533081054688
2019-04-10,248.44139099121094
2019-04-11,-134.2523193359375
2019-04-12,295.8648681640625
2019-04-15,-34.02565002441406
2019-04-16,1.1956787109375
2019-04-17,-69.99153137207031
2019-04-18,102.53059387207031
2019-04-22,58.493499755859375
2019-04-23,538.8560485839844
2019-04-24,-82.60383605957031
2019-04-25,25.607681274414062
2019-04-26,258.1141662597656
2019-04-29,43.93714904785156
2019-04-30,-68.83529663085938
2019-05-01,-375.2649688720703
2019-05-02,-180.0426483154297
2019-05-03,665.8144378662109
2019-05-06,-219.31358337402344
2019-05-07,-900.1224517822266
2019-05-08,-112.12364196777344
2019-05-09,-170.396728515625
2019-05-10,212.45933532714844
2019-05-13,-1364.6611785888672
2019-05-14,477.60841369628906
2019-05-15,421.93641662597656
2019-05-16,429.0050506591797
2019-05-17,-436.834716796875
2019-05-20,-500.5303192138672
2019-05-21,470.726623535149
2019-05-22,-175.28999328612554
2019-05-23,-601.1385345458984
2019-05-24,85.3839111328125
2019-05-28,-397.1708679199219
2019-05-29,-359.7735595703125
2019-05-30,209.92965698242188
2019-05-31,-591.7813873291016
2019-06-03,-266.88865661621094
2019-06-04,1144.9312591552734
2019-06-05,422.7008819580078
2019-06-06,356.4569854736328
2019-06-07,682.1331024169922
2019-06-10,266.77154541015625
2019-06-11,-11.813583374023438
2019-06-12,-96.95152282714844
2019-06-13,296.6436004638672
2019-06-14,-115.33012390136719
2019-06-17,98.74320983886719
2019-06-18,657.6449584960938
2019-06-19,220.01197814941406
2019-06-20,669.5124816894531
2019-06-21,-37.350311279296875
2019-06-24,12.452392578125
2019-06-25,-606.9969177246094
2019-06-26,-62.938232421875
2019-06-27,236.50238037109375
2019-06-28,262.9998779296875
2019-07-01,389.82086181640625
2019-07-02,310.5426025390625
2019-07-03,441.77001953125
2019-07-05,-180.50491333007812
2019-07-08,-360.8076477050781
2019-07-09,140.40283203125
2019-07-10,435.0514221191406
2019-07-11,-13.377532958984375
2019-07-12,317.7232360839844
2019-07-15,60.189971923828125
2019-07-16,-263.1559753417969
2019-07-17,-205.54824829101562
2019-07-18,270.35430908203125
2019-07-19,-437.8506469726708
2019-07-22,219.45983886720205
2019-07-23,326.8292236328125
2019-07-24,349.6604919433594
2019-07-25,-394.6949768066406
2019-07-26,435.1263427734375
2019-07-29,-81.669921875
2019-07-30,-122.8521728515625
2019-07-31,-717.567138671875
2019-08-01,-202.9937744140625
2019-08-02,-532.2909545898438
2019-08-05,-1532.0893859863281
2019-08-06,783.2205200195312
2019-08-07,209.74441528320312
2019-08-08,1087.1107482910156
2019-08-09,-441.2889099121094
2019-08-12,-529.1499328613281
2019-08-13,829.4012451171875
2019-08-14,-1484.439697265625
2019-08-15,161.14959716796875
2019-08-16,727.5238037109375
2019-08-19,572.4418640136719
2019-08-20,-330.1353454589844
2019-08-21,415.3523254394531
2019-08-22,-99.10980224609375
2019-08-23,-1270.4811096191406
2019-08-26,610.6340026855469
2019-08-27,-89.68505859375
2019-08-28,299.78057861328125
2019-08-29,651.4518737792969
2019-08-30,-69.78836059570312
2019-09-03,-264.9882507324219
2019-09-04,692.8302001953125
2019-09-05,548.9048767089844
2019-09-06,-42.56134033203125
2019-09-09,-74.58236694335938
2019-09-10,-139.03121948242188
2019-09-11,466.844482421875
2019-09-12,191.36642456054688
2019-09-13,-188.74908447265625
2019-09-16,-95.09613037109375
2019-09-17,201.97158813476562
2019-09-18,-30.130767822265625
2019-09-19,54.8724365234375
2019-09-20,-226.55364990234375
2019-09-23,52.51953125
2019-09-24,-455.0923156738281
2019-09-25,225.02395629882812
2019-09-26,-135.77560424804688
2019-09-27,-426.70440673828125
2019-09-30,214.46990966796875
2019-10-01,-552.9702758789062
2019-10-02,-814.2794799804688
2019-10-03,525.7844543457031
2019-10-04,738.0366516113281
2019-10-07,-289.2103576660156
2019-10-08,-760.3387451171875
2019-10-09,494.2878723144531
2019-10-10,279.95513916015625
2019-10-11,523.36181640625
2019-10-14,-1.114654541015625
2019-10-15,502.45330810546875
2019-10-16,-54.3896484375
2019-10-17,169.7467041015625
2019-10-18,-315.02593994140625
2019-10-21,341.357421875
2019-10-22,-209.46456909179688
2019-10-23,153.03085327148438
2019-10-24,273.35723876953125
2019-10-25,283.11737060546875
2019-10-28,299.5759582519531
2019-10-29,-145.71823120117188
2019-10-30,252.5628662109375
2019-10-31,-0.72906494140625
2019-11-01,525.9831237792969
2019-11-04,208.37600708007812
2019-11-05,-177.36282348632812
2019-11-06,13.791351318359375
2019-11-07,41.26373291015625
2019-11-08,114.3768310546875
2019-11-11,-111.10382080078125
2019-11-12,148.953857421875
2019-11-13,60.899200439453125
2019-11-14,94.21417236328125
2019-11-15,394.229736328125
2019-11-18,72.81280517578125
2019-11-19,31.33270263671875
2019-11-20,-213.5418701171875
2019-11-21,-164.32998657226562
2019-11-22,93.02703857421875
2019-11-25,499.3482971191406
2019-11-26,168.8653564453125
2019-11-27,249.48776245117188
2019-11-29,-194.5098876953125
2019-12-02,-546.9190979003906
2019-12-03,-277.9087829589844
2019-12-04,308.4330749511719
2019-12-05,95.38848876953125
2019-12-06,460.2873229980469
2019-12-09,-202.845458984375
2019-12-10,-42.64404296875
2019-12-11,269.835205078125
2019-12-12,406.1181640625
2019-12-13,138.02017211914062
2019-12-16,430.4969787597656
2019-12-17,19.946136474609375
2019-12-18,9.441680908203125
2019-12-19,301.2803649902344
2019-12-20,270.3338623046875
2019-12-23,112.03155517578125
2019-12-24,86.25701904296875
2019-12-26,428.01483154296875
2019-12-27,-24.08111572265625
2019-12-30,-330.92254638671875
2019-12-31,141.71417236328125
2020-01-02,722.54638671875
2020-01-03,-337.53448486328125
2020-01-06,330.875244140625
2020-01-07,-95.12741088867188
2020-01-08,279.51812744140625
2020-01-09,395.0062561035156
2020-01-10,-110.2728271484375
2020-01-13,431.3685607910156
2020-01-14,-114.57809448242188
2020-01-15,163.33709716796875
2020-01-16,512.0343017578125
2020-01-17,225.499267578125
2020-01-21,-67.63992309570312
2020-01-22,66.6937255859375
2020-01-23,137.003173828125
2020-01-24,-489.6514892578125
2020-01-27,-962.0138549804688
2020-01-28,615.8908081054688
2020-01-29,57.858123779296875
2020-01-30,192.70263671875
2020-01-31,-990.2604675292969
2020-02-03,534.5890808105469
2020-02-04,932.9643249511719
2020-02-05,534.4146728515625
2020-02-06,339.73968505859375
2020-02-07,-272.6515197753906
2020-02-10,572.8369140625
2020-02-11,55.07385253904795
2020-02-12,442.6506042480614
2020-02-13,-11.717071533203125
2020-02-14,163.67874145507812
2020-02-18,3.260955810546875
2020-02-19,434.31427001953125
2020-02-20,-286.9020080566406
2020-02-21,-672.4504089355469
2020-02-24,-2053.6439514160156
2020-02-25,-1897.9386901855469
2020-02-26,-62.87689208984375
2020-02-27,-2667.1038818359375
2020-02-28,-409.6189880371094
2020-03-02,2533.0068969726562
2020-03-03,-1385.9272766113281
2020-03-04,2334.6197509765625
2020-03-05,-1692.589111328125
2020-03-06,-901.5240478515625
2020-03-09,-4226.517639160156
2020-03-10,2384.140625
2020-03-11,-2759.62158203125
2020-03-12,-5636.691818237305
2020-03-13,4130.384063720703
2020-03-16,-5722.374954223633
2020-03-17,2586.1014556884766
2020-03-18,-2532.3037719726635
2020-03-19,62.228393554694776
2020-03-20,-1642.4943542480469
2020-03-23,-305.172119140625
2020-03-24,4104.695129394531
2020-03-25,374.52369689941406
2020-03-26,2815.6178283691406
2020-03-27,-1570.5917358398438
2020-03-30,1634.1354370117188
2020-03-31,-961.0822296142578
2020-04-01,-2063.9291381835938
2020-04-02,1179.4194030761719
2020-04-03,-680.1271057128906
2020-04-06,3489.031524658203
2020-04-07,-3.10394287109375
2020-04-08,1472.235336303711
2020-04-09,912.0869445800781
2020-04-13,-93.95591735839844
2020-04-14,1834.500503540039
2020-04-15,-1013.21533203125
2020-04-16,469.16358947753906
2020-04-17,1004.1556549072266
2020-04-20,-808.2623291015625
2020-04-21,-1793.0506134033203
2020-04-22,1427.4473571777344
2020-04-23,59.524383544921875
2020-04-24,746.1437225341797
2020-04-27,628.5623168945312
2020-04-28,-481.51580810546875
2020-04-29,1650.17333984375
2020-04-30,-568.768310546875
2020-05-01,-1467.618408203125
2020-05-04,344.3592834472656
2020-05-05,563.2086181640625
2020-05-06,-281.91253662109375
2020-05-07,836.01318359375
2020-05-08,821.5110778808594
2020-05-11,85.32730102539062
2020-05-12,-1100.6622314453125
2020-05-13,-831.1692810058594
2020-05-14,721.7427062988281
2020-05-15,353.03375244140625
2020-05-18,1435.2714538574219
2020-05-19,-362.3974609375
2020-05-20,1070.7499694824219
2020-05-21,-567.5474548339844
2020-05-22,197.87307739257812
2020-05-26,336.1341857910156
2020-05-27,719.7271728515625
2020-05-28,-88.13369750976562
2020-05-29,510.2998352050781
2020-06-01,282.8126525878906
2020-06-02,403.4577941894531
2020-06-03,487.76397705078125
2020-06-04,-181.46774291992188
2020-06-05,1260.2139282226562
2020-06-08,773.0836486816406
2020-06-09,-126.39434814453125
2020-06-10,114.1217041015625
2020-06-11,-3486.3890075683594
2020-06-12,667.0072937011719
2020-06-15,621.2136840820312
2020-06-16,1089.4332885742188
2020-06-17,-105.65277099609375
2020-06-18,66.63772583007812
2020-06-19,-147.22213745117188
2020-06-22,548.12255859375
2020-06-23,410.5860900878906
2020-06-24,-1512.447509765625
2020-06-25,637.3861694335938
2020-06-26,-1367.7947998046875
2020-06-29,803.5929870605469
2020-06-30,961.6975402831886
2020-07-01,462.30163574220205
2020-07-02,373.0262756347656
2020-07-06,1176.1151123046875
2020-07-07,-506.51885986328125
2020-07-08,637.3338317871094
2020-07-09,-77.28790283203125
2020-07-10,543.3937072753906
2020-07-13,-802.4342346191406
2020-07-14,740.5723571777344
2020-07-15,484.6907043457031
2020-07-16,-370.0877380371094
2020-07-17,238.62716674804688
2020-07-20,961.8292236328125
2020-07-21,-4.510650634765625
2020-07-22,456.9158935546875
2020-07-23,-958.3255004882958
2020-07-24,-411.9827270507667
2020-07-27,854.2910766601562
2020-07-28,-463.9039611816406
2020-07-29,854.2466735839844
2020-07-30,-95.78598022460938
2020-07-31,761.0154724121094
2020-08-03,613.0706787109375
2020-08-04,465.4039001464844
2020-08-05,417.4363708496094
2020-08-06,690.8480834960938
2020-08-07,-375.4351806640625
2020-08-10,-1.749267578125
2020-08-11,-1305.8409118652344
2020-08-12,1064.788818359375
2020-08-13,163.40194702148438
2020-08-14,-77.48565673828125
2020-08-17,612.2543334960938
2020-08-18,389.6430969238281
2020-08-19,-641.8881225585938
2020-08-20,511.3716125488281
2020-08-21,241.6143798828125
2020-08-24,527.7836608886719
2020-08-25,324.8057556152344
2020-08-26,1021.9581604003906
2020-08-27,-103.74191284179688
2020-08-28,587.8678894042969
2020-08-31,79.73480224609375
2020-09-01,857.9005432128906
2020-09-02,784.4720458984375
2020-09-03,-2914.346923828125
2020-09-04,-706.3055419921875
2020-09-08,-2322.8688049316406
2020-09-09,1573.8990783691406
2020-09-10,-1232.3526000976562
2020-09-11,-116.93130493164062
2020-09-14,1059.6490478515625
2020-09-15,523.0569458007812
2020-09-16,-491.5095520019531
2020-09-17,-774.0228271484375
2020-09-18,-758.1092834472656
2020-09-21,-638.4530639648438
2020-09-22,788.9225769042969
2020-09-23,-1901.1566162109375
2020-09-24,237.07000732421875
2020-09-25,1154.1087341308594
2020-09-28,1288.5035705566406
2020-09-29,-263.26873779296875
2020-09-30,417.0014953613281
2020-10-01,745.684814453125
2020-10-02,-1035.0204467773438
2020-10-05,1264.8176574707031
2020-10-06,-1104.2355346679688
2020-10-07,1139.2181396484375
2020-10-08,568.0760192871094
2020-10-09,902.6956176757812
2020-10-12,1403.2882690429688
2020-10-13,-427.2715759277344
2020-10-14,-459.8719787597656
2020-10-15,-158.84170532226562
2020-10-16,-206.94305419921875
2020-10-19,-1066.8182373046875
2020-10-20,252.38082885742188
2020-10-21,-69.48471069335938
2020-10-22,172.3968505859375
2020-10-23,201.20819091796875
2020-10-26,-1178.8784790039062
2020-10-27,47.66021728515625
2020-10-28,-2553.1768798828125
2020-10-29,749.7549438476562
2020-10-30,-983.7538146972656
2020-11-02,626.9761657714844
2020-11-03,1217.6045227050781
2020-11-04,2009.1069030761719
2020-11-05,1713.7663269042969
2020-11-06,-5.04913330078125
2020-11-09,-328.57574462890625
2020-11-10,-460.8460998535156
2020-11-11,823.4521484375
2020-11-12,-492.2673034667969
2020-11-13,923.3232116699219
2020-11-16,779.3191528320312
2020-11-17,-304.44000244140625
2020-11-18,-771.4154052734375
2020-11-19,400.5320739746094
2020-11-20,-427.12188720703125
2020-11-23,142.198486328125
2020-11-24,944.4154357910156
2020-11-25,74.30130004882812
2020-11-27,292.4131774902344
2020-11-30,-268.4797668457031
2020-12-01,1008.3175659179688
2020-12-02,163.48281860351562
2020-12-03,140.2264404296875
2020-12-04,498.0619812011719
2020-12-07,186.66595458984375
2020-12-08,282.71453857421875
2020-12-09,-1168.6814880371094
2020-12-10,107.38571166992188
2020-12-11,-89.6514892578125
2020-12-14,-77.69271850585938
2020-12-15,1047.0176696777344
2020-12-16,245.60714721679688
2020-12-17,566.9595336914062
2020-12-18,-273.78448486328125
2020-12-21,-240.91033935546875
2020-12-22,-44.53338623046875
2020-12-23,-14.828338623046875
2020-12-24,315.1713562011719
2020-12-28,602.6783752441406
2020-12-29,-76.73904418945312
2020-12-30,166.91680908203125
2020-12-31,354.49615478515625
2021-01-04,-860.3314208984375
2021-01-05,574.3545532226562
2021-01-06,-171.4141845703125
2021-01-07,1313.2838439941406
2021-01-08,279.17449951171875
2021-01-11,-721.0174560546875
2021-01-12,81.0369873046875
2021-01-13,263.0625915527344
2021-01-14,-285.8863830566406
2021-01-15,-693.77197265625
2021-01-19,861.0675048828125
2021-01-20,1405.345458984375
2021-01-21,202.92648315429688
2021-01-22,-291.5425109863281
2021-01-25,423.84002685546875
2021-01-26,-101.904296875
2021-01-27,-2037.2744750976562
2021-01-28,574.6682739257812
2021-01-29,-1524.6101379394531
2021-02-01,1540.6526184082031
2021-02-02,1020.1458740234375
2021-02-03,-76.04293823242188
2021-02-04,730.7366943359375
2021-02-05,393.7451171875
2021-02-08,680.1731872558594
2021-02-09,1.029510498046875
2021-02-10,-36.450042724609375
2021-02-11,156.97463989257812
2021-02-12,363.9019775390625
2021-02-16,-297.0365905761719
2021-02-17,-229.4189453125
2021-02-18,-372.9438781738281
2021-02-19,-133.14056396484375
2021-02-22,-1005.8798217773438
2021-02-23,-54.729461669921875
2021-02-24,781.57470703125
2021-02-25,-2436.261749267578
2021-02-26,-273.5374450683594
2021-03-01,1991.2741088867188
2021-03-02,-802.1583557128906
2021-03-03,-1552.3048400878906
2021-03-04,-1200.9153747558594
2021-03-05,1294.9136352539062
2021-03-08,-1058.1364440917969
2021-03-09,1876.7300415039062
2021-03-10,333.0084228515625
2021-03-11,1137.9486083984375
2021-03-12,-169.79873657226562
2021-03-15,645.7716369628906
2021-03-16,25.56488037109375
2021-03-17,348.40057373046875
2021-03-18,-1700.2604675292969
2021-03-19,80.73028564453125
2021-03-22,849.4883728027344
2021-03-23,-631.7486572265625
2021-03-24,-699.0147399902344
2021-03-25,250.40985107421875
2021-03-26,1232.6556396484375
2021-03-29,-214.45037841796875
2021-03-30,-353.97918701171875
2021-03-31,742.0573425292969
2021-04-01,1165.9657287597656
2021-04-05,1226.0220336914062
2021-04-06,62.079010009765625
2021-04-07,57.57568359375
2021-04-08,657.8715515136719
2021-04-09,468.80157470703125
2021-04-12,-66.676025390625
2021-04-13,548.5343933105469
2021-04-14,-530.2839660644531
2021-04-15,1166.1656188964844
2021-04-16,233.0712890625
2021-04-19,-580.57861328125
2021-04-20,-596.6014099121094
2021-04-21,891.6328430175781
2021-04-22,-862.9710388183594
2021-04-23,930.1834106445312
2021-04-26,334.412841796875
2021-04-27,-174.94781494140625
2021-04-28,-74.29702758789062
2021-04-29,370.194091796875
2021-04-30,-579.6586608886719
2021-05-03,85.6805419921875
2021-05-04,-896.1253356933594
2021-05-05,-37.711029052734375
2021-05-06,737.1980285644531
2021-05-07,724.1642761230469
2021-05-10,-1253.3016967773438
2021-05-11,-543.7843322753906
2021-05-12,-1992.8910827636719
2021-05-13,889.2431640625
2021-05-14,1534.8507690429688
2021-05-17,-198.45001220703125
2021-05-18,-636.0491943359375
2021-05-19,-126.95968627929688
2021-05-20,1157.4745178222656
2021-05-21,-176.81198120117188
2021-05-24,1027.8102111816406
2021-05-25,1.304168701171875
2021-05-26,213.94821166992188
2021-05-27,-51.717376708984375
2021-05-28,214.71694946289062
2021-06-01,-137.63015747070312
2021-06-02,188.85406494140625
2021-06-03,-686.9210815429688
2021-06-04,1078.4268188476562
2021-06-07,83.7701416015625
2021-06-08,47.301177978515625
2021-06-09,-103.96942138671875
2021-06-10,592.3307800292969
2021-06-11,86.55548095703125
2021-06-14,296.5422058105469
2021-06-15,-328.6680603027344
2021-06-16,-581.2744140625
2021-06-17,71.82296752929688
2021-06-18,-986.3832092285156
2021-06-21,1040.7565307617188
2021-06-22,541.3314819335938
2021-06-23,-53.621673583984375
2021-06-24,525.1017761230469
2021-06-25,188.52554321289062
2021-06-28,454.3367004394531
2021-06-29,38.315277099609375
2021-06-30,37.135772705078125
2021-07-01,361.5910339355469
2021-07-02,797.3846435546875
2021-07-06,78.61846923828125
2021-07-07,277.6054382324219
2021-07-08,-656.827392578125
2021-07-09,830.7363891601562
2021-07-12,294.56024169921875
2021-07-13,-261.6204833984375
2021-07-14,205.90133666992188
2021-07-15,-380.52764892578125
2021-07-16,-784.283447265625
2021-07-19,-1027.8114318847656
2021-07-20,1186.8565368652344
2021-07-21,648.8844299316406
2021-07-22,322.4934387207031
2021-07-23,900.7525634765625
2021-07-26,136.91192626953125
2021-07-27,-569.7430419921875
2021-07-28,171.920166015625
2021-07-29,383.13385009765625
2021-07-30,-515.772705078125
2021-08-02,-99.89028930664062
2021-08-03,636.2969970703125
2021-08-04,-245.2484130859375
2021-08-05,522.6429748535156
2021-08-06,-287.10693359375
2021-08-09,-150.80459594726562
2021-08-10,-93.5870361328125
2021-08-11,209.30633544921875
2021-08-12,283.5209655761719
2021-08-13,339.1313171386719
2021-08-16,167.81661987304688
2021-08-17,-691.3804626464844
2021-08-18,-914.3829345703125
2021-08-19,180.147705078125
2021-08-20,792.613525390625
2021-08-23,1080.4924011230469
2021-08-24,202.23785400390625
2021-08-25,103.75457763671875
2021-08-26,-551.988525390625
2021-08-27,1013.6892700195312
2021-08-30,554.8054504394531
2021-08-31,-117.90130615234375
2021-09-01,107.79495239257812
2021-09-02,172.04620361328125
2021-09-03,145.855712890625
2021-09-07,-387.4110412597656
2021-09-08,-207.42828369140625
2021-09-09,-281.2127685546875
2021-09-10,-772.9261779785156
2021-09-13,171.34811401367188
2021-09-14,-349.3705749511719
2021-09-15,664.2205810546875
2021-09-16,-270.2265930175781
2021-09-17,-934.4569396972656
2021-09-20,-1539.7747802734375
2021-09-21,47.794189453125
2021-09-22,831.1421203613281
2021-09-23,853.5350036621094
2021-09-24,89.71511840820312
2021-09-27,-386.03912353515625
2021-09-28,-2172.4520874023438
2021-09-29,-0.25177001953125
2021-09-30,-662.0768737792969
2021-10-01,956.6452026367188
2021-10-04,-1365.6959533691406
2021-10-05,902.2943115234375
2021-10-06,451.1546325683594
2021-10-07,722.664794921875
2021-10-08,-275.90423583984375
2021-10-11,-678.5768127441406
2021-10-12,-142.05718994140625
2021-10-13,624.5632934570312
2021-10-14,1553.2386779785156
2021-10-15,454.88250732421875
2021-10-18,457.19635009765625
2021-10-19,686.7274475097656
2021-10-20,266.67816162109375
2021-10-21,322.6591491699219
2021-10-22,-258.817138671875
2021-10-25,708.84765625
2021-10-26,78.359375
2021-10-27,-202.62847900390625
2021-10-28,935.7937622070312
2021-10-29,190.74539184570312
2021-11-01,312.69500732421875
2021-11-02,361.0820007324219
2021-11-03,642.7053833007812
2021-11-04,807.84423828125
2021-11-05,395.99029541015625
2021-11-08,40.139617919921875
2021-11-09,-350.4911804199219
2021-11-10,-971.2156677246094
2021-11-11,156.48422241210938
2021-11-12,814.98779296875
2021-11-15,-41.567840576171875
2021-11-16,410.2317810058594
2021-11-17,-77.18994140625
2021-11-18,483.609619140625
2021-11-19,-10.71044921875
2021-11-22,-822.6992797851562
2021-11-23,-184.61746215820312
2021-11-24,297.4676513671875
2021-11-26,-1960.3511047363281
2021-11-29,1362.1043395996094
2021-11-30,-1744.0370178222656
2021-12-01,-1233.4391784667969
2021-12-02,1133.643798828125
2021-12-03,-1024.69970703125
2021-12-06,947.8848266601562
2021-12-07,2225.328826904297
2021-12-08,318.97918701171875
2021-12-09,-993.8761901855469
2021-12-10,918.7435913085938
2021-12-13,-970.4710388183594
2021-12-14,-858.8203430175781
2021-12-15,1696.3981628417969
2021-12-16,-1296.4190673828125
2021-12-17,-708.9094543457031
2021-12-20,-1078.8641357421875
2021-12-21,1793.5090637207031
2021-12-22,1089.2845153808594
2021-12-23,649.47021484375
2021-12-27,1427.3336791992188
2021-12-28,-261.99554443359375
2021-12-29,33.057403564453125
2021-12-30,-170.35980224609375
2021-12-31,-316.58660888671875
2022-01-03,495.54046630859375
2022-01-04,-398.4004211425781
2022-01-05,-2310.576934814453
2022-01-06,-180.30044555664062
2022-01-07,-574.8590087890625
2022-01-10,-51.485748291015625
2022-01-11,1160.9268188476562
2022-01-12,289.21630859375
2022-01-13,-1674.0853881835938
2022-01-14,136.24160766601562
2022-01-18,-1964.4699096679542
2022-01-19,-811.9566345214989
2022-01-20,-1077.7789306640625
2022-01-21,-1978.4158325195312
2022-01-24,453.80126953125
2022-01-25,-1389.2494201660156
2022-01-26,-403.5186767578125
2022-01-27,-689.8017883300781
2022-01-28,2276.880645751953
2022-01-31,2066.498565673828
2022-02-01,627.9798889160156
2022-02-02,815.6364440917969
2022-02-03,-2684.5428466796875
2022-02-04,630.675048828125
2022-02-07,-338.03070068359375
2022-02-08,829.6504211425781
2022-02-09,1561.0140991210938
2022-02-10,-1860.7777404785156
2022-02-11,-1873.5775756835938
2022-02-14,-172.50137329101562
2022-02-15,1571.6029357910156
2022-02-16,158.19793701171875
2022-02-17,-2017.8227233886719
2022-02-18,-714.4059753417969
2022-02-22,-904.9496459960938
2022-02-23,-1730.5107116699219
2022-02-24,1735.2413940429688
2022-02-25,1684.993896484375
2022-02-28,108.22952270507812
2022-03-01,-1123.8374328613281
2022-03-02,1339.6742248535156
2022-03-03,-643.0001831054688
2022-03-04,-730.8003234863281
2022-03-07,-2639.5797729492188
2022-03-08,-301.6978454589844
2022-03-09,2141.0577392578125
2022-03-10,-568.7019348144531
2022-03-11,-1362.07763671875
2022-03-14,-1166.6224670410156
2022-03-15,1852.5051879882812
2022-03-16,2357.5222778320312
2022-03-17,1133.0581665039062
2022-03-18,1167.2280883789062
2022-03-21,-122.71469116210938
2022-03-22,1173.7503051757812
2022-03-23,-1048.3261108398438
2022-03-24,1566.6816711425781
2022-03-25,156.27471923828125
2022-03-28,720.4536437988281
2022-03-29,1356.8989562988281
2022-03-30,-657.9292297363281
2022-03-31,-1306.8806457519531
2022-04-01,68.74267578125
2022-04-04,1160.8563232421875
2022-04-05,-1608.8993835449219
2022-04-06,-1261.7202758789062
2022-04-07,367.1791076660156
2022-04-08,-545.5169677734375
2022-04-11,-1655.5630493164062
2022-04-12,-227.6397705078125
2022-04-13,1309.7158813476562
2022-04-14,-1454.2977905273438
2022-04-18,7.515869140625
2022-04-19,1396.4642333984375
2022-04-20,-354.7660827636719
2022-04-21,-1563.0868530273438
2022-04-22,-2423.6245727539062
2022-04-25,545.9486389160156
2022-04-26,-2626.5748596191406
2022-04-27,23.56903076171875
2022-04-28,2348.7832641601562
2022-04-29,-3366.0267639160156
2022-05-02,569.2047119140625
2022-05-03,331.4988708496094
2022-05-04,2693.6624145507812
2022-05-05,-3519.2649841308594
2022-05-06,-685.7209777832031
2022-05-09,-2895.9901428222656
2022-05-10,351.9764709472656
2022-05-11,-1501.3784790039062
2022-05-12,-191.52664184570312
2022-05-13,2071.902618408203
2022-05-16,-417.4378967285156
2022-05-17,1640.4876708984375
2022-05-18,-3363.868408203125
2022-05-19,-280.6109619140625
2022-05-20,-24.0948486328125
2022-05-23,1356.9380187988281
2022-05-24,-811.1587524414062
2022-05-25,807.1095275878906
2022-05-26,1698.75
2022-05-27,2163.4075927734375
2022-05-31,-560.1097106933594
2022-06-01,-589.3919372558594
2022-06-02,1856.6816711425781
2022-06-03,-1666.9410705566406
2022-06-06,164.1302490234375
2022-06-07,852.2737121582031
2022-06-08,-839.0531921386719
2022-06-09,-2021.6946411132812
2022-06-10,-2379.579620361328
2022-06-13,-3476.5167236328125
2022-06-14,-222.40493774414062
2022-06-15,1468.2241821289062
2022-06-16,-2521.825408935547
2022-06-17,323.38104248046875
2022-06-21,1722.5843811035156
2022-06-22,-1.238555908203125
2022-06-23,803.8719177246094
2022-06-24,2398.0328369140625
2022-06-27,-408.031005859375
2022-06-28,-1799.2266845703125
2022-06-29,2.12615966796875
2022-06-30,-725.2809143066406
2022-07-01,747.6751708984375
2022-07-05,338.2875061035156
2022-07-06,119.58847045898438
2022-07-07,1277.9168701171875
2022-07-08,-41.13433837890625
2022-07-11,-1136.9578552246094
2022-07-12,-698.5099792480469
2022-07-13,-242.6171875
2022-07-14,-217.67852783203125
2022-07-15,1414.866943359375
2022-07-18,-624.0087890625
2022-07-19,2140.096435546875
2022-07-20,659.1871643066406
2022-07-21,1063.8433837890625
2022-07-22,-871.2113952636719
2022-07-25,-117.12890625
2022-07-26,-1120.093994140625
2022-07-27,2474.1162109375
2022-07-28,1087.9148864746094
2022-07-29,1254.6385192871094
2022-08-01,-89.8822021484375
2022-08-02,-555.546875
2022-08-03,1613.7742614746094
2022-08-04,230.26748657226562
2022-08-05,-464.4923400878906
2022-08-08,-4.857940673828125
2022-08-09,-542.6248168945312
2022-08-10,1911.6557312011719
2022-08-11,-210.70144653320312
2022-08-12,1591.2089538574219
2022-08-15,347.12890625
2022-08-16,32.873687744140625
2022-08-17,-850.7783508300781
2022-08-18,220.06622314453125
2022-08-19,-1417.8103637695312
2022-08-22,-1971.8927001953125
2022-08-23,-94.91485595703125
2022-08-24,274.2454528808594
2022-08-25,1312.5242614746094
2022-08-26,-3080.946502685547
2022-08-29,-648.0267333984375
2022-08-30,-936.2651062011719
2022-08-31,-643.4255981445312
2022-09-01,25.416259765625
2022-09-02,-804.5738220214844
2022-09-06,-490.826416015625
2022-09-07,1571.8234252929688
2022-09-08,429.69329833984375
2022-09-09,1425.5291748046875
2022-09-12,917.3954772949219
2022-09-13,-3923.1166076660156
2022-09-14,368.5638427734375
2022-09-15,-1160.5485534667969
2022-09-16,-538.7728881835938
2022-09-19,578.6283874511719
2022-09-20,-882.2787475585938
2022-09-21,-1266.624755859375
2022-09-22,-839.259033203125
2022-09-23,-1385.2680969238281
2022-09-26,-793.92333984375
2022-09-27,-120.07888793945312
2022-09-28,1707.9550170898438
2022-09-29,-1738.0451965332031
2022-09-30,-1122.9081726074219
2022-10-03,2028.3193969726562
2022-10-04,2391.260986328125
2022-10-05,-210.79116821289062
2022-10-06,-735.9664916992188
2022-10-07,-2409.8451232910156
2022-10-10,-751.6545104980469
2022-10-11,-616.2525939941406
2022-10-12,-111.28936767578125
2022-10-13,1677.2846984863281
2022-10-14,-1928.0252075195312
2022-10-17,1995.1554870605469
2022-10-18,802.4119567871094
2022-10-19,-627.7230834960938
2022-10-20,-600.2703857421875
2022-10-21,1846.9168090820312
2022-10-24,809.9420166015625
2022-10-25,1406.436767578125
2022-10-26,-790.3630065917969
2022-10-27,-639.7981262207031
2022-10-28,1799.0660095214844
2022-10-31,-716.5328979492188
2022-11-01,-349.0306091308594
2022-11-02,-2156.0189819335938
2022-11-03,-984.6083068847656
2022-11-04,1276.1247253417969
2022-11-07,657.6815795898438
2022-11-08,645.8114624023438
2022-11-09,-1617.8343200683594
2022-11-10,4777.6947021484375
2022-11-11,997.6414489746094
2022-11-14,-680.6828308105469
2022-11-15,883.2339477539062
2022-11-16,-748.2720947265625
2022-11-17,-327.041015625
2022-11-18,181.43829345703125
2022-11-21,-483.4822082519531
2022-11-22,1092.8053283691406
2022-11-23,665.5326843261719
2022-11-25,-137.35076904296875
2022-11-28,-1293.7139892578125
2022-11-29,-247.10006713867188
2022-11-30,2869.627227783203
2022-12-01,225.3997802734375
2022-12-02,-149.71923828125
2022-12-05,-1628.2279968261719
2022-12-06,-1222.7809143066406
2022-12-07,-38.8134765625
2022-12-08,682.8413391113281
2022-12-09,-581.1422729492188
2022-12-12,989.322509765625
2022-12-13,849.2910766601562
2022-12-14,-509.1276550292969
2022-12-15,-2241.0372924804688
2022-12-16,-782.9533386230469
2022-12-19,-848.0271911621094
2022-12-20,154.627685546875
2022-12-21,1101.5095520019531
2022-12-22,-1389.5393371582031
2022-12-23,347.39013671875
2022-12-27,-498.32794189453125
2022-12-28,-980.7077026367188
2022-12-29,1518.0252075195312
2022-12-30,-143.51959228515625
2023-01-03,-250.69259643554688
2023-01-04,648.9773559570312
2023-01-05,-1054.0821838378906
2023-01-06,2001.99462890625
2023-01-09,162.97683715820312
2023-01-10,572.1743774414062
2023-01-11,1099.2814636230469
2023-01-12,499.1815185546875
2023-01-13,450.2198791503906
2023-01-17,-117.4102783203125
2023-01-18,-1111.1788940429688
2023-01-19,-499.3104553222656
2023-01-20,1538.6602783203125
2023-01-23,1160.7611083984375
2023-01-24,-48.176116943359375
2023-01-25,23.81103515625
2023-01-26,941.3653564453125
2023-01-27,367.2642517089844
2023-01-30,-1235.9458923339844
2023-01-31,1249.2286682128906
2023-02-01,1284.3670654296875
2023-02-02,1500.5757141113281
2023-02-03,-1336.4068603515625
2023-02-06,-608.8577270507812
2023-02-07,1226.2065124511719
2023-02-08,-1022.1846008300781
2023-02-09,-824.7639465332031
2023-02-10,-49.0960693359375
2023-02-13,1021.0533142089844
2023-02-14,145.0140380859375
2023-02-15,289.1938781738281
2023-02-16,-1275.1806640625
2023-02-17,-274.2939758300781
2023-02-21,-1804.0444946289062
2023-02-22,-80.92117309570312
2023-02-23,519.2137145996094
2023-02-24,-1095.5876159667969
2023-02-27,399.64935302734375
2023-02-28,-187.23953247070312
2023-03-01,-285.5732727050781
2023-03-02,488.1016540527344
2023-03-03,1515.9257507324219
2023-03-06,-31.37298583984375
2023-03-07,-1299.986572265625
2023-03-08,190.098876953125
2023-03-09,-1339.6455383300781
2023-03-10,-871.4303588867188
2023-03-13,307.833251953125
2023-03-14,1326.7066955566406
2023-03-15,-92.6287841796875
2023-03-16,1539.9845886230469
2023-03-17,-458.9610290527344
2023-03-20,560.2241516113281
2023-03-21,885.7630920410156
2023-03-22,-1067.7102661132812
2023-03-23,550.5787658691552
2023-03-24,354.6504211425636
2023-03-27,-220.20675659179688
2023-03-28,-177.69363403320312
2023-03-29,1199.4332885742188
2023-03-30,644.2301940917969
2023-03-31,1212.0411682128906
2023-04-03,234.48638916015625
2023-04-04,-217.65274047851562
2023-04-05,-399.95208740234375
2023-04-06,308.47564697265625
2023-04-10,-56.621246337890625
2023-04-11,-69.81689453125
2023-04-12,-399.4309997558594
2023-04-13,1351.3291931152344
2023-04-14,-396.4572143554542
2023-04-17,149.68307495115732
2023-04-18,83.8671875
2023-04-19,-65.07247924804688
2023-04-20,-447.3381042480323
2023-04-21,-33.75473022462393
2023-04-24,55.334320068359375
2023-04-25,-1293.1471252441406
2023-04-26,-174.20120239257812
2023-04-27,1729.7709655761719
2023-04-28,711.119384765625
2023-05-01,-200.91079711914062
2023-05-02,-631.4450073242188
2023-05-03,-424.638671875
2023-05-04,-439.6873474121094
2023-05-05,1389.3687438964844
2023-05-08,66.32827758789062
2023-05-09,-349.166259765625
2023-05-10,571.4028930664062
2023-05-11,-64.4451904296875
2023-05-12,-242.85003662109375
2023-05-15,349.1264343261719
2023-05-16,-509.1957092285156
2023-05-17,970.5473327636719
2023-05-18,891.8820190429688
2023-05-19,-92.74200439453125
2023-05-22,112.43560791015625
2023-05-23,-960.4679870605469
2023-05-24,-654.6842956542969
2023-05-25,978.7353515625
2023-05-26,1476.2039184570312
2023-05-30,252.87490844726562
2023-05-31,-447.9243469238281
2023-06-01,968.2806396484375
2023-06-02,911.4894104003906
2023-06-05,-51.78131103515625
2023-06-06,188.89373779296875
2023-06-07,-804.4746398925781
2023-06-08,831.488037109375
2023-06-09,159.12261962890625
2023-06-12,1018.2638549804688
2023-06-13,527.6954650878906
2023-06-14,268.64013671875
2023-06-15,1202.81982421875
2023-06-16,-430.3758239746094
2023-06-20,-437.3577880859375
2023-06-21,-712.4803161621094
2023-06-22,410.39581298828125
2023-06-23,-711.4213562011719
2023-06-26,-592.3741149902344
2023-06-27,1109.0243530273438
2023-06-28,96.8011474609375
2023-06-29,129.71023559570312
2023-06-30,1220.5729675292969
2023-07-03,162.46017456054688
2023-07-05,-186.14379882811045
2023-07-06,-801.6537475586083
2023-07-07,-164.02587890625
2023-07-10,232.48672485351562
2023-07-11,610.5404663085938
2023-07-12,1037.6858520507812
2023-07-13,1055.296630859375
2023-07-14,-127.43011474609375
2023-07-17,517.2808837890625
2023-07-18,837.4107360839844
2023-07-19,161.07650756835938
2023-07-20,-1214.9415588378906
2023-07-21,-113.19381713867188
2023-07-24,259.0850830078125
2023-07-25,411.15020751953125
2023-07-26,-7.273101806640625
2023-07-27,-723.8848876953125
2023-07-28,1268.4132385253906
2023-07-31,197.74169921875
2023-08-01,-392.5993347167969
2023-08-02,-1619.5181274413917
2023-08-03,-278.19885253907705
2023-08-04,-319.163818359375
2023-08-07,738.9732360839844
2023-08-08,-558.5476684570312
2023-08-09,-789.3858337402344
2023-08-10,19.658966064453125
2023-08-11,-252.82211303710938
2023-08-14,618.6123657226708
2023-08-15,-1071.5798950195458
2023-08-16,-848.238525390625
2023-08-17,-810.0334167480469
2023-08-18,24.163055419921875
2023-08-21,822.7232360839844
2023-08-22,-181.48345947265625
2023-08-23,1285.1872253417969
2023-08-24,-1487.4784851074219
2023-08-25,633.424072265625
2023-08-28,644.9069213867188
2023-08-29,1657.750244140625
2023-08-30,447.4745178222656
2023-08-31,2.453155517578125
2023-09-01,80.74905395507812
2023-09-05,-381.77764892578125
2023-09-06,-723.0657958984375
2023-09-07,-372.97454833984375
2023-09-08,131.36520385742188
2023-09-11,752.3005676269531
2023-09-12,-699.6873474121094
2023-09-13,155.74844360351562
2023-09-14,767.4114990234375
2023-09-15,-1214.89501953125
2023-09-18,117.34344482421875
2023-09-19,-224.34112548828125
2023-09-20,-985.1344299316406
2023-09-21,-1656.6883850097656
2023-09-22,-69.0264892578125
2023-09-25,281.2361145019531
2023-09-26,-1386.0308837890625
2023-09-27,-35.16510009765625
2023-09-28,570.2201843261719
2023-09-29,-226.17080688476562
2023-10-02,52.799224853515625
2023-10-03,-1404.9858093261719
2023-10-04,856.1064147949219
2023-10-05,-118.560791015625
2023-10-06,1192.6509094238281
2023-10-09,760.6948852539062
2023-10-10,470.7615661621094
2023-10-11,550.7395935058594
2023-10-12,-601.4903259277344
2023-10-13,-366.8067932128906
2023-10-16,896.9071960449219
2023-10-17,-105.25848388671875
2023-10-18,-1123.4892272949219
2023-10-19,-729.268798828125
2023-10-20,-1103.9520263671875
2023-10-23,-38.598785400390625
2023-10-24,739.2317199707031
2023-10-25,-1567.9649353027344
2023-10-26,-1130.7821655273438
2023-10-27,-39.398193359375
2023-10-30,913.2562255859375
2023-10-31,446.6520690917969
2023-11-01,1133.6741638183594
2023-11-02,1727.7778625488281
2023-11-03,1002.734375
2023-11-06,117.940673828125
2023-11-07,450.3713989257958
2023-11-08,-19.810791015639552
2023-11-09,-736.075439453125
2023-11-10,1501.8276977539062
2023-11-13,-96.99676513671875
2023-11-14,2056.6441345214844
2023-11-15,95.96633911132812
2023-11-16,214.3701171875
2023-11-17,119.742431640625
2023-11-20,847.3460388183594
2023-11-21,-217.5466918945167
2023-11-22,344.7859191894386
2023-11-24,15.58135986328125
2023-11-27,-21.901702880844823
2023-11-28,293.1471252441261
2023-11-29,2.105865478515625
2023-11-30,112.11257934570312
2023-12-01,740.7331848144531
2023-12-04,-828.408203125
2023-12-05,44.202728271484375
2023-12-06,-380.20538330078125
2023-12-07,929.5965576171875
2023-12-08,258.4086608886719
2023-12-11,417.0465087890625
2023-12-12,545.5131530761719
2023-12-13,1636.31103515625
2023-12-14,354.190673828125
2023-12-15,-47.89794921875
2023-12-18,572.0106506347656
2023-12-19,672.2145080566406
2023-12-20,-1452.0010375976562
2023-12-21,1091.6157531738281
2023-12-22,224.0740966796875
2023-12-26,573.5964965820312
2023-12-27,283.6946105957031
2023-12-28,-84.50286865234375
2023-12-29,-387.4459838867042
2024-01-02,-1000.3720092773583
2024-01-03,-981.0073852539062
2024-01-04,-387.37213134765625
2024-01-05,107.16384887695312
2024-01-08,1547.1937561035156
2024-01-09,-43.204498291015625
2024-01-10,547.8984069824219
2024-01-11,92.87384033203125
2024-01-12,160.52215576171875
2024-01-16,-415.9092712402344
2024-01-17,-684.5721435546875
2024-01-18,1110.0453186035156
2024-01-19,1502.2903442382812
2024-01-22,210.76705932617188
2024-01-23,331.279296875
2024-01-24,139.54010009765625
2024-01-25,488.41400146484375
2024-01-26,-296.6798400878906
2024-01-29,1006.9129943847656
2024-01-30,-264.2808532714844
2024-01-31,-1766.5989685058594
2024-02-01,1429.3232727050781
2024-02-02,1081.6708374023438
2024-02-05,-435.80718994140625
2024-02-06,229.66293334960938
2024-02-07,897.7095031738281
2024-02-08,108.34686279296875
2024-02-09,704.4432067871094
2024-02-12,-157.711181640625
2024-02-13,-1751.9642639160156
2024-02-14,1064.9948120117188
2024-02-15,686.3053894042969
2024-02-16,-659.2192077636719
2024-02-20,-593.1649780273438
2024-02-21,-108.41293334960938
2024-02-22,2415.348663330078
2024-02-23,28.51715087890625
2024-02-26,-300.2667236328125
2024-02-27,213.11187744140625
2024-02-28,-251.03607177734375
2024-02-29,625.2487182617188
2024-03-01,1399.4053649902344
2024-03-04,-63.427581787109375
2024-03-05,-1259.6693420410156
2024-03-06,691.0234069824219
2024-03-07,1302.0500183105469
2024-03-08,-844.3858337402344
2024-03-11,-191.947021484375
2024-03-12,1113.021240234375
2024-03-13,-318.9576721191406
2024-03-14,-362.3114013671875
2024-03-15,-923.4078979492188
2024-03-18,740.3257751464844
2024-03-19,501.2944030761719
2024-03-20,1235.5599975585938
2024-03-21,422.90252685546875
2024-03-22,-174.44854736328125
2024-03-25,-302.4400329589844
2024-03-26,-208.46908569335938
2024-03-27,843.1002807617188
2024-03-28,61.41387939453125
2024-04-01,18.623657226577052
2024-04-02,-692.1853637695458
2024-04-03,266.7840576171875
2024-04-04,-1466.5385437011719
2024-04-05,1293.5586547851562
2024-04-08,125.14495849609375
2024-04-09,307.85980224609375
2024-04-10,-1259.2840576171875
2024-04-11,1292.0362854003906
2024-04-12,-1709.0809631347656
2024-04-15,-1314.1876220703125
2024-04-16,-158.44741821289062
2024-04-17,-877.6707458496094
2024-04-18,-320.49285888671875
2024-04-19,-1242.3088073730469
2024-04-22,714.8614501953125
2024-04-23,1317.4853515625
2024-04-24,55.82427978515625
2024-04-25,-412.025146484375
2024-04-26,1237.9330444335938
2024-04-29,401.42974853515625
2024-04-30,-2041.1744689941406
2024-05-01,-331.50054931640625
2024-05-02,1103.8967895507812
2024-05-03,1579.0829467773438
2024-05-06,1248.9732360839844
2024-05-07,47.18353271484375
2024-05-08,-81.78573608398438
2024-05-09,687.7607727050781
2024-05-10,234.30007934570312
2024-05-13,-16.17095947265625
2024-05-14,683.0392456054688
2024-05-15,1652.0664978027344
2024-05-16,-297.2904968261719
2024-05-17,250.55084228515625
2024-05-20,369.2640686035156
2024-05-21,244.30938720703125
2024-05-22,-449.94903564453125
2024-05-23,-976.8122863769531
2024-05-24,861.3613891601562
2024-05-28,248.59695434570312
2024-05-29,-935.8287048339844
2024-05-30,-782.6495361328125
2024-05-31,536.5653991699219
2024-06-03,380.49774169921875
2024-06-04,85.35385131835938
2024-06-05,1764.4422912597656
2024-06-06,47.861328125
2024-06-07,-595.4075622558594
2024-06-10,470.2484130859375
2024-06-11,479.8921203613281
2024-06-12,1197.049560546875
2024-06-13,267.85400390625
2024-06-14,360.0959777832031
2024-06-17,976.2847900390625
2024-06-18,277.5056457519531
2024-06-20,-381.27197265625
2024-06-21,-376.05133056640625
2024-06-24,-597.4459838867188
2024-06-25,661.2307739257812
2024-06-26,7.141876220703125
2024-06-27,374.01763916015625
2024-06-28,-525.3707885742188
2024-07-01,365.0508117675781
2024-07-02,918.1637573242188
2024-07-03,825.4612731933594
2024-07-05,1023.6177062988281
2024-07-08,51.4227294921875
2024-07-09,95.8154296875
2024-07-10,1226.7185974121094
2024-07-11,-1219.4407653808594
2024-07-12,744.8295593261719
2024-07-15,369.73419189453125
2024-07-16,794.7982788085938
2024-07-17,-2318.4149169921875
2024-07-18,-903.0964660644531
2024-07-19,-1067.9560852050781
2024-07-22,1362.1502685546875
2024-07-23,-197.0330810546875
2024-07-24,-3194.307861328125
2024-07-25,-926.1520385742188
2024-07-26,1388.6491394042969
2024-07-29,101.17523193359375
2024-07-30,-752.2615051269531
2024-07-31,2528.2330322265625
2024-08-01,-2048.677978515625
2024-08-02,-2253.1935119628906
2024-08-05,-3404.2710876464844
2024-08-06,882.3533630371094
2024-08-07,-918.4306335449219
2024-08-08,2911.0279846191406
2024-08-09,569.6585083007812
2024-08-12,296.26708984375
2024-08-13,2141.0220336914062
2024-08-14,168.34396362304688
2024-08-15,2244.2811584472656
2024-08-16,498.4199523925781
2024-08-19,1229.4100952148438
2024-08-20,-160.59600830078125
2024-08-21,488.4895324707031
2024-08-22,-1413.5382080078125
2024-08-23,1459.2277526855469
2024-08-26,-533.2565307617188
2024-08-27,241.09527587890625
2024-08-28,-982.7900695800781
2024-08-29,21.670684814453125
2024-08-30,1098.6630249023438
2024-09-03,-2818.6126708984375
2024-09-04,-214.94430541992188
2024-09-05,-54.45953369140625
2024-09-06,-2352.4954223632812
2024-09-09,1357.8570556640625
2024-09-10,736.270751953125
2024-09-11,1551.7889404296875
2024-09-12,1214.7694396972656
2024-09-13,757.1559143066406
2024-09-16,-15.42633056640625
2024-09-17,-10.36834716796875
2024-09-18,-504.1975402832031
2024-09-19,2475.3204345703125
2024-09-20,-70.18829345703125
2024-09-23,319.7566223144531
2024-09-24,586.3833618164062
2024-09-25,-217.86788940429688
2024-09-26,683.9877319335938
2024-09-27,-394.8876953125
2024-09-30,309.7785949707031
2024-10-01,-1117.6936340332031
2024-10-02,69.45602416992188
2024-10-03,-228.92929077148438
2024-10-04,1119.0296936035156
2024-10-07,-1214.9702453613281
2024-10-08,1227.3112487792969
2024-10-09,779.2936706542969
2024-10-10,-110.22171020507812
2024-10-11,726.539306640625
2024-10-14,963.5186767578125
2024-10-15,-1071.3768005371094
2024-10-16,453.0488586425781
2024-10-17,60.06744384765625
2024-10-18,710.8357238769531
2024-10-21,-157.67257690429688
2024-10-22,122.2314453125
2024-10-23,-1527.115478515625
2024-10-24,613.3998107910156
2024-10-25,203.58840942382812
2024-10-28,274.3049621582031
2024-10-29,647.7146911621094
2024-10-30,-472.0611572265625
2024-10-31,-2778.577423095703
2024-11-01,540.8802795410156
2024-11-04,-227.31124877929688
2024-11-05,1530.8897399902344
2024-11-06,2715.4457092285156
2024-11-07,1517.9130554199219
2024-11-08,353.2487487792969
2024-11-11,-201.6070556640625
2024-11-12,-513.2077026367188
2024-11-13,-160.62423706054688
2024-11-14,-884.7096252441406
2024-11-15,-2052.938995361328
2024-11-18,845.540771484375
2024-11-19,724.1098022460938
2024-11-20,71.070556640625
2024-11-21,732.2015380859375
2024-11-22,535.52734375
2024-11-25,96.71646118164062
2024-11-26,626.21826171875
2024-11-27,-521.5765380859375
2024-11-29,998.2264709472656
2024-12-02,493.4234619140625
2024-12-03,157.95623779296875
2024-12-04,1117.3139953613281
2024-12-05,-376.30889892578125
2024-12-06,584.0704345703125
2024-12-09,-706.1923217773438
2024-12-10,-272.4360656738281
2024-12-11,1508.2237243652344
2024-12-12,-946.1882019042969
2024-12-13,112.19558715820312
2024-12-16,1004.5552062988281
2024-12-17,-609.9969482421875
2024-12-18,-4412.461395263672
2024-12-19,-241.73751831054688
2024-12-20,1486.4016723632812
2024-12-23,812.4226379394531
2024-12-24,1524.3318176269531
2024-12-26,77.55859375
2024-12-27,-1566.52099609375
2024-12-30,-1513.409423828125
2024-12-31,-586.0934448242188
2025-01-02,-101.69357299804688
2025-01-03,1610.8856201171875
2025-01-06,930.5479431152344
2025-01-07,-1655.6112670898438
2025-01-08,189.65255737304688
2025-01-10,-1838.1167602539062
2025-01-13,-130.8514404296875
2025-01-14,168.15414428710938
2025-01-15,2588.6807250976562
2025-01-16,-317.083740234375
2025-01-17,1446.9703674316406
2025-01-21,1257.4736022949219
2025-01-22,1043.140869140625
2025-01-23,524.3038940429688
2025-01-24,-396.91131591796875
2025-01-27,-2531.050262451172
2025-01-28,1440.1560974121094
2025-01-29,-510.9165954589844
2025-01-30,862.9762268066406
2025-01-31,-507.73773193359375
2025-02-03,-846.3739013671875
2025-02-04,1228.6978149414062
2025-02-05,674.5111083984375
2025-02-06,446.1395263671875
2025-02-07,-1315.428466796875
2025-02-10,1298.375244140625
2025-02-11,-131.639404296875
2025-02-12,-282.742919921875
2025-02-13,1686.5158081054688
2025-02-14,-2.60894775390625
2025-02-18,537.7230834960938
2025-02-19,210.39306640625
2025-02-20,-559.3548583984375
2025-02-21,-2380.1876831054688
2025-02-24,-810.0888061523438
2025-02-25,-1068.262939453125
2025-02-26,169.81689453125
2025-02-27,-2684.2837524414062
2025-02-28,1870.5841064453125
2025-03-03,-2177.7041625976562
2025-03-04,-1023.7567138671875
2025-03-05,1406.2966918945312
2025-03-06,-2661.5191650390625
2025-03-07,716.0769653320312
2025-03-10,-3782.6736450195312
2025-03-11,-594.4729614257812
2025-03-12,873.1777954101562
2025-03-13,-1489.822998046875
2025-03-14,2517.1844482421875
2025-03-17,961.9882202148438
2025-03-18,-1351.6122436523438
2025-03-19,1465.1168823242188
2025-03-20,-364.4647216796875
2025-03-21,33.671875
2025-03-24,2191.383056640625
2025-03-25,472.4627685546875
2025-03-26,-1723.6724853515625
2025-03-27,-290.42724609375
2025-03-28,-2475.2035522460938
2025-03-31,710.142822265625
2025-04-01,536.7721557617188
2025-04-02,840.42724609375
2025-04-03,-6054.8175048828125
2025-04-04,-7026.358642578125
2025-04-07,-482.00225830078125
2025-04-08,-1706.2712097167969
2025-04-09,11835.128631591797
2025-04-10,-4644.930725097656
2025-04-11,2228.8168334960938
2025-04-14,931.5194702148438
2025-04-15,-51.02203369140625
2025-04-16,-2255.3024291992188
2025-04-17,29.648895263671875
2025-04-21,-2227.437744140625
2025-04-22,2583.88427734375
2025-04-23,1642.6237487792969
2025-04-24,2888.7783813476562
2025-04-25,810.7150268554688
2025-04-28,281.0015869140625
2025-04-29,606.1599731445312
2025-04-30,-89.1143798828125
2025-05-01,693.2278442382812
2025-05-02,1750.3228759765625
2025-05-05,-257.76031494140625
2025-05-06,-575.09033203125
2025-05-07,262.76123046875
2025-05-08,624.0280151367188
2025-05-09,-6.546630859375
2025-05-12,3783.7286376953125
2025-05-13,1228.2061767578125
2025-05-14,-7.2021484375
2025-05-15,711.8557739257812
2025-05-16,550.780029296875
2025-05-19,311.4697265625
2025-05-20,-158.189697265625
2025-05-21,-1950.440673828125
2025-05-22,-17.90679931640625
2025-05-23,-575.3875732421875
2025-05-27,2436.385498046875
2025-05-28,-725.538330078125
2025-05-29,512.28759765625
2025-05-30,-235.9698486328125
2025-06-02,1169.7515869140625
2025-06-03,689.6255493164062
2025-06-04,249.88250732421875
2025-06-05,-838.8656616210938
2025-06-06,1057.5808715820312
2025-06-09,221.2603759765625
2025-06-10,773.4457397460938
2025-06-11,-273.2989501953125
2025-06-12,642.0062255859375
2025-06-13,-1335.2734375
2025-06-16,1158.6041259765625
2025-06-17,-1106.71142578125
2025-06-18,-85.66375732421875
2025-06-20,-371.182861328125
2025-06-23,1329.7488403320312
2025-06-24,1390.7839965820312
2025-06-25,161.26434326171875
2025-06-26,1108.7139892578125
2025-06-27,273.4429931640625
2025-06-30,923.7631225585938
2025-07-01,-260.3717041015625
2025-07-02,796.573486328125
2025-07-03,1013.0096435546875
2025-07-07,-1026.943359375
2025-07-08,-175.8575439453125
2025-07-09,951.593017578125
2025-07-10,218.49334716796875
2025-07-11,-320.487060546875
2025-07-14,282.32452392578125
2025-07-15,-457.03643798828125
2025-07-16,446.9903564453125
2025-07-17,883.6285400390625
2025-07-18,-49.72198486328125
2025-07-21,641.8222045898438
2025-07-22,-29.16015625
2025-07-23,751.79443359375
2025-07-24,0.59356689453125
2025-07-25,374.33502197265625
2025-07-28,3.7103271484375
2025-07-29,-238.32305908203125
2025-07-30,-337.12615966796875
2025-07-31,-494.86053466796875
2025-08-01,-1988.0526733398438
2025-08-04,2270.2688598632812
2025-08-05,-727.3226928710938
2025-08-06,1182.9971313476562
2025-08-07,211.94091796875
2025-08-08,1062.6446533203125
2025-08-11,-543.2138061523438
2025-08-12,1569.8239135742188
2025-08-13,455.13763427734375
2025-08-14,-194.09210205078125
2025-08-15,-419.0301513671875
2025-08-18,-54.78240966796875
2025-08-19,-1207.1133422851562
2025-08-20,-350.77606201171875
2025-08-21,-632.2634887695312
2025-08-22,2346.8121337890625
2025-08-25,-597.4874877929688
2025-08-26,699.4287109375
2025-08-27,330.7012939453125
2025-08-28,741.9647216796875
2025-08-29,-942.0779418945312
2025-09-02,-692.2335815429688
2025-09-03,972.1688842773438
2025-09-04,1153.0328369140625
2025-09-05,86.4398193359375
2025-09-08,688.1918334960938
2025-09-09,261.0894775390625
2025-09-10,349.1632080078125
2025-09-11,1063.9144897460938
2025-09-12,164.345703125
2025-09-15,1077.210693359375
2025-09-16,-133.78997802734375
2025-09-17,-346.98822021484375
2025-09-18,820.9133911132812
2025-09-19,936.1782836914062
2025-09-22,997.42431640625
2025-09-23,-748.3230590820312
2025-09-24,-657.901611328125
2025-09-25,-600.8456420898438
2025-09-26,849.3746948242188
2025-09-29,786.3824462890625
2025-09-30,621.1227416992188
2025-10-01,606.2557983398438
2025-10-02,264.20928955078125
2025-10-03,-56.201171875
2025-10-06,1026.8460083007812
2025-10-07,-533.4906005859375
2025-10-08,1445.4653930664062
2025-10-09,-704.315185546875
2025-10-10,-4060.9100341796875
2025-10-13,2911.09130859375
2025-10-14,-261.02874755859375
2025-10-15,1090.3915405273438
2025-10-16,-374.13482666015625
2025-10-17,437.764892578125
2025-10-20,2337.2091674804688
2025-10-21,-1302.2967529296875
2025-10-22,-992.9217529296875
2025-10-23,1044.6685791015625
2025-10-24,1253.2357788085938
2025-10-27,1479.4671630859375
2025-10-28,485.0567626953125
2025-10-29,126.24053955078125
2025-10-30,-1507.0846557617188
2025-10-31,478.5882568359375
2025-11-03,423.69110107421875
2025-11-04,-2506.4996337890625
2025-11-05,864.84619140625
2025-11-06,-1972.535400390625
2025-11-07,83.157958984375
2025-11-10,3045.7022094726562
2025-11-11,194.67620849609375
2025-11-12,311.82403564453125
2025-11-13,-2847.9843139648438
2025-11-14,-337.1087646484375
2025-11-17,-1552.1377563476562
2025-11-18,-1195.3741455078125
2025-11-19,658.2080078125
2025-11-20,-2588.2595825195312
2025-11-21,1317.5552368164062
2025-11-24,2908.3465576171875
2025-11-25,1249.0969848632812
2025-11-26,1255.7867431640625
2025-11-28,1155.6524658203125
2025-12-01,-563.1689453125
2025-12-02,428.3782958984375
2025-12-03,483.9813232421875
2025-12-04,46.66107177734375
2025-12-05,328.2232666015625
2025-12-08,-452.2100830078125
2025-12-09,65.63262939453125
2025-12-10,984.7555541992188
2025-12-11,308.07037353515625
2025-12-12,-1951.4227294921875
2025-12-15,-377.94952392578125
2025-12-16,-153.57696533203125
2025-12-17,-1802.7313232421875
2025-12-18,1405.4263305664062
2025-12-19,1515.43212890625
2025-12-22,1324.1958618164062
2025-12-23,912.3077392578125
2025-12-24,425.50567626953125
2025-12-26,211.5606689453125
2025-12-29,-1494.2620849609375
2025-12-30,-235.8367919921875
2025-12-31,-1298.3633422851562
2026-01-02,217.35931396484375
2026-01-05,1608.13720703125
2026-01-06,1273.2452392578125
2026-01-07,-465.76171875
2026-01-08,-184.5904541015625
2026-01-09,1316.8954467773438
2026-01-12,586.0195922851562
2026-01-13,-297.13104248046875
2026-01-14,-759.8092651367188
2026-01-15,315.4364013671875
2026-01-16,-233.25927734375
2026-01-20,-2291.9100952148438
2026-01-21,2132.3721313476562
2026-01-22,1286.8386840820312
2026-01-23,473.5040283203125
2026-01-26,1043.973388671875
2026-01-27,1400.916748046875
2026-01-28,1062.2982788085938
2026-01-29,-442.2467041015625
2026-01-30,-3514.197998046875
2026-02-02,-46.0205078125
2026-02-03,-227.59735107421875
2026-02-04,-1354.49951171875
2026-02-05,-2504.1824340820312
2026-02-06,3612.1316528320312
2026-02-09,1435.1272583007812
2026-02-10,-690.0930786132812
2026-02-11,329.1943359375
2026-02-12,-3318.7841796875
2026-02-13,794.703369140625
2026-02-17,-624.6743774414062
2026-02-18,1352.515869140625
2026-02-19,-354.91790771484375
2026-02-20,1556.4837646484375
2026-02-23,-979.78271484375
2026-02-24,916.7385864257812
2026-02-25,1452.601318359375
2026-02-26,-880.6195068359375
2026-02-27,-307.48626708984375
2026-03-02,410.5828857421875
2026-03-03,-2527.1539306640625
2026-03-04,1606.4578247070312
2026-03-05,-1026.441650390625
2026-03-06,-1672.8619384765625
2026-03-09,1457.8814697265625
2026-03-10,62.6629638671875
2026-03-11,-235.3009033203125
2026-03-12,-2830.0137329101562
2026-03-13,-1127.996826171875
2026-03-16,1512.6583862304688
2026-03-17,468.03558349609375
2026-03-18,-2771.4535522460938
2026-03-19,-1271.0626220703125
2026-03-20,-2993.4628295898438
2026-03-23,1123.1967163085938
2026-03-24,-649.1104125976562
2026-03-25,1487.4288940429688
2026-03-26,-3625.723876953125
2026-03-27,-1780.1535034179688
2026-03-30,-643.658447265625
2026-03-31,4966.470642089844
2026-04-01,1656.6616821289062
2026-04-02,-242.36968994140625
2026-04-06,619.50927734375
2026-04-07,276.966552734375
2026-04-08,3968.0136108398438
2026-04-09,1046.2567138671875
2026-04-10,-62.57049560546875
2026-04-13,1422.7780151367188
2026-04-14,2594.7955322265625
2026-04-15,1238.8287353515625
2026-04-16,455.6689453125
2026-04-17,2246.3961791992188
2026-04-20,-532.940673828125
2026-04-21,-1525.48583984375
2026-04-22,2169.98779296875
2026-04-23,-924.100341796875
2026-04-24,1871.2106323242188
2026-04-27,11.42333984375
2026-04-28,-1452.8128051757812
2026-04-29,8.24371337890625
2026-04-30,1881.1221313476562
2026-05-01,798.5482788085938
2026-05-04,-935.7754516601562
2026-05-05,1735.8248901367188
2026-05-06,3243.5873413085938
2026-05-07,-426.441650390625
2026-05-08,2271.0482788085938
2026-05-11,422.86346435546875
2026-05-12,-782.8744506835938
2026-05-13,1063.2791137695312
2026-05-14,1064.9569702148438
2026-05-15,-2729.9581909179688
2026-05-18,-278.68743896484375
2026-05-19,-1419.9542236328125
2026-05-20,2392.117919921875
2026-05-21,325.133056640625
2026-05-22,535.821533203125
2026-05-26,1785.5429077148438
2026-05-27,-355.40283203125
2026-05-28,1341.5408325195312
2026-05-29,705.3408813476562
2026-06-01,310.17120361328125
2026-06-02,499.07989501953125
2026-06-03,-1151.40625
2026-06-04,333.8018798828125
2026-06-05,-6478.246154785156
2026-06-08,1193.3233642578125
2026-06-09,-1252.0693969726562
2026-06-10,-3611.3949584960938
2026-06-11,4301.189270019531
2026-06-12,920.3082275390625
2026-06-15,4176.835021972656
2026-06-16,-1705.487060546875
2026-06-17,-2419.4500732421875
2026-06-18,2545.1324462890625
2026-06-22,-639.8715209960938
2026-06-23,-3837.5103759765625
2026-06-24,-811.4242553710938
2026-06-25,779.3960571289062
2026-06-26,-1167.3666381835938
2026-06-29,2799.0838623046875
2026-06-30,1779.5242309570312
