Date,Historical Loss
2015-01-05,1913.7002333694202
2015-01-06,1066.0913689846027
2015-01-07,-1576.1036458462083
2015-01-08,-2334.6715040391687
2015-01-09,741.486297292905
2015-01-12,823.4511729436471
2015-01-13,345.3651527661537
2015-01-14,765.2105758619097
2015-01-15,631.8912554044687
2015-01-16,-1998.7485526051557
2015-01-20,-781.2102740937586
2015-01-21,-621.4284511418786
2015-01-22,-2383.1745375015744
2015-01-23,585.4551415848124
2015-01-26,29.860114681324422
2015-01-27,1859.8483653018222
2015-01-28,1630.4101612978156
2015-01-29,-676.1563719105831
2015-01-30,855.5440612805022
2015-02-02,-1271.14510768695
2015-02-03,-1461.683509644159
2015-02-04,295.3437984533939
2015-02-05,-1348.7666296152938
2015-02-06,1358.6832012620819
2015-02-09,492.9099379451904
2015-02-10,-1408.807567120685
2015-02-11,120.51907259820041
2015-02-12,-1474.0709718481248
2015-02-13,-805.654129350334
2015-02-17,334.27969221551564
2015-02-18,-224.66009069545848
2015-02-19,7.221299822078379
2015-02-20,-717.5585437265042
2015-02-23,-113.05195263974002
2015-02-24,-396.3734814605153
2015-02-25,36.54383951601465
2015-02-26,-54.927681573751684
2015-02-27,471.7444786503645
2015-03-02,-770.7609605266686
2015-03-03,673.940822583147
2015-03-04,647.6144602118401
2015-03-05,-186.15912237432366
2015-03-06,2702.652457216638
2015-03-09,-584.548375390717
2015-03-10,2318.6529832675765
2015-03-11,497.34584956454484
2015-03-12,-1580.5018594511262
2015-03-13,776.2415025766753
2015-03-16,-1869.2174000470384
2015-03-17,331.58569286912723
2015-03-18,-2240.339167563497
2015-03-19,512.5179979328518
2015-03-20,-1492.480541370234
2015-03-23,100.83586548888862
2015-03-24,599.7881094120181
2015-03-25,2368.633188638946
2015-03-26,291.4591860448602
2015-03-27,-329.2186935636938
2015-03-30,-1450.6185147983724
2015-03-31,1279.957190865538
2015-04-01,-41.107030074231574
2015-04-02,-281.2546225117837
2015-04-06,-1313.2153602938483
2015-04-07,463.9866991837864
2015-04-08,-493.14675597903505
2015-04-09,-413.52433443174283
2015-04-10,-949.7476978753336
2015-04-13,711.4953496119135
2015-04-14,-1.3951220396601716
2015-04-15,-941.2784659257461
2015-04-16,172.84347358824456
2015-04-17,1579.2307359576105
2015-04-20,-1213.5547605476456
2015-04-21,-147.08106280706448
2015-04-22,-245.8377138451234
2015-04-23,-646.0581225328348
2015-04-24,-371.48648690481843
2015-04-27,113.85690169559996
2015-04-28,-367.2517669808828
2015-04-29,921.3194120221962
2015-04-30,2014.572562404627
2015-05-01,-1365.5888800215926
2015-05-04,-551.21407303713
2015-05-05,1766.9670628480258
2015-05-06,719.7041042200077
2015-05-07,-482.63456342554133
2015-05-08,-1999.01532899401
2015-05-11,868.2792302504714
2015-05-12,303.1930692897628
2015-05-13,-515.4487115835673
2015-05-14,-1772.5387147723713
2015-05-15,-310.52175483318575
2015-05-18,-389.31082183313083
2015-05-19,476.66713678919155
2015-05-20,12.462549535547858
2015-05-21,-485.8333473531455
2015-05-22,309.299302486883
2015-05-26,1804.2067223127533
2015-05-27,-1555.0061830552784
2015-05-28,159.0589032543591
2015-05-29,856.5641698486961
2015-06-01,-225.59662085877596
2015-06-02,192.04545323907152
2015-06-03,-111.49610035615527
2015-06-04,1241.7509367202422
2015-06-05,475.3302518953768
2015-06-08,896.0342183109857
2015-06-09,130.11988622204822
2015-06-10,-1889.949856210591
2015-06-11,-411.23921556216146
2015-06-12,1088.5108789766061
2015-06-15,527.7222708172915
2015-06-16,-759.1721699619844
2015-06-17,-388.64285459336264
2015-06-18,-1870.3676284493476
2015-06-19,597.8316938286586
2015-06-22,-381.5154675313517
2015-06-23,110.45978024004111
2015-06-24,974.6012413384924
2015-06-25,466.88690361896096
2015-06-26,287.8615553705557
2015-06-29,2789.6597640816944
2015-06-30,-185.36360174158133
2015-07-01,-916.0470634259358
2015-07-02,74.5244643138264
2015-07-06,207.67176618000488
2015-07-07,-484.0398734265998
2015-07-08,2226.0325526746747
2015-07-09,-140.02727334850465
2015-07-10,-1724.4647653098618
2015-07-13,-1606.2366384414604
2015-07-14,-696.7697623626685
2015-07-15,68.46847840858409
2015-07-16,-1223.397005961538
2015-07-17,-350.2536255837876
2015-07-20,490.13616030682687
2015-07-21,475.805712334895
2015-07-22,685.6936917144825
2015-07-23,770.0930360287849
2015-07-24,1229.0582825003123
2015-07-27,981.4374211641613
2015-07-28,-1581.7177909674476
2015-07-29,-874.8638238974006
2015-07-30,-32.161178782603194
2015-07-31,-54.03385095109382
2015-08-03,582.944010627004
2015-08-04,324.05927799720706
2015-08-05,-494.8116225460162
2015-08-06,1324.2225800623844
2015-08-07,165.05007968345785
2015-08-10,-1904.8430056733318
2015-08-11,1186.284832416486
2015-08-12,-543.3423855138894
2015-08-13,443.4696565914449
2015-08-14,-435.9676370311645
2015-08-17,-1026.3487389964505
2015-08-18,535.0686173631423
2015-08-19,702.672835978065
2015-08-20,2787.0294882380413
2015-08-21,4432.063028708396
2015-08-24,5786.961245185246
2015-08-25,1769.1818221672702
2015-08-26,-5100.741724945148
2015-08-27,-3489.901791361841
2015-08-28,-249.32439677915616
2015-08-31,1269.1668074109718
2015-09-01,4026.1066874817298
2015-09-02,-2766.455544855897
2015-09-03,223.07479867040905
2015-09-04,1962.8433044482922
2015-09-08,-3511.8083208380312
2015-09-09,2113.3300600231805
2015-09-10,-920.9419465932197
2015-09-11,-683.6080120914734
2015-09-14,477.6776382231572
2015-09-15,-1520.3644846135633
2015-09-16,-1390.9406316657962
2015-09-17,-217.53220950773198
2015-09-18,1934.7965878007158
2015-09-21,-347.3318826560382
2015-09-22,1993.3225555162508
2015-09-23,59.79575320760322
2015-09-24,-10.218349705732606
2015-09-25,580.1535330651215
2015-09-28,3865.9926606016056
2015-09-29,214.16616486291397
2015-09-30,-2515.8647462529934
2015-10-01,-393.8676838899579
2015-10-02,-2764.9823651440065
2015-10-05,-2198.649785938608
2015-10-06,237.20792210311228
2015-10-07,-1058.1100010187415
2015-10-08,-905.0169809326375
2015-10-09,-609.0633608238992
2015-10-12,-303.9575905283133
2015-10-13,782.3455732440275
2015-10-14,39.374434094933676
2015-10-15,-1984.5280948889872
2015-10-16,-416.33945876389805
2015-10-19,-168.87651602021438
2015-10-20,204.26230109440885
2015-10-21,1073.9502853674849
2015-10-22,-2443.881984054905
2015-10-23,-1983.5794170703887
2015-10-26,216.90955364788869
2015-10-27,119.66256806593714
2015-10-28,-1279.1936336678107
2015-10-29,472.8518298936386
2015-10-30,621.1300183088676
2015-11-02,-1489.4710355803409
2015-11-03,-34.274189429960565
2015-11-04,491.23562535190257
2015-11-05,329.2367188275852
2015-11-06,444.8185478213756
2015-11-09,1363.951122306661
2015-11-10,-141.90939585539095
2015-11-11,547.0964399079799
2015-11-12,1861.654266556629
2015-11-13,1871.5742430058788
2015-11-16,-2129.4304951729428
2015-11-17,329.95110928023826
2015-11-18,-2376.8966070367574
2015-11-19,-195.01815876884535
2015-11-20,-545.729660605035
2015-11-23,383.4573502638277
2015-11-24,-309.3894585250326
2015-11-25,51.03948050100011
2015-11-27,54.18983375118286
2015-11-30,414.88317751017513
2015-12-01,-1562.402992978693
2015-12-02,1690.906451903516
2015-12-03,2145.6088695206017
2015-12-04,-3473.7479269228343
2015-12-07,1098.697600601066
2015-12-08,648.4955851062637
2015-12-09,1451.8212341181531
2015-12-10,-424.6699479042697
2015-12-11,2692.0780777494347
2015-12-14,-326.2506090406614
2015-12-15,-1246.9659848547715
2015-12-16,-2311.929543555148
2015-12-17,2538.976495776072
2015-12-18,2159.3706439610073
2015-12-21,-1460.4645673983857
2015-12-22,-1036.4970583820007
2015-12-23,-1525.560256049573
2015-12-24,-9.716086235656068
2015-12-28,424.3379220430044
2015-12-29,-1587.9646669286178
2015-12-30,1240.567173521775
2015-12-31,1434.0351226387413
2016-01-04,1981.9395260133863
2016-01-05,-237.93448113058028
2016-01-06,1246.8869547610532
2016-01-07,3317.6288167052867
2016-01-08,1511.2899469550086
2016-01-11,185.47083463427066
2016-01-12,-1168.1181363872245
2016-01-13,3645.1657928765703
2016-01-14,-1977.181975433268
2016-01-15,3011.9368458312156
2016-01-19,-72.17951395189621
2016-01-20,993.6734832842288
2016-01-21,-566.2376594435923
2016-01-22,-3012.972311160762
2016-01-25,1888.4750191574574
2016-01-26,-2093.751865838431
2016-01-27,1908.8927722947813
2016-01-28,-740.435242677681
2016-01-29,-3444.9877295304364
2016-02-01,-249.40477645883024
2016-02-02,2546.470699637922
2016-02-03,-744.1331609584605
2016-02-04,-502.78036521676245
2016-02-05,2837.227727360563
2016-02-08,1483.9610068926497
2016-02-09,198.76373773017625
2016-02-10,-351.56381630271676
2016-02-11,303.7576169415424
2016-02-12,-2285.5455220981125
2016-02-16,-1656.3017530179127
2016-02-17,-2593.1794472056486
2016-02-18,77.65171633024528
2016-02-19,127.2851843516445
2016-02-22,-1586.7273916544077
2016-02-23,1448.068786804432
2016-02-24,-915.5984828579037
2016-02-25,-1685.2359819844228
2016-02-26,437.7181694643411
2016-02-29,767.2441837483499
2016-03-01,-3208.4887304308177
2016-03-02,-691.4084989830776
2016-03-03,-831.2765898332323
2016-03-04,-302.6610058518082
2016-03-07,-39.81938442478961
2016-03-08,1481.9603865876122
2016-03-09,-457.52579138122695
2016-03-10,-391.1097650606049
2016-03-11,-1801.466334676776
2016-03-14,331.5871618957079
2016-03-15,253.60300883860253
2016-03-16,-1597.1952389178823
2016-03-17,-660.3521328304797
2016-03-18,-439.1148728226739
2016-03-21,-33.90832274062747
2016-03-22,-119.57386428674315
2016-03-23,1518.1820804381534
2016-03-24,128.3048118666336
2016-03-28,-89.85611291281266
2016-03-29,-2155.057681194824
2016-03-30,-251.5522911625422
2016-03-31,92.17559243725326
2016-04-01,-946.4768039865268
2016-04-04,663.1254075326145
2016-04-05,1004.3718766283745
2016-04-06,-1539.372050540392
2016-04-07,1306.7104357247383
2016-04-08,-200.94376140756157
2016-04-11,55.9343196063636
2016-04-12,-1227.1285416877904
2016-04-13,-1300.143497249475
2016-04-14,372.1647593014624
2016-04-15,-54.545550226729866
2016-04-18,-863.603460182531
2016-04-19,-509.9345530256275
2016-04-20,77.26789986171865
2016-04-21,497.38707025584586
2016-04-22,786.2218880488053
2016-04-25,173.57204258897914
2016-04-26,-89.4253843460985
2016-04-27,-126.38726464990553
2016-04-28,842.9134660122435
2016-04-29,249.82822274273772
2016-05-02,-1001.8045680097514
2016-05-03,1242.2491758754222
2016-05-04,952.368106281996
2016-05-05,9.520613930897195
2016-05-06,-774.0650559458102
2016-05-09,314.8328046057574
2016-05-10,-1811.5907314791893
2016-05-11,1038.3594127899487
2016-05-12,330.84958194339436
2016-05-13,891.7214609775805
2016-05-16,-1402.2186604799388
2016-05-17,1321.541350972675
2016-05-18,449.6659645767028
2016-05-19,566.0330327773482
2016-05-20,-1039.1737834982764
2016-05-23,246.4188747708421
2016-05-24,-1596.7262911115497
2016-05-25,-898.1508546963906
2016-05-26,-81.64727822071154
2016-05-27,-429.70740181178047
2016-05-31,-25.299782689656027
2016-06-01,-228.98539799977496
2016-06-02,-407.6324823196826
2016-06-03,-375.7053359704253
2016-06-06,-625.8300368815388
2016-06-07,-77.28186870302967
2016-06-08,-806.2815548823315
2016-06-09,56.978955197676626
2016-06-10,1283.1067361285209
2016-06-13,920.8407100263282
2016-06-14,179.08128119055087
2016-06-15,-26.23027425454607
2016-06-16,-176.7109428452124
2016-06-17,487.22866154717457
2016-06-20,-674.6514724737498
2016-06-21,143.4194681347101
2016-06-22,249.82731644686055
2016-06-23,-1657.7805202055497
2016-06-24,3832.7101189029204
2016-06-27,2285.2447844401404
2016-06-28,-2339.482032017403
2016-06-29,-2479.6901237332686
2016-06-30,-1981.3657873104637
2016-07-01,-857.6903039609389
2016-07-05,645.7277547993687
2016-07-06,-1105.6877392474278
2016-07-07,112.7949513269213
2016-07-08,-2324.952963212734
2016-07-11,-244.52667971354492
2016-07-12,-421.24376320975165
2016-07-13,-176.88387000134017
2016-07-14,-547.9145211533694
2016-07-15,379.0290412301963
2016-07-18,-558.0312303128651
2016-07-19,181.60695940525935
2016-07-20,-476.03628874242526
2016-07-21,72.84019624046805
2016-07-22,-440.0603304538366
2016-07-25,472.50714892835225
2016-07-26,-208.9468461472537
2016-07-27,-603.4807124810534
2016-07-28,-152.6598280469859
2016-07-29,-621.7623179416548
2016-08-01,-27.134833030627746
2016-08-02,793.7100863291562
2016-08-03,-323.41907315905195
2016-08-04,-308.0923098773851
2016-08-05,-637.4065993988729
2016-08-08,119.83092031572899
2016-08-09,-337.12976580706993
2016-08-10,209.51022575047156
2016-08-11,-397.6593231474733
2016-08-12,58.65743572677316
2016-08-15,-512.9777979798455
2016-08-16,643.811677403366
2016-08-17,-290.05048256343645
2016-08-18,-425.230235009159
2016-08-19,442.31938630738705
2016-08-22,-36.64613505160373
2016-08-23,-306.09085672456587
2016-08-24,1056.9802565813175
2016-08-25,179.15308076485704
2016-08-26,264.44201707676905
2016-08-29,-736.7501770597374
2016-08-30,555.812276726094
2016-08-31,407.0792695954538
2016-09-01,-249.78727024586368
2016-09-02,-816.400140627246
2016-09-06,-1031.090364244726
2016-09-07,23.6088283552386
2016-09-08,693.957990045864
2016-09-09,3715.6935612236352
2016-09-12,-2083.803026528896
2016-09-13,2115.7668309682495
2016-09-14,-263.3989446328787
2016-09-15,-1456.7260046655265
2016-09-16,464.4685886997396
2016-09-19,58.4408482431264
2016-09-20,-83.88173157543163
2016-09-21,-1976.2774583427083
2016-09-22,-1089.7902240827957
2016-09-23,798.2425695493368
2016-09-26,1106.2868229532771
2016-09-27,-829.0261063275026
2016-09-28,-532.7489795935911
2016-09-29,1254.9841679554995
2016-09-30,-940.0424635057755
2016-10-03,418.5194315562694
2016-10-04,1518.266606674105
2016-10-05,-486.9669966223314
2016-10-06,185.56906889293387
2016-10-07,411.86651061203605
2016-10-10,-831.1190928040826
2016-10-11,2027.2510798885257
2016-10-12,-160.46525770750554
2016-10-13,387.45637583667093
2016-10-14,123.86710937758838
2016-10-17,313.3391479351616
2016-10-18,-1144.4407564293754
2016-10-19,-454.10970185035467
2016-10-20,330.7829430688784
2016-10-21,-194.42016514305107
2016-10-24,-797.8342066081095
2016-10-25,317.33039894665154
2016-10-26,670.4882776610805
2016-10-27,503.2371207141471
2016-10-28,444.0422102225233
2016-10-31,-95.70641475810773
2016-11-01,884.5633381682014
2016-11-02,730.6370483827533
2016-11-03,697.8363648070372
2016-11-04,148.45136567148506
2016-11-07,-2634.1112902460018
2016-11-08,-539.903164697092
2016-11-09,-1033.3982959768016
2016-11-10,739.4835404923332
2016-11-11,718.4966233642145
2016-11-14,507.8295175729644
2016-11-15,-1553.470241450926
2016-11-16,-8.142218788267924
2016-11-17,-565.798531712752
2016-11-18,629.0522874065969
2016-11-21,-1255.85922828434
2016-11-22,-366.06126557107115
2016-11-23,573.844444463177
2016-11-25,-404.6692580222831
2016-11-28,326.27476825261573
2016-11-29,-230.1966230615314
2016-11-30,1077.3255536456675
2016-12-01,1161.5344143746481
2016-12-02,-328.1523022704083
2016-12-05,-870.5562765512902
2016-12-06,-468.81662693958594
2016-12-07,-1984.8313626154263
2016-12-08,-262.89199538292866
2016-12-09,-599.0080468716403
2016-12-12,282.0992070412581
2016-12-13,-1098.5871655207561
2016-12-14,1461.579335120356
2016-12-15,-176.34739192546743
2016-12-16,168.3714900250291
2016-12-19,-583.8001395307365
2016-12-20,-421.24471720862863
2016-12-21,280.7966580407852
2016-12-22,388.04297997240957
2016-12-23,-267.3662118350022
2016-12-27,-554.516474134945
2016-12-28,1055.7960016687023
2016-12-29,-291.64689745817736
2016-12-30,832.359027211277
2017-01-03,-1318.6506515660196
2017-01-04,-997.3408753966985
2017-01-05,-541.8207313676525
2017-01-06,-412.06728507528925
2017-01-09,20.177720482782643
2017-01-10,-189.14108865096435
2017-01-11,-495.70397191943204
2017-01-12,248.0406265906925
2017-01-13,-389.39918059385195
2017-01-17,122.94448504865944
2017-01-18,16.567047993744932
2017-01-19,496.3113743666526
2017-01-20,-543.4591854092013
2017-01-23,39.53392876207642
2017-01-24,-841.8453927243063
2017-01-25,-1034.3051527111386
2017-01-26,280.7620739045577
2017-01-27,30.43024802747864
2017-01-30,891.2564565451032
2017-01-31,-310.35493931903596
2017-02-01,-156.05058293864224
2017-02-02,-179.66943683497504
2017-02-03,-937.3241300532287
2017-02-06,-209.13276619443278
2017-02-07,-129.60261778355033
2017-02-08,-406.9798401119799
2017-02-09,-552.1834227122731
2017-02-10,-607.6641345855703
2017-02-13,-600.3223107612881
2017-02-14,-511.6330262941645
2017-02-15,-843.9447708376291
2017-02-16,-60.56018002128679
2017-02-17,-314.37864255199264
2017-02-21,-836.9940007915391
2017-02-22,52.052815080900835
2017-02-23,-129.12931054296652
2017-02-24,-460.0980688164109
2017-02-27,-74.46429377143565
2017-02-28,439.0502145176453
2017-03-01,-1760.7720618184414
2017-03-02,1194.0847404664705
2017-03-03,-148.6759911700907
2017-03-06,600.0109152850896
2017-03-07,617.9618003857331
2017-03-08,368.7683885228062
2017-03-09,52.60793489597161
2017-03-10,-641.1150586656306
2017-03-13,-74.40059610039991
2017-03-14,618.4503923584409
2017-03-15,-1748.6566010363665
2017-03-16,167.17098287124537
2017-03-17,63.50592672465596
2017-03-20,-16.967498106783907
2017-03-21,1743.9000274569698
2017-03-22,-555.8474698625813
2017-03-23,225.0722781004071
2017-03-24,-52.34570399812609
2017-03-27,-121.96789483834094
2017-03-28,-862.4946618361098
2017-03-29,-406.94266005024537
2017-03-30,-225.17980373319165
2017-03-31,195.83947353055663
2017-04-03,23.72171628778836
2017-04-04,-141.56674822535282
2017-04-05,485.4491437568057
2017-04-06,-266.0326211738413
2017-04-07,129.62729215266734
2017-04-10,-127.5017487687363
2017-04-11,-146.34688858568802
2017-04-12,432.4861493318986
2017-04-13,712.0825365455366
2017-04-17,-1168.0666981586776
2017-04-18,147.4699346302652
2017-04-19,356.0447879078986
2017-04-20,-1192.6534960825882
2017-04-21,284.50684822964
2017-04-24,-1427.739351198985
2017-04-25,-604.9472762070109
2017-04-26,-42.8362146737139
2017-04-27,-254.4708085283062
2017-04-28,113.86447264551067
2017-05-01,-356.5666010574869
2017-05-02,-132.72915868175315
2017-05-03,623.0220714249754
2017-05-04,118.17087736254695
2017-05-05,-656.7535860418678
2017-05-08,77.22722963292576
2017-05-09,88.8839292700674
2017-05-10,-226.14756191136053
2017-05-11,180.4492755003476
2017-05-12,-30.555013286147336
2017-05-15,-764.0736605255645
2017-05-16,-186.31855550486486
2017-05-17,2367.3860084428106
2017-05-18,-523.141613539643
2017-05-19,-1007.4011866261097
2017-05-22,-939.262376546374
2017-05-23,-68.62862974946508
2017-05-24,-585.606823250756
2017-05-25,-795.4684672166198
2017-05-26,-247.2848453854716
2017-05-30,119.71374526187898
2017-05-31,-55.38339373596751
2017-06-01,-1078.9808654567746
2017-06-02,-1034.63607799322
2017-06-05,127.05014034451926
2017-06-06,186.19137559772872
2017-06-07,-173.59984866213642
2017-06-08,23.614998276845853
2017-06-09,1306.646571095377
2017-06-12,258.7793802210874
2017-06-13,-864.5938989501693
2017-06-14,325.3512125238953
2017-06-15,502.8880724393458
2017-06-16,133.84037748715977
2017-06-19,-1321.161792631746
2017-06-20,1038.020352984566
2017-06-21,-383.0761359680321
2017-06-22,-49.722886101114504
2017-06-23,-415.0628640196489
2017-06-26,261.2108624995526
2017-06-27,1575.3827365280904
2017-06-28,-1543.5635156141702
2017-06-29,1737.005042766354
2017-06-30,-127.08908093528571
2017-07-03,519.6253745870572
2017-07-05,-666.7261600792143
2017-07-06,1432.0843988296836
2017-07-07,-904.2667413336488
2017-07-10,-394.86382150610683
2017-07-11,-93.59532134988119
2017-07-12,-1388.2835860651257
2017-07-13,-216.85587364355692
2017-07-14,-976.9294314288021
2017-07-17,-136.23092426033824
2017-07-18,-518.1582060340212
2017-07-19,-823.8517574871858
2017-07-20,-148.93791008783924
2017-07-21,-77.86559272860393
2017-07-24,-153.69983067350097
2017-07-25,-31.458160386860254
2017-07-26,-332.71275618078454
2017-07-27,414.88465384668905
2017-07-28,-28.317487418586538
2017-07-31,214.1368931011233
2017-08-01,-413.2483558515525
2017-08-02,-46.37458220640957
2017-08-03,282.8213002506973
2017-08-04,-72.40518733729165
2017-08-07,-430.95740972629574
2017-08-08,318.8177513702526
2017-08-09,-180.37424865341103
2017-08-10,2172.5470025438913
2017-08-11,-580.9568200901182
2017-08-14,-1398.219685027292
2017-08-15,223.82522609001944
2017-08-16,-451.74963391855795
2017-08-17,2324.08635689122
2017-08-18,246.6292207578858
2017-08-21,-153.76199703142373
2017-08-22,-1560.6550818471703
2017-08-23,346.9687407554372
2017-08-24,443.5474485210382
2017-08-25,-287.5261429493751
2017-08-28,-486.63941170642147
2017-08-29,-227.77168161811943
2017-08-30,-958.7894731312232
2017-08-31,-1359.8130930761317
2017-09-01,-128.78199690230153
2017-09-05,786.5823041986015
2017-09-06,-304.30970328602024
2017-09-07,-373.97068186111386
2017-09-08,494.3779804829305
2017-09-11,-1200.8044383601646
2017-09-12,-497.682391457432
2017-09-13,90.82698654905651
2017-09-14,146.59273166423307
2017-09-15,-188.9394456808134
2017-09-18,27.273021329052042
2017-09-19,-180.9225469766177
2017-09-20,226.45230805002527
2017-09-21,694.2248063648567
2017-09-22,-128.07525343848536
2017-09-25,325.3578808358748
2017-09-26,102.41541253788768
2017-09-27,-536.885570663294
2017-09-28,-179.34390670317364
2017-09-29,-541.2285913316035
2017-10-02,-392.9769852708235
2017-10-03,-333.3656977367973
2017-10-04,-217.99030518673635
2017-10-05,-868.2419671925611
2017-10-06,-9.747145035604548
2017-10-09,44.07056421992382
2017-10-10,-375.6287154393941
2017-10-11,-356.81451274619207
2017-10-12,184.4923495350233
2017-10-13,-473.9284588487826
2017-10-16,-85.54847569376686
2017-10-17,21.15261798036621
2017-10-18,45.42825884999112
2017-10-19,-22.250495937838853
2017-10-20,-484.1784193557001
2017-10-23,633.9241486843247
2017-10-24,-134.04617156726687
2017-10-25,717.4183422305068
2017-10-26,181.37119405669046
2017-10-27,-2150.49305371851
2017-10-30,249.60537291754338
2017-10-31,-239.96897043750684
2017-11-01,-205.81752496681514
2017-11-02,-2.0518173989507105
2017-11-03,-638.7043538147681
2017-11-06,-503.22459201170767
2017-11-07,153.54601707431917
2017-11-08,-392.591987598755
2017-11-09,558.4219438349886
2017-11-10,289.2594483659012
2017-11-13,-169.2835485678771
2017-11-14,305.86679271878677
2017-11-15,702.0311275395924
2017-11-16,-1411.306804910333
2017-11-17,166.83918826781954
2017-11-20,86.90954750262684
2017-11-21,-1207.4260069753805
2017-11-22,-192.68906020770766
2017-11-24,-338.8480326829267
2017-11-27,16.252759202350433
2017-11-28,-1202.214556403195
2017-11-29,910.1193195132684
2017-11-30,-1060.9201880985863
2017-12-01,243.62593731672902
2017-12-04,643.9441939117731
2017-12-05,509.2257132366236
2017-12-06,-152.29517198484874
2017-12-07,-214.2618618368261
2017-12-08,-756.6804482779988
2017-12-11,-514.0995950494189
2017-12-12,-140.89580539599578
2017-12-13,-307.70544721657535
2017-12-14,532.2773876535705
2017-12-15,-1428.8163916967346
2017-12-18,-1099.8002895531279
2017-12-19,725.4623059616622
2017-12-20,80.65219956006206
2017-12-21,-284.57283436370193
2017-12-22,-37.256591142513955
2017-12-26,168.83061312668625
2017-12-27,-205.14410205237226
2017-12-28,-365.0770121603435
2017-12-29,485.8972703824534
2018-01-02,-1636.010158151445
2018-01-03,-1025.9460676867511
2018-01-04,-612.1072179997916
2018-01-05,-1048.3516719524557
2018-01-08,-370.42291646085766
2018-01-09,-76.83490980534334
2018-01-10,212.23522462206355
2018-01-11,-1184.8565727218825
2018-01-12,-1226.2172332140085
2018-01-16,477.42402158908
2018-01-17,-1283.6495903739826
2018-01-18,273.13606842687915
2018-01-19,-690.749720024805
2018-01-22,-1339.5057009857005
2018-01-23,-733.2999868592736
2018-01-24,107.39305405247096
2018-01-25,36.11466369832792
2018-01-26,-1829.4630279028024
2018-01-29,1072.4881844536412
2018-01-30,1606.413700094552
2018-01-31,-351.4401503955255
2018-02-01,437.68900113202193
2018-02-02,3528.4981082370773
2018-02-05,5964.1415913954725
2018-02-06,-2789.84227310081
2018-02-07,1223.3239468406452
2018-02-08,5738.391814743913
2018-02-09,-2176.2647961139337
2018-02-12,-2366.336750539937
2018-02-13,-636.5278756891953
2018-02-14,-2509.754371515813
2018-02-15,-2169.618929164792
2018-02-16,156.0473642941177
2018-02-20,900.8524706980803
2018-02-21,833.8739048240016
2018-02-22,-247.82298309133412
2018-02-23,-2596.7981732652056
2018-02-26,-1839.432360512462
2018-02-27,2141.8092073921575
2018-02-28,1402.5196777691033
2018-03-01,2173.508153293778
2018-03-02,-1043.3367386684492
2018-03-05,-1660.4481207098029
2018-03-06,-711.6596186175202
2018-03-07,38.301528449102534
2018-03-08,-698.7653252212882
2018-03-09,-2670.6453007644636
2018-03-12,-124.4526865593664
2018-03-13,1220.0227061557732
2018-03-14,535.4903394421885
2018-03-15,286.81401111885555
2018-03-16,47.21074885817133
2018-03-19,2314.224233192145
2018-03-20,-194.7518880706894
2018-03-21,6.908760939154493
2018-03-22,3772.546504114658
2018-03-23,3109.807642518499
2018-03-26,-4514.866910871276
2018-03-27,3229.0708932717034
2018-03-28,1044.1903743585513
2018-03-29,-2224.9016542921554
2018-04-02,3316.9843363787845
2018-04-03,-1641.7803887691614
2018-04-04,-1835.0318551024752
2018-04-05,-922.5621326348727
2018-04-06,3242.8613098465444
2018-04-09,-855.6212903262924
2018-04-10,-2625.6814353508275
2018-04-11,604.978319155205
2018-04-12,-1086.3141742239493
2018-04-13,373.46009512819165
2018-04-16,-1241.6758310023902
2018-04-17,-2051.355897060307
2018-04-18,-123.51516971243082
2018-04-19,1071.8967803728274
2018-04-20,1760.3360785811863
2018-04-23,298.0398596816238
2018-04-24,2218.3351916541396
2018-04-25,-104.82615132829298
2018-04-26,-1900.9232640049963
2018-04-27,-239.91149633901296
2018-04-30,1250.175483786972
2018-05-01,-459.9936332535011
2018-05-02,950.2006737588904
2018-05-03,142.23203534309866
2018-05-04,-2236.46351206069
2018-05-07,-733.3693177045951
2018-05-08,43.457183863493135
2018-05-09,-1426.9442680318482
2018-05-10,-1611.2465701208107
2018-05-11,-257.3483833861554
2018-05-14,-12.825910170574499
2018-05-15,1606.7647860555703
2018-05-16,-708.2409807899589
2018-05-17,219.59793279582513
2018-05-18,405.4257312711813
2018-05-21,-1070.4521236491057
2018-05-22,398.63092602456936
2018-05-23,-733.5289919639271
2018-05-24,11.917226780641425
2018-05-25,216.3669795469138
2018-05-29,1234.8833969589346
2018-05-30,-1702.8858962259135
2018-05-31,781.5202285372553
2018-06-01,-1662.1767695067624
2018-06-04,-823.1561758832534
2018-06-05,-329.76746196322046
2018-06-06,-1127.5808794171444
2018-06-07,345.8016598016235
2018-06-08,-340.3412351432725
2018-06-11,-276.0627171369971
2018-06-12,-320.63104895655107
2018-06-13,333.5617391406227
2018-06-14,-786.8421047775538
2018-06-15,585.9531233987751
2018-06-18,254.14633998188629
2018-06-19,534.5848651837031
2018-06-20,-367.77965863070006
2018-06-21,1098.6736468537206
2018-06-22,-155.45389510502073
2018-06-25,2528.675730304424
2018-06-26,-354.4457388295132
2018-06-27,1562.5491032229759
2018-06-28,-927.6216675822394
2018-06-29,-305.97331817865046
2018-07-02,-320.0005668990899
2018-07-03,600.152686441969
2018-07-05,-1519.006931083163
2018-07-06,-1572.2774539637485
2018-07-09,-1398.9823624693531
2018-07-10,-345.30215115928473
2018-07-11,1204.2645149924251
2018-07-12,-1786.4474346832399
2018-07-13,-57.26713894524236
2018-07-16,265.2774444653939
2018-07-17,-518.8576230837614
2018-07-18,-151.60291769101673
2018-07-19,614.3892170101174
2018-07-20,97.01267506643825
2018-07-23,-171.73088457252268
2018-07-24,-674.4781754327446
2018-07-25,-1634.251369192101
2018-07-26,1013.842352499596
2018-07-27,1360.89026704579
2018-07-30,1270.5138266233503
2018-07-31,-963.5088074533962
2018-08-01,156.10216767106286
2018-08-02,-1106.9629404882435
2018-08-03,-685.2593272573364
2018-08-06,-616.5372337580327
2018-08-07,-520.2622294291513
2018-08-08,-27.476400915693176
2018-08-09,136.5265917823632
2018-08-10,1016.2286719911336
2018-08-13,728.7531728182331
2018-08-14,-986.0499966427466
2018-08-15,1625.6914038093662
2018-08-16,-1033.3078491073888
2018-08-17,-594.0661419211663
2018-08-20,-309.30803764383774
2018-08-21,-504.1610152994391
2018-08-22,-180.07395231905988
2018-08-23,393.5905412045827
2018-08-24,-1380.4923640076065
2018-08-27,-1324.0249229168942
2018-08-28,50.344379340476095
2018-08-29,-1149.7243006090778
2018-08-30,598.529647306178
2018-08-31,-57.59291384693338
2018-09-04,484.65520256890494
2018-09-05,804.9035030394512
2018-09-06,646.0059706287026
2018-09-07,509.8308540158906
2018-09-10,-353.1030066476585
2018-09-11,-656.3434114005231
2018-09-12,-57.586443776835004
2018-09-13,-1032.5101314486035
2018-09-14,228.68808998386476
2018-09-17,1151.6724675812254
2018-09-18,-876.1504301044315
2018-09-19,-86.72735181776537
2018-09-20,-1449.3993766272588
2018-09-21,436.2162501474646
2018-09-24,303.0602743674665
2018-09-25,24.054208748728488
2018-09-26,371.75548269485796
2018-09-27,-521.6852486245734
2018-09-28,-120.01802433528202
2018-10-01,-338.6721768231429
2018-10-02,-40.736527527923336
2018-10-03,45.45173856125821
2018-10-04,1762.7072832691856
2018-10-05,1165.282245331653
2018-10-08,478.71835299802905
2018-10-09,-10.25178134652655
2018-10-10,5383.795576272927
2018-10-11,2443.194487108978
2018-10-12,-2565.87226268141
2018-10-15,972.4824581553692
2018-10-16,-3625.9186808064537
2018-10-17,22.434278968600317
2018-10-18,2573.7816655963725
2018-10-19,169.41326763903606
2018-10-22,327.5461806339373
2018-10-23,608.9383946549597
2018-10-24,5183.534133810727
2018-10-25,-3349.8556514970924
2018-10-26,2899.3048394764633
2018-10-29,1546.349322982598
2018-10-30,-2217.778760690979
2018-10-31,-1977.2215185932266
2018-11-01,-2027.3480755387495
2018-11-02,1318.386023581399
2018-11-05,-465.63577422115816
2018-11-06,-937.7398212372043
2018-11-07,-3656.723477509021
2018-11-08,547.4198225887703
2018-11-09,1949.000125347503
2018-11-12,3441.513570797045
2018-11-13,166.54784258694374
2018-11-14,923.5282863663972
2018-11-15,-1923.6139915392364
2018-11-16,-318.94440957743956
2018-11-19,3209.584216715
2018-11-20,2771.484762314049
2018-11-21,-787.5266848146113
2018-11-23,1002.8878091943035
2018-11-26,-2650.2774647354645
2018-11-27,-339.99371543221946
2018-11-28,-3948.807558506078
2018-11-29,290.0042026383093
2018-11-30,-991.64651955566
2018-12-03,-2308.6032299806975
2018-12-04,5037.956243876607
2018-12-06,-170.0510952624186
2018-12-07,3730.1406392791364
2018-12-10,-557.981283033032
2018-12-11,-122.71780986168235
2018-12-12,-949.3262028570334
2018-12-13,121.3367946945941
2018-12-14,3037.656216936431
2018-12-17,2951.361607866046
2018-12-18,-241.2982488184477
2018-12-19,2708.2408955131978
2018-12-20,2080.2241540049563
2018-12-21,3562.2952422245926
2018-12-24,3551.306821103676
2018-12-26,-7646.665486343764
2018-12-27,-1242.4058586863157
2018-12-28,16.185823140787452
2018-12-31,-1406.346389799537
2019-01-02,-327.66653777583304
2019-01-03,3581.3099301325815
2019-01-04,-5032.140761835624
2019-01-07,-1437.7107706269776
2019-01-08,-1330.4424397421378
2019-01-09,-999.5876487675434
2019-01-10,-381.38682168716446
2019-01-11,25.30815205820981
2019-01-14,1003.9796266264992
2019-01-15,-1980.9617872483796
2019-01-16,-345.3041387688406
2019-01-17,-1111.451934397044
2019-01-18,-1656.6472953443451
2019-01-22,2191.9973960119596
2019-01-23,-243.16111010083853
2019-01-24,-391.7009174740014
2019-01-25,-1698.042913780263
2019-01-28,1245.805529693113
2019-01-29,365.16900473132057
2019-01-30,-2861.6822959757806
2019-01-31,-1689.0380512510017
2019-02-01,189.05993974579823
2019-02-04,-1172.6238980209541
2019-02-05,-919.6083323686877
2019-02-06,394.2437421337761
2019-02-07,1531.4792622837258
2019-02-08,-316.04258788400784
2019-02-11,27.766889463240453
2019-02-12,-2040.340011604249
2019-02-13,-272.12412294032225
2019-02-14,32.7130408007547
2019-02-15,-1502.877268879991
2019-02-19,-591.6385091856675
2019-02-20,-177.15101161701065
2019-02-21,802.3205795461432
2019-02-22,-1122.0484097597716
2019-02-25,-272.88865564875033
2019-02-26,14.357099812393987
2019-02-27,228.33266932728685
2019-02-28,441.1595196620538
2019-03-01,-595.6598873952568
2019-03-04,442.00169496287265
2019-03-05,97.42486576028716
2019-03-06,946.5815506236888
2019-03-07,1355.8989934897184
2019-03-08,50.00937365188597
2019-03-11,-2348.723362095856
2019-03-12,-797.1713352327893
2019-03-13,-1153.052957817944
2019-03-14,383.5000339307314
2019-03-15,-1047.1085504402022
2019-03-18,-500.2570269377256
2019-03-19,-189.01036420726965
2019-03-20,-10.732086082335975
2019-03-21,-1843.0787069078945
2019-03-22,2936.54634321499
2019-03-25,-13.142145243793125
2019-03-26,-936.0807875420957
2019-03-27,875.0456328454463
2019-03-28,-283.2031923415233
2019-03-29,-1020.5316252182538
2019-04-01,-1689.4562571227584
2019-04-02,-270.11983301098894
2019-04-03,-383.87595505280797
2019-04-04,-329.3180176962677
2019-04-05,-758.6945859199662
2019-04-08,-250.1506677610631
2019-04-09,620.3708570163344
2019-04-10,-732.8124603003249
2019-04-11,394.50640146548847
2019-04-12,-871.1828002090873
2019-04-15,99.74183380258164
2019-04-16,-3.5067810572970464
2019-04-17,205.27298813971078
2019-04-18,-301.02276350338184
2019-04-22,-171.4669539157988
2019-04-23,-1578.2001753473737
2019-04-24,239.97857966821488
2019-04-25,-74.48688637349095
2019-04-26,-750.5070354505076
2019-04-29,-127.26199363011978
2019-04-30,199.24772540641365
2019-05-01,1087.3422655117079
2019-05-02,524.6183638868808
2019-05-03,-1945.3456007620773
2019-05-06,634.4215124406302
2019-05-07,2612.377025866627
2019-05-08,329.8500416678262
2019-05-09,502.13361052874035
2019-05-10,-627.7097521964495
2019-05-13,4018.8853121492766
2019-05-14,-1436.2819769300306
2019-05-15,-1259.5424101165156
2019-05-16,-1272.3862694712254
2019-05-17,1287.170108242572
2019-05-20,1484.7007315902608
2019-05-21,-1407.0586379022732
2019-05-22,520.1918168993394
2019-05-23,1788.737002622382
2019-05-24,-256.4300747243437
2019-05-28,1191.2334979221016
2019-05-29,1085.7315123196238
2019-05-30,-637.0935715144675
2019-05-31,1790.0597104214337
2019-06-03,814.8174303654469
2019-06-04,-3510.2387914748347
2019-06-05,-1272.9347956886654
2019-06-06,-1066.451588895542
2019-06-07,-2029.6605321774568
2019-06-10,-785.5536456865132
2019-06-11,34.646854020264556
2019-06-12,284.39000077472315
2019-06-13,-871.427943255439
2019-06-14,337.28244315009533
2019-06-17,-289.2767760508967
2019-06-18,-1923.7606022325242
2019-06-19,-637.268555316255
2019-06-20,-1932.9082554550876
2019-06-21,106.76850312387299
2019-06-24,-35.615635723049074
2019-06-25,1735.7800685275345
2019-06-26,181.60347899287228
2019-06-27,-683.0487174116236
2019-06-28,-756.9130982467311
2019-07-01,-1117.5454496697814
2019-07-02,-885.1724418559756
2019-07-03,-1253.5070994375185
2019-07-05,508.88984888706887
2019-07-08,1019.8837431282199
2019-07-09,-398.9687561498197
2019-07-10,-1233.7063637661072
2019-07-11,37.69601719600692
2019-07-12,-895.473566474252
2019-07-15,-168.8608036979976
2019-07-16,737.6328889402929
2019-07-17,578.3549679320528
2019-07-18,-762.974514269763
2019-07-19,1230.8322433176986
2019-07-22,-620.8558460191921
2019-07-23,-921.6575951068248
2019-07-24,-981.3815537323305
2019-07-25,1102.205421909198
2019-07-26,-1222.0518074665172
2019-07-29,227.9347391443713
2019-07-30,343.27449999292753
2019-07-31,2008.5841236724918
2019-08-01,574.1534498224659
2019-08-02,1510.0139578143983
2019-08-05,4380.341415166721
2019-08-06,-2290.981351362198
2019-08-07,-606.3615810334762
2019-08-08,-3133.0000031896807
2019-08-09,1251.5703686410761
2019-08-12,1510.4993972971831
2019-08-13,-2386.1600542156216
2019-08-14,4218.817975040823
2019-08-15,-468.16773759902566
2019-08-16,-2108.4978676852015
2019-08-19,-1641.2126834205071
2019-08-20,938.5741808326437
2019-08-21,-1186.5838975853032
2019-08-22,281.41771050029274
2019-08-23,3612.7106413239
2019-08-26,-1769.3177868846315
2019-08-27,257.51581694513294
2019-08-28,-861.9139308400048
2019-08-29,-1864.7405550471365
2019-08-30,197.86386719874025
2019-09-03,752.06101424816
2019-09-04,-1973.9644640054564
2019-09-05,-1548.157081520985
2019-09-06,119.09207288102797
2019-09-09,208.81912884592765
2019-09-10,389.685234102385
2019-09-11,-1311.1327780313159
2019-09-12,-533.8463688332233
2019-09-13,525.100609259067
2019-09-16,265.2754489060045
2019-09-17,-564.1810222038257
2019-09-18,83.9223864910437
2019-09-19,-152.9007777403897
2019-09-20,630.7895945320981
2019-09-23,-146.7060542368038
2019-09-24,1270.2773543820542
2019-09-25,-632.2363958825467
2019-09-26,380.242015840703
2019-09-27,1197.3390374933103
2019-09-30,-605.5413681462576
2019-10-01,1556.4185581213612
2019-10-02,2310.440277997607
2019-10-03,-1509.8360803206783
2019-10-04,-2102.9777985061673
2019-10-07,815.2491190669505
2019-10-08,2152.3437860553245
2019-10-09,-1414.9054144588279
2019-10-10,-795.5755429912881
2019-10-11,-1481.2163308747088
2019-10-14,3.1307976292307367
2019-10-15,-1411.293762267704
2019-10-16,151.667145350622
2019-10-17,-473.7138810845113
2019-10-18,877.0056619217746
2019-10-21,-954.6237708193017
2019-10-22,582.9115492416998
2019-10-23,-427.14699802349713
2019-10-24,-761.3322275060539
2019-10-25,-785.4344486639192
2019-10-28,-827.7448046179176
2019-10-29,400.9176664598811
2019-10-30,-696.3199078753006
2019-10-31,2.002858412141303
2019-11-01,-1444.9749745114461
2019-11-04,-568.2179677608499
2019-11-05,482.2367139963068
2019-11-06,-37.59108691229697
2019-11-07,-112.45077951700249
2019-11-08,-311.5160820588306
2019-11-11,302.1168338259554
2019-11-12,-405.67124114816664
2019-11-13,-165.51116063983832
2019-11-14,-255.83605220233838
2019-11-15,-1069.1110331836994
2019-11-18,-196.37922527972484
2019-11-19,-84.42021332560219
2019-11-20,575.0992145464234
2019-11-21,443.8797070000644
2019-11-22,-251.8558359365826
2019-11-25,-1350.1537121857193
2019-11-26,-453.42931102417674
2019-11-27,-668.3514254006601
2019-11-29,519.2833474446828
2019-12-02,1464.0277017350838
2019-12-03,749.577890416068
2019-12-04,-835.1335360245179
2019-12-05,-257.17353985821416
2019-12-06,-1239.3222989216674
2019-12-09,542.6955721771924
2019-12-10,114.4103683877352
2019-12-11,-724.3720755376861
2019-12-12,-1086.1696987355651
2019-12-13,-367.0829571566719
2019-12-16,-1142.8024551664464
2019-12-17,-52.63931567341083
2019-12-18,-24.910531785094534
2019-12-19,-794.7833732495435
2019-12-20,-710.237562019482
2019-12-23,-293.26297951341377
2019-12-24,-225.45279322732847
2019-12-26,-1117.4184003326725
2019-12-27,62.508699925387475
2019-12-30,859.2709106664961
2019-12-31,-369.61023529477995
2020-01-02,-1880.919433819473
2020-01-03,870.2302438336537
2020-01-06,-856.903431156814
2020-01-07,245.27885913933721
2020-01-08,-721.6283659187995
2020-01-09,-1016.0051005909064
2020-01-10,282.1583873138988
2020-01-13,-1105.3625715928645
2020-01-14,291.93861588573236
2020-01-15,-416.8007664035941
2020-01-16,-1303.8003951929777
2020-01-17,-570.3606968733701
2020-01-21,170.58200185883072
2020-01-22,-168.34372698231226
2020-01-23,-345.5143339720595
2020-01-24,1232.6792730460904
2020-01-27,2437.3132522242595
2020-01-28,-1580.2359956772457
2020-01-29,-147.2519290081766
2020-01-30,-490.0664155773605
2020-01-31,2512.0110602097157
2020-02-03,-1373.8828255477097
2020-02-04,-2380.846030426867
2020-02-05,-1347.2547789317732
2020-02-06,-850.5766747447592
2020-02-07,679.6354760194026
2020-02-10,-1432.921894586145
2020-02-11,-136.75477076536026
2020-02-12,-1098.3789429886835
2020-02-13,28.910755467550146
2020-02-14,-403.9218352326431
2020-02-18,-8.03058347945741
2020-02-19,-1069.5185405355187
2020-02-20,702.6373750745015
2020-02-21,1652.8482351886114
2020-02-24,5091.1052700875725
2020-02-25,4831.844059076941
2020-02-26,164.16110480152116
2020-02-27,6969.259070877542
2020-02-28,1110.216972464046
2020-03-02,-6904.8695953188135
2020-03-03,3648.193422345608
2020-03-04,-6263.172469882812
2020-03-05,4398.826183753118
2020-03-06,2397.2787274571288
2020-03-09,11379.453258086352
2020-03-10,-6818.83071610375
2020-03-11,7624.859109313155
2020-03-12,16211.07996785801
2020-03-13,-12961.535653353281
2020-03-16,16833.2220124385
2020-03-17,-8329.836633875066
2020-03-18,7820.904046260937
2020-03-19,-200.25895953736114
2020-03-20,5280.309604360183
2020-03-23,1008.507518237759
2020-03-24,-13635.707849889868
2020-03-25,-1162.4899842724328
2020-03-26,-8687.408111746758
2020-03-27,4638.350508385694
2020-03-30,-4944.16538507877
2020-03-31,2835.5747586474417
2020-04-01,6179.693758784434
2020-04-02,-3647.4797297342625
2020-04-03,2064.566759716529
2020-04-06,-10705.035465507031
2020-04-07,9.025699086838952
2020-04-08,-4281.190611832664
2020-04-09,-2595.0647597863017
2020-04-13,263.7958262689769
2020-04-14,-5157.65493087905
2020-04-15,2774.892927374882
2020-04-16,-1303.534778704898
2020-04-17,-2771.3562326395977
2020-04-20,2199.309696307387
2020-04-21,4934.871125205981
2020-04-22,-4031.1440446199035
2020-04-23,-164.6779776310856
2020-04-24,-2062.5039303054727
2020-04-27,-1719.214145369172
2020-04-28,1305.4560338970098
2020-04-29,-4504.143217425181
2020-04-30,1517.2418631515588
2020-05-01,3945.852607911868
2020-05-04,-945.0605410722145
2020-05-05,-1538.1816069027768
2020-05-06,763.8788405843272
2020-05-07,-2274.23755126677
2020-05-08,-2208.904439717064
2020-05-11,-226.84898233867133
2020-05-12,2922.7764229951777
2020-05-13,2240.890782472568
2020-05-14,-1968.5975633536088
2020-05-15,-953.2527590193408
2020-05-18,-3856.5426165823933
2020-05-19,954.7826965171737
2020-05-20,-2834.974355821737
2020-05-21,1481.0361394504566
2020-05-22,-520.3275515965829
2020-05-26,-881.5360630674526
2020-05-27,-1879.0020838832518
2020-05-28,227.88574763921676
2020-05-29,-1321.0243203725731
2020-06-01,-727.1739995970419
2020-06-02,-1033.507304079664
2020-06-03,-1242.85008955957
2020-06-04,459.4479914177143
2020-06-05,-3198.2356748552756
2020-06-08,-1930.1661818591683
2020-06-09,312.4627922948385
2020-06-10,-282.57818128905586
2020-06-11,8620.14142198523
2020-06-12,-1725.8330871155872
2020-06-15,-1593.1791245115392
2020-06-16,-2771.2386485196143
2020-06-17,264.97028475094737
2020-06-18,-167.3515518717754
2020-06-19,369.40978505020075
2020-06-22,-1377.9717765972441
2020-06-23,-1024.930591352872
2020-06-24,3755.6335409593125
2020-06-25,-1613.9549761344856
2020-06-26,3434.8937970591996
2020-06-29,-2054.391269632829
2020-06-30,-2432.8359782522753
2020-07-01,-1155.021142966158
2020-07-02,-926.460996683833
2020-07-06,-2907.1634647012515
2020-07-07,1233.5548916947102
2020-07-08,-1562.0639621901291
2020-07-09,187.915289272708
2020-07-10,-1322.4701461691939
2020-07-13,1939.6868861102228
2020-07-14,-1808.2218266299426
2020-07-15,-1172.523614413638
2020-07-16,889.9095882155558
2020-07-17,-576.4436956730349
2020-07-20,-2316.578665887861
2020-07-21,10.735825524066255
2020-07-22,-1087.5683036278608
2020-07-23,2268.331885984894
2020-07-24,986.6838446875861
2020-07-27,-2056.4506412406563
2020-07-28,1105.0024550950347
2020-07-29,-2046.4354489397767
2020-07-30,227.0709720877409
2020-07-31,-1806.1821409701267
2020-08-03,-1441.6366754033568
2020-08-04,-1086.3291785069016
2020-08-05,-968.9419205584666
2020-08-06,-1595.6121318708965
2020-08-07,860.0506563614458
2020-08-10,4.025075368830226
2020-08-11,3004.810218437261
2020-08-12,-2488.664408645991
2020-08-13,-377.0742754519135
2020-08-14,178.46295621248473
2020-08-17,-1411.4260873386909
2020-08-18,-891.7569730506767
2020-08-19,1462.3390020875747
2020-08-20,-1173.8424803027606
2020-08-21,-551.2864700411237
2020-08-24,-1200.8221781302707
2020-08-25,-734.4594494050233
2020-08-26,-2302.1674816253944
2020-08-27,230.9601683974329
2020-08-28,-1310.3269499643636
2020-08-31,-176.532939553458
2020-09-01,-1897.666749445995
2020-09-02,-1718.4421957078819
2020-09-03,6328.058455049625
2020-09-04,1585.321410101273
2020-09-08,5256.676313113469
2020-09-09,-3660.8999726422853
2020-09-10,2813.3950689931826
2020-09-11,270.87429110789
2020-09-14,-2458.134084071354
2020-09-15,-1198.1929709243143
2020-09-16,1119.0176855374307
2020-09-17,1772.4332540659673
2020-09-18,1751.9919589271367
2020-09-21,1488.9060144154819
2020-09-22,-1854.0313670495404
2020-09-23,4425.595749944131
2020-09-24,-564.7389062814582
2020-09-25,-2741.2965011513197
2020-09-28,-3017.893883377401
2020-09-29,607.179114618651
2020-09-30,-964.7524372015475
2020-10-01,-1716.643888488678
2020-10-02,2361.835294777894
2020-10-05,-2921.768495095506
2020-10-06,2512.9893138445136
2020-10-07,-2626.6096622345704
2020-10-08,-1292.2819461478382
2020-10-09,-2039.9060206553777
2020-10-12,-3138.160095331508
2020-10-13,940.3001264203745
2020-10-14,1016.9709453662992
2020-10-15,353.11622311308685
2020-10-16,460.8873922414412
2020-10-19,2381.5894716848206
2020-10-20,-570.420052032878
2020-10-21,156.58609334538372
2020-10-22,-388.8156863818238
2020-10-23,-452.8881653981625
2020-10-26,2647.2939322610973
2020-10-27,-108.50591936883298
2020-10-28,5809.457698968589
2020-10-29,-1758.6185228555316
2020-10-30,2286.7643474363877
2020-11-02,-1474.8002577532932
2020-11-03,-2842.5029417127357
2020-11-04,-4622.570300705132
2020-11-05,-3851.323349596278
2020-11-06,11.126074685504717
2020-11-09,724.0782983883324
2020-11-10,1019.3636823156813
2020-11-11,-1831.042906857121
2020-11-12,1084.3843796871067
2020-11-13,-2045.357423736066
2020-11-16,-1708.3549563964937
2020-11-17,661.5438404895783
2020-11-18,1682.007793618351
2020-11-19,-880.9616804808604
2020-11-20,935.2006222312998
2020-11-23,-312.8567818203651
2020-11-24,-2074.503633123735
2020-11-25,-161.4843010753053
2020-11-27,-634.9940449155578
2020-11-30,581.1198980360795
2020-12-01,-2189.0403539376102
2020-12-02,-350.96016327336054
2020-12-03,-300.4906933075292
2020-12-04,-1065.6452585288457
2020-12-07,-397.2065859502985
2020-12-08,-600.3597888838653
2020-12-09,2474.1062210074856
2020-12-10,-230.27153861978414
2020-12-11,192.01551740139647
2020-12-14,166.5670132546416
2020-12-15,-2246.6507126980064
2020-12-16,-520.9839791728691
2020-12-17,-1199.419902456098
2020-12-18,575.6420185780398
2020-12-21,508.0296385765574
2020-12-22,94.15807582332899
2020-12-23,31.36715194098678
2020-12-24,-666.806040043298
2020-12-28,-1270.7172381330397
2020-12-29,160.74802266956775
2020-12-30,-349.93643454136924
2020-12-31,-741.8537788769456
2021-01-04,1793.5594609517248
2021-01-05,-1208.5425509811607
2021-01-06,358.45349026519966
2021-01-07,-2751.360299633175
2021-01-08,-576.7020047490646
2021-01-11,1485.02236057769
2021-01-12,-168.19230706579256
2021-01-13,-545.5138168882055
2021-01-14,591.1820165046666
2021-01-15,1439.0282792566002
2021-01-19,-1799.3751080069549
2021-01-20,-2909.778385229243
2021-01-21,-413.95489306284514
2021-01-22,593.4592624143726
2021-01-25,-865.4080592506289
2021-01-26,207.14733567157654
2021-01-27,4145.721791260062
2021-01-28,-1194.9361551283564
2021-01-29,3150.799156028544
2021-02-01,-3236.4928113611422
2021-02-02,-2107.9000626241955
2021-02-03,155.43738115809884
2021-02-04,-1494.8769305689939
2021-02-05,-799.3327732080334
2021-02-08,-1375.1404327709065
2021-02-09,-2.066770202608598
2021-02-10,73.17366860313841
2021-02-11,-315.2463343918873
2021-02-12,-729.6257459299586
2021-02-16,593.3297901267252
2021-02-17,459.6689146441604
2021-02-18,749.0125645948066
2021-02-19,268.43258093834714
2021-02-22,2030.8225867776162
2021-02-23,111.6644997508562
2021-02-24,-1595.5645346158649
2021-02-25,4933.012579093542
2021-02-26,568.3105847624017
2021-03-01,-4149.28732096926
2021-03-02,1636.500255449517
2021-03-03,3193.8189638883723
2021-03-04,2512.184613262023
2021-03-05,-2744.3395787219774
2021-03-08,2211.2663536065593
2021-03-09,-3967.1394649575104
2021-03-10,-689.8324293369019
2021-03-11,-2348.930796181164
2021-03-12,346.3041264094389
2021-03-15,-1319.4038657309973
2021-03-16,-51.88003660753765
2021-03-17,-706.8370416660753
2021-03-18,3436.9812888543756
2021-03-19,-166.13365207267833
2021-03-22,-1746.6544083989909
2021-03-23,1287.3691040381057
2021-03-24,1433.954165311906
2021-03-25,-517.5124929618082
2021-03-26,-2540.708046719164
2021-03-29,436.30649089596744
2021-03-30,721.8051099714859
2021-03-31,-1518.790233457118
2021-04-01,-2367.886785305861
2021-04-05,-2459.8416836196643
2021-04-06,-122.99406866141486
2021-04-07,-113.99961048101721
2021-04-08,-1301.8182723848963
2021-04-09,-921.4995484291869
2021-04-12,130.4423825127942
2021-04-13,-1073.8530507022822
2021-04-14,1032.4125685745546
2021-04-15,-2282.5551926810044
2021-04-16,-450.8917001103571
2021-04-19,1120.5642487848818
2021-04-20,1158.176149617676
2021-04-21,-1741.3082946452091
2021-04-22,1670.34775501634
2021-04-23,-1816.0716188451363
2021-04-26,-646.8485718555899
2021-04-27,337.2742875990734
2021-04-28,143.48334193200398
2021-04-29,-715.4523278144268
2021-04-30,1116.1578334223293
2021-05-03,-165.935834538686
2021-05-04,1734.0259780983479
2021-05-05,73.62964006412025
2021-05-06,-1439.9030187910653
2021-05-07,-1404.0293101798668
2021-05-10,2412.483721807619
2021-05-11,1059.9061160754284
2021-05-12,3905.7315610503397
2021-05-13,-1778.5573027280927
2021-05-14,-3041.949146661699
2021-05-17,387.2425934198548
2021-05-18,1243.6267272058112
2021-05-19,249.83704987151432
2021-05-20,-2280.666747363084
2021-05-21,344.34094523296255
2021-05-24,-2005.2156157011104
2021-05-25,-2.518361784950777
2021-05-26,-413.1306086795101
2021-05-27,99.6533198540796
2021-05-28,-413.9469157654022
2021-06-01,264.76872142668066
2021-06-02,-363.8080069364687
2021-06-03,1320.8073439234158
2021-06-04,-2087.799636900829
2021-06-07,-160.4503707471933
2021-06-08,-90.52417182581233
2021-06-09,198.88211207458855
2021-06-10,-1134.2261067834322
2021-06-11,-164.77805877741744
2021-06-14,-564.0567165853892
2021-06-15,623.3521673757863
2021-06-16,1105.9976938808818
2021-06-17,-137.44159638651115
2021-06-18,1886.2232316418006
2021-06-21,-2009.73026536878
2021-06-22,-1034.6134300628132
2021-06-23,101.94039540125806
2021-06-24,-998.7978428310596
2021-06-25,-356.7591776691201
2021-06-28,-858.193518417724
2021-06-29,-72.05487035540462
2021-06-30,-69.81080355995664
2021-07-01,-679.5034189979925
2021-07-02,-1493.2209540364931
2021-07-06,-146.10072925730415
2021-07-07,-515.5003699900835
2021-07-08,1216.4669836678736
2021-07-09,-1548.256125208521
2021-07-12,-544.6319361507452
2021-07-13,482.3738671138518
2021-07-14,-380.5851909536085
2021-07-15,701.9855667390731
2021-07-16,1452.0735254385456
2021-07-19,1917.301188480164
2021-07-20,-2236.076000715007
2021-07-21,-1208.5952977395218
2021-07-22,-596.9507354250717
2021-07-23,-1662.2235944552544
2021-07-26,-250.5080588057663
2021-07-27,1041.1163853512455
2021-07-28,-315.85148312954726
2021-07-29,-702.7493544581596
2021-07-30,942.6243879504764
2021-08-02,183.450085811009
2021-08-03,-1169.6749780753769
2021-08-04,448.1280719662241
2021-08-05,-957.2049620109294
2021-08-06,523.2472450664833
2021-08-09,275.58161020490456
2021-08-10,171.26492252784422
2021-08-11,-383.3703226792289
2021-08-12,-518.2798465517607
2021-08-13,-618.2852615520704
2021-08-16,-304.98234937242546
2021-08-17,1254.5123862214316
2021-08-18,1669.9448941837002
2021-08-19,-331.8604959595391
2021-08-20,-1457.6268985863935
2021-08-23,-1972.228578212852
2021-08-24,-365.4325583786107
2021-08-25,-187.12643455963124
2021-08-26,994.5793041735247
2021-08-27,-1835.8846282862519
2021-08-30,-995.3885269903756
2021-08-31,210.45001578946741
2021-09-01,-192.61935517277246
2021-09-02,-307.12545070668494
2021-09-03,-259.9605720114174
2021-09-07,689.5642558343183
2021-09-08,370.5240657434122
2021-09-09,503.28426329460376
2021-09-10,1386.8961122643163
2021-09-13,-309.6703809618855
2021-09-14,630.3972436996174
2021-09-15,-1202.411625209798
2021-09-16,486.16841057863485
2021-09-17,1685.4161372522574
2021-09-20,2801.5138376277673
2021-09-21,-88.23176163388317
2021-09-22,-1533.6553049603042
2021-09-23,-1562.6280749347595
2021-09-24,-162.9361396195362
2021-09-27,700.517001091173
2021-09-28,3956.469855705273
2021-09-29,0.4680648680207304
2021-09-30,1230.8680456034886
2021-10-01,-1789.8511181067506
2021-10-04,2531.823682664938
2021-10-05,-1694.845348910977
2021-10-06,-840.1007934195044
2021-10-07,-1339.8838096093023
2021-10-08,508.04340578800327
2021-10-11,1252.7942234256022
2021-10-12,263.9710222085506
2021-10-13,-1162.1456161201097
2021-10-14,-2872.9604917383303
2021-10-15,-829.1046287365431
2021-10-18,-829.7774437153765
2021-10-19,-1241.0536149142313
2021-10-20,-478.87865498392057
2021-10-21,-577.978660054353
2021-10-22,462.2421046772181
2021-10-25,-1269.0096170704992
2021-10-26,-139.37109310209763
2021-10-27,360.13927497639145
2021-10-28,-1666.3135843078624
2021-10-29,-336.758103295685
2021-11-01,-551.1021157077231
2021-11-02,-634.5788393973528
2021-11-03,-1125.833277415019
2021-11-04,-1406.9475790228846
2021-11-05,-684.6963790185539
2021-11-08,-69.16037805349059
2021-11-09,603.6795921521905
2021-11-10,1678.023211744952
2021-11-11,-272.72432100785323
2021-11-12,-1418.3865484051723
2021-11-15,71.8189012981533
2021-11-16,-709.0409621336387
2021-11-17,132.92880250465524
2021-11-18,-833.3949256807302
2021-11-19,18.378193322107027
2021-11-22,1411.813631484599
2021-11-23,319.1388058229334
2021-11-24,-515.0640856495038
2021-11-26,3385.3565613414285
2021-11-29,-2393.9923806882853
2021-11-30,3027.918027085375
2021-12-01,2175.378109608866
2021-12-02,-2022.0350915348804
2021-12-03,1808.8711508228796
2021-12-06,-1689.0132496634108
2021-12-07,-3931.0514970314603
2021-12-08,-552.2919989111451
2021-12-09,1715.950087063565
2021-12-10,-1600.3807867871978
2021-12-13,1676.6611265601925
2021-12-14,1496.6939163657928
2021-12-15,-2979.3423425856986
2021-12-16,2242.446908745764
2021-12-17,1240.5503164985182
2021-12-20,1900.0940848716104
2021-12-21,-3189.9544198201984
2021-12-22,-1906.0859851547063
2021-12-23,-1125.424049621812
2021-12-27,-2459.073543723137
2021-12-28,445.7302523273851
2021-12-29,-56.369664166338076
2021-12-30,290.41411592607983
2021-12-31,540.4971967168884
2022-01-03,-848.3813650407952
2022-01-04,679.1060561150053
2022-01-05,3952.396118399955
2022-01-06,314.82695059357184
2022-01-07,1005.405983833316
2022-01-10,90.51544107192083
2022-01-11,-2041.9404355183642
2022-01-12,-503.40308707366347
2022-01-13,2906.3355706973643
2022-01-14,-240.12105225699807
2022-01-18,3458.0311586932826
2022-01-19,1455.2034672885698
2022-01-20,1946.2067350886146
2022-01-21,3608.7236508522155
2022-01-24,-843.4368207102837
2022-01-25,2570.892451683295
2022-01-26,756.7602824008281
2022-01-27,1298.7202850589122
2022-01-28,-4315.661013458627
2022-01-31,-3831.698613594942
2022-02-01,-1141.857176871136
2022-02-02,-1474.399473790417
2022-02-03,4816.175139342352
2022-02-04,-1160.2460428681843
2022-02-07,618.1760604493703
2022-02-08,-1522.0769110671351
2022-02-09,-2841.5533090780964
2022-02-10,3338.3463126014003
2022-02-11,3420.1358250818357
2022-02-14,320.542243578188
2022-02-15,-2925.1852668909864
2022-02-16,-290.07805248130114
2022-02-17,3694.4387998323086
2022-02-18,1333.3888561328686
2022-02-22,1700.709005428142
2022-02-23,3280.968980770823
2022-02-24,-3346.5083044865314
2022-02-25,-3194.5235637002274
2022-02-28,-201.86624518790765
2022-03-01,2093.967800049677
2022-03-02,-2523.3446725543276
2022-03-03,1195.5801169207555
2022-03-04,1367.2558577389575
2022-03-07,4973.430099984503
2022-03-08,583.4006699257774
2022-03-09,-4152.6990939434745
2022-03-10,1079.9230702326852
2022-03-11,2600.9567636985466
2022-03-14,2257.983638706066
2022-03-15,-3627.704601317666
2022-03-16,-4531.958779546017
2022-03-17,-2128.424887180735
2022-03-18,-2168.8287664298773
2022-03-21,225.49664706574762
2022-03-22,-2159.355301720554
2022-03-23,1907.3910960256978
2022-03-24,-2878.8109904399844
2022-03-25,-282.9611835822013
2022-03-28,-1302.601255061614
2022-03-29,-2436.957900302245
2022-03-30,1166.972898093821
2022-03-31,2332.043176634199
2022-04-01,-124.1586032747492
2022-04-04,-2095.3237293107104
2022-04-05,2873.017201912535
2022-04-06,2286.9099856531298
2022-04-07,-673.4594796675717
2022-04-08,997.0971239843489
2022-04-11,3041.667628463628
2022-04-12,424.8875685720985
2022-04-13,-2449.9360004484615
2022-04-14,2686.478580944263
2022-04-18,-14.078696167011806
2022-04-19,-2615.661514571701
2022-04-20,655.6622259151774
2022-04-21,2898.616492307642
2022-04-22,4562.551589366799
2022-04-25,-1052.5074794130453
2022-04-26,5036.333530703831
2022-04-27,-46.396411152972576
2022-04-28,-4622.552005425167
2022-04-29,6470.448209476416
2022-05-02,-1131.9056698293916
2022-05-03,-655.3879229385929
2022-05-04,-5307.567639741663
2022-05-05,6749.750722786328
2022-05-06,1362.5584604430967
2022-05-09,5795.1458155860855
2022-05-10,-726.0148848152285
2022-05-11,3085.3227107293474
2022-05-12,399.94355832336845
2022-05-13,-4335.454959848711
2022-05-16,854.4035869156382
2022-05-17,-3372.563792617995
2022-05-18,6797.428490160383
2022-05-19,587.6148538116827
2022-05-20,50.60916388137814
2022-05-23,-2850.8753398268445
2022-05-24,1679.5441351642753
2022-05-25,-1685.747397413218
2022-05-26,-3517.497459093247
2022-05-27,-4399.896644167209
2022-05-31,1113.889364906126
2022-06-01,1178.888515842868
2022-06-02,-3736.387345855002
2022-06-03,3291.195600389446
2022-06-06,-329.6473033892407
2022-06-07,-1708.8463180597075
2022-06-08,1667.6559954749896
2022-06-09,4053.0332334083255
2022-06-10,4872.253127534774
2022-06-13,7301.551126135222
2022-06-14,485.36476288028626
2022-06-15,-3212.2075017290954
2022-06-16,5427.470938171641
2022-06-17,-716.0023655158519
2022-06-21,-3799.97941349705
2022-06-22,2.6797592352116975
2022-06-23,-1739.2940631224715
2022-06-24,-5142.411364658218
2022-06-27,852.4091674960755
2022-06-28,3775.3077543181353
2022-06-29,-4.549808601815619
2022-06-30,1552.0057310929078
2022-07-01,-1612.82304144491
2022-07-05,-723.7120715390391
2022-07-06,-254.8900137104216
2022-07-07,-2720.1706555588626
2022-07-08,86.34828841249596
2022-07-11,2387.7389146837463
2022-07-12,1485.2206134353326
2022-07-13,519.8475375227329
2022-07-14,467.6649019700208
2022-07-15,-3047.0703708926017
2022-07-18,1323.0995004015044
2022-07-19,-4568.83858225353
2022-07-20,-1374.9172461619798
2022-07-21,-2203.3316774900927
2022-07-22,1784.117202290576
2022-07-25,242.08867851573524
2022-07-26,2317.965086832322
2022-07-27,-5181.915881972056
2022-07-28,-2219.3323099651934
2022-07-29,-2530.5113289385818
2022-08-01,178.95249428600016
2022-08-02,1107.0962131934384
2022-08-03,-3234.385224466265
2022-08-04,-453.9458373048567
2022-08-05,913.5565203552629
2022-08-08,9.599708590686674
2022-08-09,1072.3263449128474
2022-08-10,-3798.7706231825205
2022-08-11,410.66054568913603
2022-08-12,-3107.8677809006863
2022-08-15,-667.3091797188117
2022-08-16,-62.97876660593214
2022-08-17,1629.3757885457198
2022-08-18,-425.02987726299125
2022-08-19,2732.336725209896
2022-08-22,3854.3984183942653
2022-08-23,189.2861390992737
2022-08-24,-547.4542153963657
2022-08-25,-2612.7175510334623
2022-08-26,6051.487290087972
2022-08-29,1313.7935739792388
2022-08-30,1911.0971105898668
2022-08-31,1326.4157474772596
2022-09-01,-52.75590996557116
2022-09-02,1669.5804343865054
2022-09-06,1027.356918444911
2022-09-07,-3307.5169080634555
2022-09-08,-889.0341186479375
2022-09-09,-2935.9673316213784
2022-09-12,-1861.2788658707914
2022-09-13,7883.900935281953
2022-09-14,-772.0257440292559
2022-09-15,2421.354238158683
2022-09-16,1138.2896619516637
2022-09-19,-1229.7060279227203
2022-09-20,1863.2215697467088
2022-09-21,2700.8215892426456
2022-09-22,1814.8038115918655
2022-09-23,3023.760263088739
2022-09-26,1760.3995221897735
2022-09-27,268.6929855747663
2022-09-28,-3827.0817353436514
2022-09-29,3819.199301963297
2022-09-30,2517.018716484033
2022-10-03,-4606.248921505581
2022-10-04,-5304.587392468657
2022-10-05,455.1629744405603
2022-10-06,1592.9135819516598
2022-10-07,5258.989178148131
2022-10-10,1686.013935879013
2022-10-11,1394.4107346103935
2022-10-12,253.63956129737517
2022-10-13,-3827.701059785719
2022-10-14,4314.8184131386515
2022-10-17,-4566.571158288518
2022-10-18,-1794.3666019813668
2022-10-19,1390.8660287763548
2022-10-20,1339.638101163974
2022-10-21,-4150.456256843628
2022-10-24,-1782.0233037803268
2022-10-25,-3066.270346211044
2022-10-26,1696.3265342849627
2022-10-27,1385.2818932561877
2022-10-28,-3923.3141065716145
2022-10-31,1531.6197271804194
2022-11-01,752.0020777054666
2022-11-02,4663.307298816866
2022-11-03,2182.0608120097545
2022-11-04,-2860.2675375810036
2022-11-07,-1452.6996990108194
2022-11-08,-1415.8834186831627
2022-11-09,3521.2685219642476
2022-11-10,-10590.950756581986
2022-11-11,-2097.0894218689223
2022-11-14,1415.5331152755323
2022-11-15,-1850.2480687335653
2022-11-16,1552.7205274115522
2022-11-17,684.1073704745003
2022-11-18,-380.87673462212484
2022-11-21,1012.9420128469255
2022-11-22,-2301.5444171892655
2022-11-23,-1385.244262159036
2022-11-25,283.85692027111133
2022-11-28,2677.5789287810117
2022-11-29,518.57295887724
2022-11-30,-6038.434874675672
2022-12-01,-459.988373494016
2022-12-02,304.81963185035016
2022-12-05,3320.1915235129363
2022-12-06,2536.8221840540014
2022-12-07,81.5901391344766
2022-12-08,-1436.0102402956782
2022-12-09,1213.1621324800128
2022-12-12,-2078.2478024157494
2022-12-13,-1765.1860380578457
2022-12-14,1048.6455678028292
2022-12-15,4640.918125743765
2022-12-16,1661.1210245333139
2022-12-19,1814.7134295778444
2022-12-20,-334.01440074582524
2022-12-21,-2375.305440261697
2022-12-22,2960.188555927967
2022-12-23,-751.5202525190144
2022-12-27,1073.8907663608609
2022-12-28,2125.1717749790687
2022-12-29,-3325.943703624072
2022-12-30,309.14917782029954
2023-01-03,540.867278802959
2023-01-04,-1404.0761574003031
2023-01-05,2264.149900620609
2023-01-06,-4351.005174122317
2023-01-09,-346.43709937305556
2023-01-10,-1214.0943159889964
2023-01-11,-2318.0604560786574
2023-01-12,-1040.2033419469687
2023-01-13,-933.1749991636402
2023-01-17,242.1929512503154
2023-01-18,2294.9943938498923
2023-01-19,1043.6001448223678
2023-01-20,-3233.3122500442955
2023-01-23,-2399.233810581557
2023-01-24,98.36168488388392
2023-01-25,-48.639890743222196
2023-01-26,-1922.4882950615754
2023-01-27,-742.6832032722045
2023-01-30,2489.807462077262
2023-01-31,-2549.2675771711865
2023-02-01,-2586.995046713825
2023-02-02,-2982.730331895922
2023-02-03,2616.203075127121
2023-02-06,1208.209764972161
2023-02-07,-2448.5109361229074
2023-02-08,2015.687975310525
2023-02-09,1643.4537132253379
2023-02-10,98.66600454147547
2023-02-13,-2053.0052804573284
2023-02-14,-288.52407924388575
2023-02-15,-574.5343481726807
2023-02-16,2525.8930394605845
2023-02-17,550.4887938594062
2023-02-21,3630.8889658112453
2023-02-22,165.96986302127226
2023-02-23,-1065.822170823637
2023-02-24,2236.6981340851817
2023-02-27,-825.416635525671
2023-02-28,385.07793583319966
2023-03-01,588.479234569683
2023-03-02,-1008.887242803464
2023-03-03,-3117.1569284665056
2023-03-06,63.49172577076531
2023-03-07,2631.7354804029874
2023-03-08,-390.13230666915183
2023-03-09,2743.7857227587147
2023-03-10,1810.4069682941338
2023-03-13,-645.5486699102709
2023-03-14,-2772.977298273162
2023-03-15,190.87828134860376
2023-03-16,-3176.5393657052196
2023-03-17,931.4584070313115
2023-03-20,-1142.4539661974482
2023-03-21,-1795.7489828710834
2023-03-22,2144.775387860929
2023-03-23,-1118.3395059374393
2023-03-24,-716.241533151165
2023-03-27,443.0879778510113
2023-03-28,358.3635019679721
2023-03-29,-2423.430711011193
2023-03-30,-1285.6020299903184
2023-03-31,-2402.7893502908473
2023-04-03,-459.16898972893404
2023-04-04,425.19959166282683
2023-04-05,783.0493379996893
2023-04-06,-606.3979422206409
2023-04-10,110.9587393206311
2023-04-11,136.8960653889993
2023-04-12,783.7519408778129
2023-04-13,-2662.2894775905775
2023-04-14,770.5021471582345
2023-04-17,-292.06378727750104
2023-04-18,-163.39699742531914
2023-04-19,126.67295062849308
2023-04-20,871.3767320947807
2023-04-21,66.04787795255743
2023-04-24,-108.30951659707985
2023-04-25,2529.7505279231527
2023-04-26,345.2857265832224
2023-04-27,-3434.7044414422285
2023-04-28,-1387.4747384415555
2023-05-01,389.2174547237527
2023-05-02,1225.734311183819
2023-05-03,829.5292849804375
2023-05-04,862.6135196492155
2023-05-05,-2737.94223766784
2023-05-08,-128.890803826484
2023-05-09,678.0585179858836
2023-05-10,-1113.517902681842
2023-05-11,124.87077858274081
2023-05-12,470.85585950364475
2023-05-15,-678.5586555145562
2023-05-16,986.2198026150219
2023-05-17,-1889.374591577703
2023-05-18,-1719.4976399473237
2023-05-19,177.2311642496416
2023-05-22,-215.06227430490827
2023-05-23,1835.1108555926362
2023-05-24,1262.8072540409537
2023-05-25,-1900.226099547529
2023-05-26,-2838.279344447708
2023-05-30,-479.19209414828686
2023-05-31,846.7158075186795
2023-06-01,-1838.3702460112363
2023-06-02,-1714.309482651558
2023-06-05,96.5365081783132
2023-06-06,-352.33206223880046
2023-06-07,1497.8189071627119
2023-06-08,-1560.1538876304337
2023-06-09,-296.18724061711833
2023-06-12,-1892.485312184087
2023-06-13,-971.2733747523891
2023-06-14,-491.99551479012666
2023-06-15,-2197.310023223143
2023-06-16,777.4090670184751
2023-06-20,793.197987246814
2023-06-21,1297.4663006284436
2023-06-22,-752.38315491797
2023-06-23,1299.2202494106639
2023-06-26,1089.1026949003046
2023-06-27,-2050.489998670977
2023-06-28,-177.10589524270415
2023-06-29,-237.09950823394877
2023-06-30,-2228.3835713721246
2023-07-03,-293.2346892948824
2023-07-05,335.47592810063793
2023-07-06,1447.274531653634
2023-07-07,298.3506487651822
2023-07-10,-423.52677205310823
2023-07-11,-1109.8148256054073
2023-07-12,-1875.5374555498693
2023-07-13,-1889.1127862032638
2023-07-14,225.91694975376296
2023-07-17,-918.1401334184104
2023-07-18,-1479.3519297035425
2023-07-19,-282.4018725051695
2023-07-20,2126.9599824312027
2023-07-21,200.36051518190777
2023-07-24,-459.07156838512464
2023-07-25,-726.7959638702961
2023-07-26,12.808799751270216
2023-07-27,1274.931763016443
2023-07-28,-2248.7457944392577
2023-07-31,-346.55729607718877
2023-08-01,686.8336862856399
2023-08-02,2843.330930890624
2023-08-03,495.68543716196865
2023-08-04,570.131491423621
2023-08-07,-1323.938090177594
2023-08-08,993.9095352158052
2023-08-09,1411.9054144976349
2023-08-10,-35.41993342254372
2023-08-11,455.43130218618427
2023-08-14,-1116.9832910236403
2023-08-15,1923.8024162189943
2023-08-16,1538.083919086268
2023-08-17,1480.540396951897
2023-08-18,-44.503554279637484
2023-08-21,-1514.9456132721261
2023-08-22,331.59172441937324
2023-08-23,-2352.207498687895
2023-08-24,2689.8515843556306
2023-08-25,-1161.5369532652348
2023-08-28,-1175.558440758185
2023-08-29,-3003.6119222063376
2023-08-30,-798.4058148789364
2023-08-31,-4.35910805537029
2023-09-01,-143.48293199222573
2023-09-05,677.87928637584
2023-09-06,1288.3656689614977
2023-09-07,669.0105224757185
2023-09-08,-236.44691039869352
2023-09-11,-1352.433572589028
2023-09-12,1249.1451212763284
2023-09-13,-279.8573264272803
2023-09-14,-1376.9415871366434
2023-09-15,2164.491239875642
2023-09-18,-211.42012992818348
2023-09-19,403.7602727413915
2023-09-20,1776.7019280588465
2023-09-21,3015.4610004154943
2023-09-22,127.62300307403714
2023-09-25,-520.3192859334018
2023-09-26,2557.461153793866
2023-09-27,65.7519360952243
2023-09-28,-1066.5627785604574
2023-09-29,420.7270186943273
2023-10-02,-98.43143861483
2023-10-03,2617.9300106186033
2023-10-04,-1617.0056077947497
2023-10-05,222.08625416643395
2023-10-06,-2236.614591786938
2023-10-09,-1410.3026681366398
2023-10-10,-866.4800760714987
2023-10-11,-1009.1817350741712
2023-10-12,1096.4768291232015
2023-10-13,672.4633010632327
2023-10-16,-1650.0079119122151
2023-10-17,192.00795218250386
2023-10-18,2051.449653305045
2023-10-19,1345.8426534316204
2023-10-20,2051.534242180543
2023-10-23,72.49651065520642
2023-10-24,-1388.9490203630378
2023-10-25,2925.1305053459087
2023-10-26,2141.819529220699
2023-10-27,75.45696852598192
2023-10-30,-1749.7844838965573
2023-10-31,-848.1321726581253
2023-11-01,-2143.328857737762
2023-11-02,-3230.865608343912
2023-11-03,-1844.365948455016
2023-11-06,-214.8905775525442
2023-11-07,-819.679366883639
2023-11-08,35.90416114260037
2023-11-09,1334.2758958623465
2023-11-10,-2741.190864288923
2023-11-13,174.57646866191328
2023-11-14,-3704.916366247063
2023-11-15,-169.63922662539406
2023-11-16,-378.6100924526706
2023-11-17,-211.0715361623002
2023-11-20,-1492.0053118291366
2023-11-21,380.133671950249
2023-11-22,-603.6494236341405
2023-11-24,-27.195184648882254
2023-11-27,38.221144708509705
2023-11-28,-511.6782745870265
2023-11-29,-3.6660514097422032
2023-11-30,-195.17045159202658
2023-12-01,-1288.2051612482555
2023-12-04,1431.1814251010505
2023-12-05,-76.93316823779546
2023-12-06,661.4708255643349
2023-12-07,-1622.817036079427
2023-12-08,-447.3691548461668
2023-12-11,-720.3500507296884
2023-12-12,-938.7619395133419
2023-12-13,-2802.338664796631
2023-12-14,-597.9519305842184
2023-12-15,80.61394301960465
2023-12-18,-963.114180713767
2023-12-19,-1126.242292300964
2023-12-20,2418.678299092995
2023-12-21,-1841.3101835096716
2023-12-22,-374.4106248965404
2023-12-26,-956.5904375141503
2023-12-27,-470.7989053821108
2023-12-28,139.89546581352468
2023-12-29,641.8839099748498
2024-01-02,1662.8210031765723
2024-01-03,1644.723751934644
2024-01-04,655.0054837999497
2024-01-05,-181.8163642857033
2024-01-08,-2622.543692807763
2024-01-09,72.25670377142058
2024-01-10,-916.6655863592292
2024-01-11,-154.65288044513784
2024-01-12,-267.08757382426586
2024-01-16,691.0668858952217
2024-01-17,1141.5364372458946
2024-01-18,-1861.9717191410066
2024-01-19,-2495.9725296818838
2024-01-22,-345.7318097853462
2024-01-23,-542.4478424802495
2024-01-24,-227.85084602843293
2024-01-25,-796.5814454222998
2024-01-26,481.8938163067251
2024-01-29,-1639.5885524395346
2024-01-30,426.73212428111384
2024-01-31,2858.7982429392714
2024-02-01,-2347.5797453256573
2024-02-02,-1755.349645306135
2024-02-05,700.8947916660377
2024-02-06,-370.6982134738295
2024-02-07,-1446.2278948110231
2024-02-08,-173.2579631198163
2024-02-09,-1125.473682586433
2024-02-12,250.5190667909374
2024-02-13,2786.534730414699
2024-02-14,-1718.569035630348
2024-02-15,-1097.7625129038745
2024-02-16,1048.5072392748696
2024-02-20,948.5703725759452
2024-02-21,174.22194246580253
2024-02-22,-3885.0051374797313
2024-02-23,-44.96874460527183
2024-02-26,473.3814395175521
2024-02-27,-336.80008815225966
2024-02-28,396.0478949214855
2024-02-29,-988.4426615959933
2024-03-01,-2201.0813973739782
2024-03-04,98.64460847943383
2024-03-05,1960.0743251341653
2024-03-06,-1086.2176346696524
2024-03-07,-2035.298161848471
2024-03-08,1306.2036395367622
2024-03-11,298.93993585817395
2024-03-12,-1736.1027628737368
2024-03-13,493.10299280115544
2024-03-14,561.553767687759
2024-03-15,1435.3614223766845
2024-03-18,-1159.3490740788013
2024-03-19,-780.3650146374996
2024-03-20,-1915.694045318611
2024-03-21,-649.2875802147022
2024-03-22,266.94006844909177
2024-03-25,463.4292020749284
2024-03-26,320.2019551127211
2024-03-27,-1297.1154114773763
2024-03-28,-93.85840693961674
2024-04-01,-28.44864933407817
2024-04-02,1057.1958336100447
2024-04-03,-409.6990210967878
2024-04-04,2247.4123750528624
2024-04-05,-2005.550068935619
2024-04-08,-192.04199004531998
2024-04-09,-471.9612352617948
2024-04-10,1925.8492165445057
2024-04-11,-1995.7403651176628
2024-04-12,2613.058604474904
2024-04-15,2036.716198911819
2024-04-16,248.1645246340261
2024-04-17,1376.390913209391
2024-04-18,506.1966677467797
2024-04-19,1967.2729563900054
2024-04-22,-1143.618884152666
2024-04-23,-2095.336657682439
2024-04-24,-87.8350386844732
2024-04-25,647.995362130311
2024-04-26,-1953.4292902241036
2024-04-29,-627.1349378906616
2024-04-30,3178.5611476083195
2024-05-01,524.8145269129781
2024-05-02,-1752.3706411606408
2024-05-03,-2484.2710282776
2024-05-06,-1940.0981102090814
2024-05-07,-72.56738130380577
2024-05-08,125.73790475169774
2024-05-09,-1058.0531715085276
2024-05-10,-358.4936627170078
2024-05-13,24.69695548946024
2024-05-14,-1043.2984278647182
2024-05-15,-2509.933481880122
2024-05-16,445.8980278921469
2024-05-17,-376.65979896115726
2024-05-20,-554.0493702938257
2024-05-21,-365.5220730732829
2024-05-22,671.9232439982553
2024-05-23,1463.772355092149
2024-05-24,-1300.5754210249681
2024-05-28,-372.8597604853255
2024-05-29,1400.9175413817563
2024-05-30,1180.129236496663
2024-05-31,-814.0172159192625
2024-06-03,-574.837899590338
2024-06-04,-128.56776373701302
2024-06-05,-2656.0047156557093
2024-06-06,-71.07279799394014
2024-06-07,883.8407312200011
2024-06-10,-701.2440370957688
2024-06-11,-713.0487170666604
2024-06-12,-1772.128207519486
2024-06-13,-392.9469039108538
2024-06-14,-527.2002886949987
2024-06-17,-1425.4626452918844
2024-06-18,-402.22884855909393
2024-06-20,551.4894233824934
2024-06-21,545.487988382328
2024-06-24,869.0784825554065
2024-06-25,-966.1897025453243
2024-06-26,-10.384010211738412
2024-06-27,-543.7780059164093
2024-06-28,761.6938195391489
2024-07-01,-531.3436921103714
2024-07-02,-1332.7695421183291
2024-07-03,-1190.0347293840478
2024-07-05,-1466.7161012858826
2024-07-08,-73.12970894303086
2024-07-09,-136.21049430805775
2024-07-10,-1742.6709530140345
2024-07-11,1716.9165831850585
2024-07-12,-1058.045180859548
2024-07-15,-522.3671979747197
2024-07-16,-1119.89146504735
2024-07-17,3247.96648282011
2024-07-18,1286.7186202411995
2024-07-19,1531.7629258147654
2024-07-22,-1969.2652221008527
2024-07-23,281.9902957439312
2024-07-24,4578.28915359003
2024-07-25,1359.4891948705692
2024-07-26,-2052.762314135531
2024-07-29,-147.99643492797907
2024-07-30,1099.5496806556696
2024-07-31,-3716.4683659038105
2024-08-01,2954.947528555306
2024-08-02,3300.1777616624113
2024-08-05,5072.369417821182
2024-08-06,-1349.9884040595052
2024-08-07,1395.4799757143899
2024-08-08,-4455.099416646318
2024-08-09,-852.2552245019937
2024-08-12,-441.3017853490579
2024-08-13,-3181.9040862566785
2024-08-14,-246.15092638603187
2024-08-15,-3277.40987017043
2024-08-16,-715.7752679090504
2024-08-19,-1759.0548775054754
2024-08-20,227.7188964432422
2024-08-21,-693.4727871072338
2024-08-22,1999.5523601784016
2024-08-23,-2085.670342898888
2024-08-26,754.0789521015303
2024-08-27,-342.26298343740297
2024-08-28,1392.7296635517089
2024-08-29,-30.93187699236474
2024-08-30,-1567.9381984533495
2024-09-03,3990.299984413654
2024-09-04,310.6831838676288
2024-09-05,78.84269409533474
2024-09-06,3407.161948911047
2024-09-09,-2001.7486074990638
2024-09-10,-1074.3280277158847
2024-09-11,-2251.8255781393714
2024-09-12,-1742.554330601098
2024-09-13,-1076.4555241839246
2024-09-16,21.81079065251613
2024-09-17,14.661118778781365
2024-09-18,713.0025959370486
2024-09-19,-3513.3397582541097
2024-09-20,97.85034172730025
2024-09-23,-446.0013917727429
2024-09-24,-816.0212873990889
2024-09-25,301.9193818447175
2024-09-26,-949.3408592736467
2024-09-27,545.416683599219
2024-09-30,-429.07019898225377
2024-10-01,1544.6877627040135
2024-10-02,-96.76048383036941
2024-10-03,318.7667536261525
2024-10-04,-1560.7276288434448
2024-10-07,1681.019958806155
2024-10-08,-1712.9304717239427
2024-10-09,-1078.1276195605465
2024-10-10,151.64582268599852
2024-10-11,-1000.3727958050303
2024-10-14,-1319.8671934100316
2024-10-15,1457.7029351955948
2024-10-16,-621.0775936520301
2024-10-17,-82.08286049746431
2024-10-18,-970.9546579563572
2024-10-21,214.29828774248992
2024-10-22,-166.3126394727863
2024-10-23,2076.071040140281
2024-10-24,-842.9161171121287
2024-10-25,-278.5555171731351
2024-10-28,-374.77407171139475
2024-10-29,-883.2463348229462
2024-10-30,640.8029695850648
2024-10-31,3784.294869109348
2024-11-01,-751.3026103678933
2024-11-04,314.52619933944965
2024-11-05,-2121.7008905211615
2024-11-06,-3722.713934206017
2024-11-07,-2041.805925305015
2024-11-08,-470.2224544503323
2024-11-11,267.71800069508197
2024-11-12,682.4399850299425
2024-11-13,214.34436894326322
2024-11-14,1181.9024414432963
2024-11-15,2759.3678679951254
2024-11-18,-1152.8869331605924
2024-11-19,-981.4869942379797
2024-11-20,-95.84715407096822
2024-11-21,-986.9740399983191
2024-11-22,-718.2140726540612
2024-11-25,-129.2315534891852
2024-11-26,-836.1897249943052
2024-11-27,693.4739104011818
2024-11-29,-1331.9736725854777
2024-12-02,-653.907235165027
2024-12-03,-208.62791608562796
2024-12-04,-1474.1589299514949
2024-12-05,492.7509595735571
2024-12-06,-766.7471715301873
2024-12-09,923.4165967718085
2024-12-10,357.94016164676054
2024-12-11,-1985.2410903185869
2024-12-12,1232.8364125215214
2024-12-13,-147.11977882153408
2024-12-16,-1316.254986453643
2024-12-17,793.886843030302
2024-12-18,5766.228997531986
2024-12-19,325.57641741794157
2024-12-20,-2005.276108458083
2024-12-23,-1084.8159795779377
2024-12-24,-2024.1046970515931
2024-12-26,-101.9243028393423
2024-12-27,2057.5767321399735
2024-12-30,2009.1150877725554
2024-12-31,786.2021400955387
2025-01-02,136.96942215231238
2025-01-03,-2171.2078944756545
2025-01-06,-1240.3498217438614
2025-01-07,2192.7911119377604
2025-01-08,-254.05752050881017
2025-01-10,2459.11220759748
2025-01-13,177.3051552356022
2025-01-14,-228.05906825999364
2025-01-15,-3506.7778968397856
2025-01-16,421.9170782164686
2025-01-17,-1929.5581397047397
2025-01-21,-1660.3547775789577
2025-01-22,-1365.6695035532782
2025-01-23,-681.6173637140939
2025-01-24,514.1958226987128
2025-01-27,3287.6676763296714
2025-01-28,-1902.9007258679678
2025-01-29,668.5277303920951
2025-01-30,-1133.0960155500259
2025-01-31,662.7951213372116
2025-02-03,1108.6327902699607
2025-02-04,-1618.669949188999
2025-02-05,-881.2425272671254
2025-02-06,-580.2426646308676
2025-02-07,1705.728056601341
2025-02-10,-1698.5422295462063
2025-02-11,170.7174628358615
2025-02-12,366.99989454026013
2025-02-13,-2193.2421542092075
2025-02-14,3.3549150319877574
2025-02-18,-691.484310678263
2025-02-19,-269.5942187481515
2025-02-20,715.7539396745242
2025-02-21,3056.976146877071
2025-02-24,1057.0806738550223
2025-02-25,1401.6043165029707
2025-02-26,-224.42732515692686
2025-02-27,3543.409770833681
2025-02-28,-2515.1976042327246
2025-03-03,2890.692932459232
2025-03-04,1379.4839017434938
2025-03-05,-1908.5104843676825
2025-03-06,3576.8243636367406
2025-03-07,-980.4056392113241
2025-03-10,5152.959874872222
2025-03-11,831.9092493365116
2025-03-12,-1227.1905165520643
2025-03-13,2080.6867145242727
2025-03-14,-3553.59466042482
2025-03-17,-1333.6537181201709
2025-03-18,1861.0219599379443
2025-03-19,-2036.8353476876268
2025-03-20,501.4242371699454
2025-03-21,-46.44516950997215
2025-03-24,-3021.9525372500584
2025-03-25,-641.5450855594374
2025-03-26,2332.819852941434
2025-03-27,397.8462731711226
2025-03-28,3397.660504163887
2025-03-31,-992.1666304231024
2025-04-01,-746.1299978074924
2025-04-02,-1163.7463276255767
2025-04-03,8334.183583874941
2025-04-04,10105.38592821034
2025-04-07,731.2958856448971
2025-04-08,2598.5527675837075
2025-04-09,-18268.807185644273
2025-04-10,6553.142731603451
2025-04-11,-3254.326870464521
2025-04-14,-1337.6956041373141
2025-04-15,72.76796012542202
2025-04-16,3217.7335410192463
2025-04-17,-43.014420645174496
2025-04-21,3230.835893475323
2025-04-22,-3811.2941536836433
2025-04-23,-2376.2498276855254
2025-04-24,-4128.416186514184
2025-04-25,-1134.479621471033
2025-04-28,-390.93644083943013
2025-04-29,-841.6097674302603
2025-04-30,123.19475180996245
2025-05-01,-958.9504361477806
2025-05-02,-2409.3388894927657
2025-05-05,350.4595377943047
2025-05-06,783.3264392984821
2025-05-07,-359.3555067356931
2025-05-08,-851.8512461550246
2025-05-09,8.897656141305392
2025-05-12,-5142.776566291699
2025-05-13,-1626.265362376917
2025-05-14,9.457110670779471
2025-05-15,-934.7803550027969
2025-05-16,-719.7955022963686
2025-05-19,-405.5451085633245
2025-05-20,205.5393741090757
2025-05-21,2536.937297414434
2025-05-22,23.59983515680389
2025-05-23,758.4104191255958
2025-05-27,-3223.9637007726574
2025-05-28,944.3867681280885
2025-05-29,-670.0723057815727
2025-05-30,307.58672328788117
2025-06-02,-1527.1915386223868
2025-06-03,-893.3247700449011
2025-06-04,-322.20894469634163
2025-06-05,1079.875742375021
2025-06-06,-1369.0458910201598
2025-06-09,-284.41694972414
2025-06-10,-992.7633627189194
2025-06-11,349.01020985098614
2025-06-12,-821.3363570778005
2025-06-13,1701.05397109796
2025-06-16,-1489.0386432613657
2025-06-17,1411.5171866654364
2025-06-18,110.05728959187837
2025-06-20,477.15111231036957
2025-06-23,-1713.5888269901984
2025-06-24,-1776.5573369762853
2025-06-25,-204.1271617905029
2025-06-26,-1401.9272007348898
2025-06-27,-343.2788848109344
2025-06-30,-1157.6398763428908
2025-07-01,324.3575640800421
2025-07-02,-993.9910486928067
2025-07-03,-1257.626707737772
2025-07-07,1266.7173108319528
2025-07-08,218.3423013858446
2025-07-09,-1182.815369912414
2025-07-10,-269.93880644622976
2025-07-11,395.39758867044225
2025-07-14,-349.025980258236
2025-07-15,564.000782624496
2025-07-16,-553.211074527811
2025-07-17,-1090.501721678867
2025-07-18,61.019947138828684
2025-07-21,-787.906469031571
2025-07-22,35.65252913145681
2025-07-23,-919.346834465017
2025-07-24,-0.722433203732584
2025-07-25,-455.603311287264
2025-07-28,-4.505265225038799
2025-07-29,289.37708860727446
2025-07-30,409.95719961876426
2025-07-31,603.0414507467458
2025-08-01,2430.2093260390875
2025-08-04,-2810.3809684403227
2025-08-05,887.5068095449501
2025-08-06,-1450.169161099785
2025-08-07,-257.87959745671327
2025-08-08,-1291.2596847866328
2025-08-11,655.7172472699674
2025-08-12,-1901.3691767440064
2025-08-13,-545.9143404376866
2025-08-14,232.15059896861257
2025-08-15,501.7957563883516
2025-08-18,65.77291678571991
2025-08-19,1449.7770394068093
2025-08-20,424.46245096521557
2025-08-21,766.7578653078671
2025-08-22,-2857.3111625540414
2025-08-25,716.9042936023053
2025-08-26,-842.3312627958205
2025-08-27,-396.5469886142332
2025-08-28,-887.8827521985311
2025-08-29,1122.2174665913203
2025-09-02,829.3945678088677
2025-09-03,-1169.7957765760823
2025-09-04,-1379.114604905423
2025-09-05,-102.65912797917747
2025-09-08,-816.8900161761777
2025-09-09,-308.61670152024715
2025-09-10,-412.06765506412194
2025-09-11,-1252.92686027912
2025-09-12,-192.30157498447343
2025-09-15,-1259.2010207239362
2025-09-16,155.3851589000006
2025-09-17,403.31884096048117
2025-09-18,-956.1686815346902
2025-09-19,-1085.0793289623948
2025-09-22,-1149.6395437751394
2025-09-23,857.4445667866488
2025-09-24,757.1827693809103
2025-09-25,694.2250096635984
2025-09-26,-984.9015555345741
2025-09-29,-907.2544284424412
2025-09-30,-713.2592232602065
2025-10-01,-693.637915868753
2025-10-02,-301.21438053507507
2025-10-03,63.97341322237952
2025-10-06,-1169.2372407929502
2025-10-07,603.8313877639696
2025-10-08,-1641.1558876137626
2025-10-09,792.9620748940616
2025-10-10,4590.782102142879
2025-10-13,-3370.6588162598428
2025-10-14,297.07762501472854
2025-10-15,-1242.880345027188
2025-10-16,423.74326734801645
2025-10-17,-496.8951959038866
2025-10-20,-2646.1291051214016
2025-10-21,1454.5963385551956
2025-10-22,1117.4152255358688
2025-10-23,-1182.4577116712246
2025-10-24,-1409.944633864471
2025-10-27,-1652.4607402540078
2025-10-28,-537.2006492265393
2025-10-29,-139.4255737233725
2025-10-30,1663.2953870748704
2025-10-31,-532.7599397167044
2025-11-03,-470.3578622727981
2025-11-04,2775.8469866926243
2025-11-05,-971.678885456315
2025-11-06,2205.1590229931126
2025-11-07,-94.03323632410853
2025-11-10,-3442.346985462068
2025-11-11,-216.19471906054832
2025-11-12,-345.9061687008708
2025-11-13,3153.646494028135
2025-11-14,379.4547034298132
2025-11-17,1750.5319808104105
2025-11-18,1360.43677371908
2025-11-19,-754.3839932467939
2025-11-20,2954.9654974839573
2025-11-21,-1527.482429538978
2025-11-24,-3345.407828370665
2025-11-25,-1412.4635521179193
2025-11-26,-1409.7689279208062
2025-11-28,-1288.0010785220738
2025-12-01,623.5269015896143
2025-12-02,-475.8185731209465
2025-12-03,-536.26463420214
2025-12-04,-51.55929688383326
2025-12-05,-362.58203914243416
2025-12-08,498.6164673031575
2025-12-09,-72.55432513130891
2025-12-10,-1088.2022685361003
2025-12-11,-338.5345424640464
2025-12-12,2140.659417687624
2025-12-15,419.22436615622775
2025-12-16,170.71742702174393
2025-12-17,2005.6952271439504
2025-12-18,-1579.9861000896265
2025-12-19,-1689.8985935187911
2025-12-22,-1463.900201478624
2025-12-23,-1001.0074431160522
2025-12-24,-464.4802281041778
2025-12-26,-230.3874072521779
2025-12-29,1625.3068999533793
2025-12-30,258.6855800997475
2025-12-31,1426.0544944867909
2026-01-02,-240.5031761452961
2026-01-05,-1777.165405993971
2026-01-06,-1394.3068605648239
2026-01-07,506.4089582665509
2026-01-08,201.22476844949247
2026-01-09,-1437.0569633187888
2026-01-12,-634.7915616457915
2026-01-13,320.8107844818985
2026-01-14,821.7201749599928
2026-01-15,-342.58925583037603
2026-01-16,252.89192444861752
2026-01-20,2488.0542574337574
2026-01-21,-2344.9223601699377
2026-01-22,-1398.2153932635551
2026-01-23,-510.80630796139616
2026-01-26,-1123.260625998656
2026-01-27,-1498.6399262841542
2026-01-28,-1127.693322131685
2026-01-29,466.759470708068
2026-01-30,3717.923318039577
2026-02-02,49.63927773157313
2026-02-03,245.55700975525804
2026-02-04,1463.234007250826
2026-02-05,2725.7586493746117
2026-02-06,-3987.744533009774
2026-02-09,-1552.4646408175818
2026-02-10,740.5920359180346
2026-02-11,-354.63698038639615
2026-02-12,3568.7643705549312
2026-02-13,-870.5698533565435
2026-02-17,681.2533520271438
2026-02-18,-1480.2135190659758
2026-02-19,385.487575960401
2026-02-20,-1693.9105904567125
2026-02-23,1057.0653871404668
2026-02-24,-994.4645785309436
2026-02-25,-1567.7280632462862
2026-02-26,942.7982789125377
2026-02-27,330.804132776285
2026-03-02,-442.4731030540828
2026-03-03,2717.2449413927798
2026-03-04,-1751.8197719156321
2026-03-05,1109.3079267539808
2026-03-06,1818.307085047303
2026-03-09,-1599.6211010588208
2026-03-10,-68.19322609110564
2026-03-11,255.977231553468
2026-03-12,3082.7579952441665
2026-03-13,1248.567536095261
2026-03-16,-1685.185872247363
2026-03-17,-516.9295595525335
2026-03-18,3052.846496193878
2026-03-19,1422.4911654737505
2026-03-20,3374.8241851616726
2026-03-23,-1288.6974082878708
2026-03-24,739.8431864473637
2026-03-25,-1701.8290575151236
2026-03-26,4112.283751977465
2026-03-27,2062.748234410481
2026-03-30,753.8492391995474
2026-03-31,-5839.383242834444
2026-04-01,-1890.9479183285232
2026-04-02,273.97654607655653
2026-04-06,-701.2879391729967
2026-04-07,-312.39892033640655
2026-04-08,-4468.449946719779
2026-04-09,-1151.6933661226772
2026-04-10,68.46976175970062
2026-04-13,-1557.4696804988664
2026-04-14,-2817.828441174437
2026-04-15,-1326.0591711268414
2026-04-16,-484.4444634636656
2026-04-17,-2382.310069537747
2026-04-20,558.332169331342
2026-04-21,1602.7769058223948
2026-04-22,-2298.9176287688374
2026-04-23,967.5456708271582
2026-04-24,-1968.998523781782
2026-04-27,-11.899596236259777
2026-04-28,1513.28999954581
2026-04-29,-8.654356016884496
2026-04-30,-1974.7380840146445
2026-05-01,-829.8457760369535
2026-05-04,968.3112406033457
2026-05-05,-1805.1833916229962
2026-05-06,-3342.1077555068214
2026-05-07,431.9563896506255
2026-05-08,-2305.5485189279552
2026-05-11,-424.24782363150206
2026-05-12,783.7243294377736
2026-05-13,-1068.7489094536606
2026-05-14,-1064.573411911667
2026-05-15,2714.088445464064
2026-05-18,280.99670938687075
2026-05-19,1433.7960856368456
2026-05-20,-2433.412681055209
2026-05-21,-326.6504151722009
2026-05-22,-537.4176921798961
2026-05-26,-1785.9168584493525
2026-05-27,352.2361932035472
2026-05-28,-1332.005020351869
2026-05-29,-695.5538205988194
2026-06-01,-304.77517364779965
2026-06-02,-489.62858505080294
2026-06-03,1126.7590902838676
2026-06-04,-328.5638823352008
2026-06-05,6365.813696407548
2026-06-08,-1212.3762942583442
2026-06-09,1264.1637901449387
2026-06-10,3670.18408414046
2026-06-11,-4455.45813378967
2026-06-12,-931.9237888047114
2026-06-15,-4209.34144206016
2026-06-16,1682.2758977475385
2026-06-17,2407.3879713952188
2026-06-18,-2564.249074910795
2026-06-22,636.2715008049489
2026-06-23,3828.4704296473437
2026-06-24,825.8018043406978
2026-06-25,-796.5953782995963
2026-06-26,1188.2506509204045
2026-06-29,-2866.7093742609245
2026-06-30,-1795.9907357851098
