Date,Portfolio Return
2015-01-05,-0.009859782562533392
2015-01-06,-0.005492724987274711
2015-01-07,0.008120414562890366
2015-01-08,0.012028714311352218
2015-01-09,-0.0038202919856125117
2015-01-12,-0.004242592112659316
2015-01-13,-0.001779393267332674
2015-01-14,-0.003942524414738302
2015-01-15,-0.0032556354818877864
2015-01-16,0.010297969233753479
2015-01-20,0.004024958195578909
2015-01-21,0.003201728933085235
2015-01-22,0.01227861205145997
2015-01-23,-0.0030163869426822476
2015-01-26,-0.0001538455359499924
2015-01-27,-0.00958232651143709
2015-01-28,-0.008400213052092043
2015-01-29,0.003483698590333484
2015-01-30,-0.0044079413639618314
2015-02-02,0.006549204597814384
2015-02-03,0.007530898167346312
2015-02-04,-0.0015216728216707054
2015-02-05,0.006949126860999133
2015-02-06,-0.007000219105488759
2015-02-09,-0.002539574760094254
2015-02-10,0.007258470288110219
2015-02-11,-0.00062093938733776
2015-02-12,0.007594720955107492
2015-02-13,0.0041508980338134105
2015-02-17,-0.0017222786635253673
2015-02-18,0.0011574956234583489
2015-02-19,-3.72056421497069e-05
2015-02-20,0.0036970112108805075
2015-02-23,0.0005824672285978938
2015-02-24,0.002042198810768836
2015-02-25,-0.00018828147969329745
2015-02-26,0.00028299886656113493
2015-02-27,-0.002430525901320979
2015-03-02,0.0039711211536521684
2015-03-03,-0.0034722836183100902
2015-03-04,-0.003336644710963288
2015-03-05,0.0009591306081471185
2015-03-06,-0.013924628897251323
2015-03-09,0.003011715094211498
2015-03-10,-0.01194618355286281
2015-03-11,-0.0025624295015374
2015-03-12,0.008143075076304074
2015-03-13,-0.003999358048854207
2015-03-16,0.009630597731661528
2015-03-17,-0.0017083986172590215
2015-03-18,0.011542694447818969
2015-03-19,-0.0026405995729569254
2015-03-20,0.007689570895235365
2015-03-23,-0.000519527400837938
2015-03-24,-0.003090233381005114
2015-03-25,-0.012203691990600118
2015-03-26,-0.001501658488694213
2015-03-27,0.001696203343375391
2015-03-30,0.007473889007117096
2015-03-31,-0.006594606287456672
2015-04-01,0.00021179198876408734
2015-04-02,0.0014490824499671096
2015-04-06,0.006765959309875225
2015-04-07,-0.002390556204199701
2015-04-08,0.0025407948959754734
2015-04-09,0.0021305635808146484
2015-04-10,0.004893298138878288
2015-04-13,-0.003665772370772813
2015-04-14,7.187959597532156e-06
2015-04-15,0.004849662890243911
2015-04-16,-0.0008905256096105596
2015-04-17,-0.008136525983066911
2015-04-20,0.006252487123158179
2015-04-21,0.0007577922984263186
2015-04-22,0.0012666071529476852
2015-04-23,0.003328626134782242
2015-04-24,0.001913975826481451
2015-04-27,-0.000586614493946036
2015-04-28,0.0018921576665966722
2015-04-29,-0.004746829683552889
2015-04-30,-0.010379497831163653
2015-05-01,0.0070357986021247765
2015-05-04,0.0028399698190899603
2015-05-05,-0.009103782677689964
2015-05-06,-0.003708065585840581
2015-05-07,0.002486633888401979
2015-05-08,0.010299343721325238
2015-05-11,-0.004473555609469826
2015-05-12,-0.0015621139014028174
2015-05-13,0.0026556992206683283
2015-05-14,0.009132488989958887
2015-05-15,0.0015998728171762178
2015-05-18,0.002005810515974815
2015-05-19,-0.0024558884623073762
2015-05-20,-6.420965334730244e-05
2015-05-21,0.002503114690066033
2015-05-22,-0.001593574487836369
2015-05-26,-0.009295649166820574
2015-05-27,0.008011716036280703
2015-05-28,-0.0008195046295008668
2015-05-29,-0.004413197175973105
2015-06-01,0.0011623208221036574
2015-06-02,-0.0009894582119199802
2015-06-03,0.0005744511532752572
2015-06-04,-0.006397759701020189
2015-06-05,-0.0024490005526262015
2015-06-08,-0.004616555094201336
2015-06-09,-0.000670404780665268
2015-06-10,0.009737415668031879
2015-06-11,0.002118790172006557
2015-06-12,-0.005608234976679172
2015-06-15,-0.0027189351565807263
2015-06-16,0.003911413288680388
2015-06-17,0.002002369009500571
2015-06-18,0.009636523948185038
2015-06-19,-0.0030801535200543073
2015-06-22,0.0019656472254692137
2015-06-23,-0.0005691118159893982
2015-06-24,-0.005021348776163115
2015-06-25,-0.002405498662072292
2015-06-26,-0.0014831227454412677
2015-06-29,-0.014372908681139274
2015-06-30,0.0009550319200004598
2015-07-01,0.004719665444427701
2015-07-02,-0.00038396557669329034
2015-07-06,-0.0010699682338999317
2015-07-07,0.002493874338500568
2015-07-08,-0.011468983785328568
2015-07-09,0.0007214497045913149
2015-07-10,0.008884801980072243
2015-07-13,0.008275666022741213
2015-07-14,0.0035899030753359096
2015-07-15,-0.00035276387478289095
2015-07-16,0.006303196423400603
2015-07-17,0.0018045796984174078
2015-07-20,-0.00252528367943583
2015-07-21,-0.002451450223932672
2015-07-22,-0.003532836850263621
2015-07-23,-0.0039676798673929925
2015-07-24,-0.006332364500367671
2015-07-27,-0.005056570199803101
2015-07-28,0.008149339808968481
2015-07-29,0.0045074808086673634
2015-07-30,0.0001657010979159157
2015-07-31,0.000278393664851162
2015-08-03,-0.0030034490724775154
2015-08-04,-0.0016696209587634403
2015-08-05,0.0025493726356129454
2015-08-06,-0.006822670800861852
2015-08-07,-0.0008503724194789397
2015-08-10,0.00981414827892535
2015-08-11,-0.006111986768305933
2015-08-12,0.002799413243913751
2015-08-13,-0.002284848123456862
2015-08-14,0.002246196154692681
2015-08-17,0.005287962672198665
2015-08-18,-0.002756785065520573
2015-08-19,-0.0036203169412505343
2015-08-20,-0.014359356951643809
2015-08-21,-0.02283491270185367
2015-08-24,-0.02981563077665106
2015-08-25,-0.009115193579426473
2015-08-26,0.026280084748200983
2015-08-27,0.017980701589213277
2015-08-28,0.0012845712703128953
2015-08-31,-0.006539011982364729
2015-09-01,-0.02074334099977515
2015-09-02,0.01425335570616948
2015-09-03,-0.001149327868450234
2015-09-04,-0.010112977909873422
2015-09-08,0.018093568596056153
2015-09-09,-0.010888317047444196
2015-09-10,0.004744884902970314
2015-09-11,0.003522090994032112
2015-09-14,-0.002461094776360251
2015-09-15,0.007833234783952703
2015-09-16,0.007166416111822782
2015-09-17,0.0011207712935883407
2015-09-18,-0.009968475378643094
2015-09-21,0.0017895262697409375
2015-09-22,-0.010270013365562214
2015-09-23,-0.0003080801864939753
2015-09-24,5.2647067962707794e-05
2015-09-25,-0.002989071950331601
2015-09-28,-0.01991840015338664
2015-09-29,-0.001103428729839373
2015-09-30,0.012962259669646592
2015-10-01,0.0020292884192871785
2015-10-02,0.014245765577171499
2015-10-05,0.011327902062459705
2015-10-06,-0.0012221446667899372
2015-10-07,0.005451603315592468
2015-10-08,0.0046628361599168056
2015-10-09,0.003138021409944791
2015-10-12,0.0015660528742080793
2015-10-13,-0.004030807493483501
2015-10-14,-0.0002028652930743391
2015-10-15,0.010224702470978286
2015-10-16,0.0021450676882592834
2015-10-19,0.0008700870172053676
2015-10-20,-0.0010524019589879252
2015-10-21,-0.005533215762873356
2015-10-22,0.012591389472137005
2015-10-23,0.010219814685080486
2015-10-26,-0.0011175632407897096
2015-10-27,-0.0006165264974270501
2015-10-28,0.006590672281590715
2015-10-29,-0.002436231205782291
2015-10-30,-0.003200191344913561
2015-11-02,0.0076740652939966125
2015-11-03,0.00017658776928275444
2015-11-04,-0.0025309483525599585
2015-11-05,-0.0016962962132927029
2015-11-06,-0.0022917978922846194
2015-11-09,-0.007027360532944504
2015-11-10,0.0007311467921238268
2015-11-11,-0.0028187549147816737
2015-11-12,-0.00959163089118853
2015-11-13,-0.00964274067793025
2015-11-16,0.010971269845887033
2015-11-17,-0.0016999769018379851
2015-11-18,0.012246266844908593
2015-11-19,0.0010047742105465662
2015-11-20,0.0028117129828724163
2015-11-23,-0.001975652210142509
2015-11-24,0.0015940389905402252
2015-11-25,-0.00026296604403841517
2015-11-27,-0.0002791973207558751
2015-11-30,-0.0021375646236406753
2015-12-01,0.008049825943062139
2015-12-02,-0.008711902553306006
2015-12-03,-0.011054624203325925
2015-12-04,0.017897473511933493
2015-12-07,-0.005660719090173405
2015-12-08,-0.0033411844501125554
2015-12-09,-0.007480085667790459
2015-12-10,0.00218798810501597
2015-12-11,-0.01387014748973392
2015-12-14,0.001680911153138842
2015-12-15,0.006424628716220626
2015-12-16,0.011911542989789803
2015-12-17,-0.013081336221430262
2015-12-18,-0.011125527734240026
2015-12-21,0.0075246179227761445
2015-12-22,0.005340248929352143
2015-12-23,0.007860004481583749
2015-12-24,5.005930185508767e-05
2015-12-28,-0.0021862774385593697
2015-12-29,0.008181525016242919
2015-12-30,-0.006391660706235647
2015-12-31,-0.007388447913474483
2016-01-04,-0.010211365624477109
2016-01-05,0.0012258880503694947
2016-01-06,-0.006424221536701968
2016-01-07,-0.017093115309034013
2016-01-08,-0.0077864808741142655
2016-01-11,-0.0009555844062190122
2016-01-12,0.006018388163046451
2016-01-13,-0.01878065409380625
2016-01-14,0.01018685373205419
2016-01-15,-0.015518126545708388
2016-01-19,0.0003718839035631305
2016-01-20,-0.0051196129427687476
2016-01-21,0.0029173744683104186
2016-01-22,0.015523461478955669
2016-01-25,-0.009729817000066254
2016-01-26,0.010787446109424392
2016-01-27,-0.009835013520837488
2016-01-28,0.0038148767331154243
2016-01-29,0.017749294979162222
2016-02-01,0.0012849854031797836
2016-02-02,-0.013119947922086705
2016-02-03,0.0038339291790245866
2016-02-04,0.002590429259142768
2016-02-05,-0.014617988744721866
2016-02-08,-0.007645676477489927
2016-02-09,-0.0010240722142179637
2016-02-10,0.0018113300741444682
2016-02-11,-0.0015650225685993613
2016-02-12,0.011775607010812816
2016-02-16,0.008533611930404694
2016-02-17,0.013360601127199834
2016-02-18,-0.0004000778310382369
2016-02-19,-0.000655799805662105
2016-02-22,0.008175150316088287
2016-02-23,-0.007460752276935656
2016-02-24,0.004717354263823026
2016-02-25,0.008682687110127096
2016-02-26,-0.002255215262732091
2016-02-29,-0.003953001986527371
2016-03-01,0.016530802831479674
2016-03-02,0.003562280728710565
2016-03-03,0.004282910291884656
2016-03-04,0.0015593725996481123
2016-03-07,0.00020515776993512702
2016-03-08,-0.00763536886459748
2016-03-09,0.0023572682602579498
2016-03-10,0.002015079046518986
2016-03-11,0.009281530118415482
2016-03-14,-0.0017084061859902189
2016-03-15,-0.001306615571630254
2016-03-16,0.008229082847482694
2016-03-17,0.003402271855791117
2016-03-18,0.0022624113696130266
2016-03-21,0.00017470274782493966
2016-03-22,0.0006160694770640518
2016-03-23,-0.00782199058266253
2016-03-24,-0.0006610531391870733
2016-03-28,0.00046295742655311223
2016-03-29,0.01110330645092028
2016-03-30,0.0012960498466381143
2016-03-31,-0.00047490786861847933
2016-04-01,0.004876445811660801
2016-04-04,-0.003416560345217201
2016-04-05,-0.005174733295634004
2016-04-06,0.007931165726225542
2016-04-07,-0.006732444582375763
2016-04-08,0.0010353041506860894
2016-04-11,-0.0002881852755648451
2016-04-12,0.0063224220733972825
2016-04-13,0.006698610346303369
2016-04-14,-0.0019174704272723053
2016-04-15,0.00028103004619617344
2016-04-18,0.004449465067294822
2016-04-19,0.0026272891262091314
2016-04-20,-0.00039810032857590105
2016-04-21,-0.0025626418791325767
2016-04-22,-0.004050779075475686
2016-04-25,-0.0008942793489913337
2016-04-26,0.00046073822318093427
2016-04-27,0.0006511735361642845
2016-04-28,-0.004342865903966153
2016-04-29,-0.001287167086712726
2016-05-02,0.005161505986409187
2016-05-03,-0.006400326733018491
2016-05-04,-0.00490679902928115
2016-05-05,-4.905218778972209e-05
2016-05-06,0.003988144542075522
2016-05-09,-0.0016220842443541716
2016-05-10,0.009333693121433395
2016-05-11,-0.005349844167517714
2016-05-12,-0.001704606020308308
2016-05-13,-0.004594334869314043
2016-05-16,0.007224522867469441
2016-05-17,-0.006808856549620268
2016-05-18,-0.00231677279397724
2016-05-19,-0.0029163201890662904
2016-05-20,0.005354039975183689
2016-05-23,-0.001269601415194943
2016-05-24,0.008226666730620114
2016-05-25,0.004627460446126497
2016-05-26,0.0004206637988759532
2016-05-27,0.002213942117734735
2016-05-31,0.00013034975480996636
2016-06-01,0.0011797805084121649
2016-06-02,0.0021002075304246137
2016-06-03,0.0019357122163954354
2016-06-06,0.0032244068204401177
2016-06-07,0.00039817229895855455
2016-06-08,0.004154130660957378
2016-06-09,-0.00029356745591258004
2016-06-10,-0.006610833401255567
2016-06-13,-0.004744363311072308
2016-06-14,-0.0009226640948096776
2016-06-15,0.00013514384133728186
2016-06-16,0.0009104516174962551
2016-06-17,-0.0025103036396829648
2016-06-20,0.0034759450346997234
2016-06-21,-0.0007389269993204328
2016-06-22,-0.0012871624172874352
2016-06-23,0.008541230847242565
2016-06-24,-0.01974692155995006
2016-06-27,-0.011774057547702443
2016-06-28,0.012053499154374814
2016-06-29,0.012775880472891021
2016-06-30,0.010208409603069013
2016-07-01,0.004418999253691158
2016-07-05,-0.003326924011345711
2016-07-06,0.0056967337417543895
2016-07-07,-0.0005811431042556103
2016-07-08,0.011978642362933778
2016-07-11,0.0012598524317828375
2016-07-12,0.002170335687193159
2016-07-13,0.0009113425742557357
2016-07-14,0.0028229698399080405
2016-07-15,-0.001952836638805966
2016-07-18,0.0028750932345869007
2016-07-19,-0.0009356769155146605
2016-07-20,0.0024526382016538673
2016-07-21,-0.0003752878764501366
2016-07-22,0.00226728256443387
2016-07-25,-0.002434455337591457
2016-07-26,0.0010765377117145647
2016-07-27,0.003109258441835294
2016-07-28,0.0007865352599800701
2016-07-29,0.0032034490844408126
2016-08-01,0.00013980431673021876
2016-08-02,-0.004089359834124284
2016-08-03,0.0016663224899700069
2016-08-04,0.001587355810283464
2016-08-05,0.00328405168396273
2016-08-08,-0.0006173938833153869
2016-08-09,0.0017369628368404388
2016-08-10,-0.0010794403608813674
2016-08-11,0.002048823735206984
2016-08-12,-0.0003022153375210612
2016-08-15,0.0026429685586562
2016-08-16,-0.0033170519811457355
2016-08-17,0.001494400554677311
2016-08-18,0.002190874820986677
2016-08-19,-0.002278921691149849
2016-08-22,0.00018880852761871125
2016-08-23,0.001577043906385578
2016-08-24,-0.0054457826367264595
2016-08-25,-0.0009230340211849875
2016-08-26,-0.0013624604017443698
2016-08-29,0.0037958905068047333
2016-08-30,-0.002863660723109729
2016-08-31,-0.0020973572631379778
2016-09-01,0.0012869560909112288
2016-09-02,0.004206263724195525
2016-09-06,0.005312392513991959
2016-09-07,-0.00012163760555594649
2016-09-08,-0.003575416238173257
2016-09-09,-0.019144027859664292
2016-09-12,0.010736187615209225
2016-09-13,-0.010900871799360945
2016-09-14,0.0013570862750580392
2016-09-15,0.007505356068176594
2016-09-16,-0.002393038999448205
2016-09-19,-0.0003010994336520856
2016-09-20,0.00043217616838897577
2016-09-21,0.010182193471433676
2016-09-22,0.0056148264293787165
2016-09-23,-0.0041127121325877924
2016-09-26,-0.00569982034590133
2016-09-27,0.004271315331691783
2016-09-28,0.0027448338081434986
2016-09-29,-0.006465940067152842
2016-09-30,0.004843294748099636
2016-10-03,-0.0021562993625571236
2016-10-04,-0.007822426079451827
2016-10-05,0.002508955487439346
2016-10-06,-0.0009560905295991073
2016-10-07,-0.002122022126879397
2016-10-10,0.004282098834356152
2016-10-11,-0.010444820196404914
2016-10-12,0.0008267504608343579
2016-10-13,-0.0019962560235939897
2016-10-14,-0.000638189170809822
2016-10-17,-0.0016143886137959251
2016-10-18,0.005896397365342532
2016-10-19,0.002339667854822869
2016-10-20,-0.0017042626829342211
2016-10-21,0.0010016932227192576
2016-10-24,0.004110608161580709
2016-10-25,-0.0016349523710864622
2016-10-26,-0.00345449538709941
2016-10-27,-0.0025927825586877784
2016-10-28,-0.0022877980391277086
2016-10-31,0.0004930994013065959
2016-11-01,-0.0045574547283046
2016-11-02,-0.0037643943934214663
2016-11-03,-0.0035953984334901046
2016-11-04,-0.0007648523844588917
2016-11-07,0.013571490515843054
2016-11-08,0.002781693661271234
2016-11-09,0.0053242834594235955
2016-11-10,-0.0038099733650496237
2016-11-11,-0.003701844392740905
2016-11-14,-0.0026164435447080248
2016-11-15,0.008003802544928496
2016-11-16,4.1950408652846605e-05
2016-11-17,0.0029151119906936085
2016-11-18,-0.0032410085269065636
2016-11-21,0.006470448560395914
2016-11-22,0.0018860239551425906
2016-11-23,-0.0029565662105620616
2016-11-25,0.0020849403810838663
2016-11-28,-0.001681035626435401
2016-11-29,0.0011860209924414722
2016-11-30,-0.005550605848704371
2016-12-01,-0.005984467454690834
2016-12-02,0.001690709073115526
2016-12-05,0.004485287426720719
2016-12-06,0.0024154409989207704
2016-12-07,0.010226264969528831
2016-12-08,0.0013544743668356674
2016-12-09,0.0030862143361729544
2016-12-12,-0.0014534339255384277
2016-12-13,0.0056601501056166015
2016-12-14,-0.007530361438481847
2016-12-15,0.000908578527366144
2016-12-16,-0.0008674850179924976
2016-12-19,0.0030078600270717626
2016-12-20,0.002170340602394294
2016-12-21,-0.001446722921538024
2016-12-22,-0.0019992783303940387
2016-12-23,0.0013775264627626793
2016-12-27,0.002856984478016633
2016-12-28,-0.005439681108528105
2016-12-29,0.0015026256170289631
2016-12-30,-0.00428848723491837
2017-01-03,0.006793963063636221
2017-01-04,0.005138508111494744
2017-01-05,0.0027915733645242913
2017-01-06,0.002123056558770653
2017-01-09,-0.00010395982249400415
2017-01-10,0.0009744943200722389
2017-01-11,0.0025539702056180946
2017-01-12,-0.001277957018666842
2017-01-13,0.002006265758730752
2017-01-17,-0.0006334356179223954
2017-01-18,-8.53568850925912e-05
2017-01-19,-0.002557099669654894
2017-01-20,0.0028000150213243202
2017-01-23,-0.00020368704285023131
2017-01-24,0.004337362967719249
2017-01-25,0.0053289557743765315
2017-01-26,-0.0014465447368582351
2017-01-27,-0.00015678298180832329
2017-01-30,-0.0045919390695357
2017-01-31,0.0015990133488703595
2017-02-01,0.0008040051360722611
2017-02-02,0.0009256943953059871
2017-02-03,0.0048292893274453075
2017-02-06,0.0010774956105574773
2017-02-07,0.0006677397058321155
2017-02-08,0.0020968449817104773
2017-02-09,0.0028449641107022305
2017-02-10,0.0031308123046600578
2017-02-13,0.0030929856977246484
2017-02-14,0.0026360400145792884
2017-02-15,0.00434817940142862
2017-02-16,0.0003120186728025054
2017-02-17,0.0016197443067713646
2017-02-21,0.004312367585083798
2017-02-22,-0.0002681869550498206
2017-02-23,0.0006653011282555799
2017-02-24,0.0023705211698616946
2017-02-27,0.0003836555655147844
2017-02-28,-0.0022620782365458947
2017-03-01,0.009071864740877622
2017-03-02,-0.0061521735206716555
2017-03-03,0.0007660097018566958
2017-03-06,-0.0030913813233128806
2017-03-07,-0.003183868025676717
2017-03-08,-0.0018999716169595393
2017-03-09,-0.0002710470480661309
2017-03-10,0.0033031584392291258
2017-03-13,0.00038332738183410875
2017-03-14,-0.0031863853533797837
2017-03-15,0.00900944336114784
2017-03-16,-0.0008612997548594903
2017-03-17,-0.00032719577393525157
2017-03-20,8.742008755913133e-05
2017-03-21,-0.008984936502436258
2017-03-22,0.0028638420454858426
2017-03-23,-0.001159619298899739
2017-03-24,0.00026969597981163496
2017-03-27,0.000628404021563389
2017-03-28,0.004443752307056403
2017-03-29,0.0020966534222812694
2017-03-30,0.0011601732933763653
2017-03-31,-0.001009005795423179
2017-04-03,-0.00012221922771882276
2017-04-04,0.0007293814001001486
2017-04-05,-0.0025011351930405157
2017-04-06,0.0013706555256549624
2017-04-07,-0.0006678668333258697
2017-04-10,0.0006569155906874791
2017-04-11,0.000754009679780232
2017-04-12,-0.0022282588042600304
2017-04-13,-0.0036687976802691757
2017-04-17,0.0060181231425693316
2017-04-18,-0.0007597958471298183
2017-04-19,-0.0018344169740285299
2017-04-20,0.006144799451226035
2017-04-21,-0.0014658385948759234
2017-04-24,0.007356010786500722
2017-04-25,0.003116814483894448
2017-04-26,0.00022070110831373668
2017-04-27,0.0013110866565468893
2017-04-28,-0.000586653501058354
2017-05-01,0.0018371054641606044
2017-05-02,0.0006838482963478221
2017-05-03,-0.003209939597015099
2017-05-04,-0.0006088409959417174
2017-05-05,0.0033837313925262347
2017-05-08,-0.0003978907870784143
2017-05-09,-0.00045794853374891975
2017-05-10,0.0011651593852644027
2017-05-11,-0.0009297122866874785
2017-05-12,0.00015742579843158744
2017-05-15,0.003936666789906118
2017-05-16,0.000959952040873624
2017-05-17,-0.012197266258222705
2017-05-18,0.002695334655330006
2017-05-19,0.005190340932280213
2017-05-22,0.00483927557745556
2017-05-23,0.0003535890078787407
2017-05-24,0.0030171684382471753
2017-05-25,0.004098419379036322
2017-05-26,0.0012740630763354854
2017-05-30,-0.0006167901730097514
2017-05-31,0.0002853467906258622
2017-06-01,0.005559134360247686
2017-06-02,0.005330660770419771
2017-06-05,-0.0006545888099364072
2017-06-06,-0.0009592967834781696
2017-06-07,0.0008944226116771592
2017-06-08,-0.00012166939427837864
2017-06-09,-0.006732115538491068
2017-06-12,-0.0013332853161410751
2017-06-13,0.004454568014308213
2017-06-14,-0.0016762772747820343
2017-06-15,-0.00259098418920789
2017-06-16,-0.000689573527295595
2017-06-19,0.006806900985919073
2017-06-20,-0.005348097260714613
2017-06-21,0.001973688114616623
2017-06-22,0.00025618267521210214
2017-06-23,0.002138490405997784
2017-06-26,-0.001345812819744996
2017-06-27,-0.008116700287791212
2017-06-28,0.007952761028104716
2017-06-29,-0.008949412103872678
2017-06-30,0.0006547894399782095
2017-07-03,-0.002677218259195535
2017-07-05,0.003435112173007182
2017-07-06,-0.007378397377731494
2017-07-07,0.004658970769096049
2017-07-10,0.002034420727956121
2017-07-11,0.0004822226079554959
2017-07-12,0.0071527264589583694
2017-07-13,0.0011172866702164885
2017-07-14,0.005033344096879722
2017-07-17,0.0007018901226421015
2017-07-18,0.0026696591009411907
2017-07-19,0.004244656007739822
2017-07-20,0.0007673591627246346
2017-07-21,0.0004011797668306283
2017-07-24,0.0007918935703272734
2017-07-25,0.00016207900057874092
2017-07-26,0.0017142054824061947
2017-07-27,-0.0021375722300341904
2017-07-28,0.0001458975986918798
2017-07-31,-0.0011032779156201489
2017-08-01,0.002129141681634694
2017-08-02,0.00023893151550624658
2017-08-03,-0.0014571543002924736
2017-08-04,0.0003730466198921256
2017-08-07,0.0022203824191067145
2017-08-08,-0.0016426155208498772
2017-08-09,0.0009293257327307458
2017-08-10,-0.011193415080611113
2017-08-11,0.0029932106525503155
2017-08-14,0.007203919312247731
2017-08-15,-0.0011531942269620288
2017-08-16,0.0023275082928211344
2017-08-17,-0.011974177426498867
2017-08-18,-0.0012706851615722492
2017-08-21,0.0007922138643634558
2017-08-22,0.008040820340515342
2017-08-23,-0.001787655286962786
2017-08-24,-0.0022852489236958595
2017-08-25,0.0014813946307219439
2017-08-28,0.0025072677016590994
2017-08-29,0.0011735271885833232
2017-08-30,0.004939883249988064
2017-08-31,0.0070060405436698225
2017-09-01,0.0006635116959723408
2017-09-05,-0.004052636014617472
2017-09-06,0.0015678670325427468
2017-09-07,0.00192677491679083
2017-09-08,-0.0025471384213000547
2017-09-11,0.006186794805114415
2017-09-12,0.0025641634355304532
2017-09-13,-0.0004679595699307315
2017-09-14,-0.0007552763145732833
2017-09-15,0.0009734554134523954
2017-09-18,-0.00014051629165268142
2017-09-19,0.0009321506799988555
2017-09-20,-0.0011667295009030187
2017-09-21,-0.0035767909314734503
2017-09-22,0.0006598704063078831
2017-09-25,-0.0016763116313155413
2017-09-26,-0.0005276655565317201
2017-09-27,0.002766146387713775
2017-09-28,0.0009240171962017207
2017-09-29,0.0027885225356116816
2017-10-02,0.002024699354312265
2017-10-03,0.0017175695734252816
2017-10-04,0.0011231314980284512
2017-10-05,0.004473363622427007
2017-10-06,5.021932326743084e-05
2017-10-09,-0.00022706073450784459
2017-10-10,0.0019353174514460392
2017-10-11,0.0018383827568644318
2017-10-12,-0.0009505430469972653
2017-10-13,0.002441778222610269
2017-10-16,0.00044076358156242
2017-10-17,-0.00010898269764414437
2017-10-18,-0.00023405586028846237
2017-10-19,0.00011463919376208942
2017-10-20,0.0024945881560107797
2017-10-23,-0.0032661093718746592
2017-10-24,0.0006906338212993024
2017-10-25,-0.003696288863544561
2017-10-26,-0.0009344622032874117
2017-10-27,0.011079788538547852
2017-10-30,-0.0012860189179545456
2017-10-31,0.001236370163420597
2017-11-01,0.0010604147966051247
2017-11-02,1.0571390993696639e-05
2017-11-03,0.003290737985263803
2017-11-06,0.0025927180082008228
2017-11-07,-0.0007911010905978788
2017-11-08,0.0020227157660430706
2017-11-09,-0.002877106272107244
2017-11-10,-0.0014903249815801933
2017-11-13,0.0008721841337473446
2017-11-14,-0.001575889481915893
2017-11-15,-0.003617010725594838
2017-11-16,0.007271346882233187
2017-11-17,-0.0008595902798914645
2017-11-20,-0.00044777610727220196
2017-11-21,0.006220910507056976
2017-11-22,0.0009927742091988545
2017-11-24,0.001745815706001963
2017-11-27,-8.37376037177151e-05
2017-11-28,0.00619406002724765
2017-11-29,-0.004689124471998429
2017-11-30,0.005466081985283866
2017-12-01,-0.0012552116191714147
2017-12-04,-0.003317734733823574
2017-12-05,-0.0026236370358402317
2017-12-06,0.00078465647592596
2017-12-07,0.0011039217805994817
2017-12-08,0.0038985754191007693
2017-12-11,0.002648748291026237
2017-12-12,0.0007259245627679878
2017-12-13,0.0015853626132034115
2017-12-14,-0.0027424040681529593
2017-12-15,0.007361559923682037
2017-12-18,0.005666400373538494
2017-12-19,-0.0037377330416593635
2017-12-20,-0.00041553694616647263
2017-12-21,0.0014661785691951756
2017-12-22,0.00019195372466440652
2017-12-26,-0.0008698505159282499
2017-12-27,0.0010569451813575714
2017-12-28,0.0018809528763774619
2017-12-29,-0.002503444034839486
2018-01-02,0.00842906540334587
2018-01-03,0.005285888025663876
2018-01-04,0.003153703996685575
2018-01-05,0.005401326369867343
2018-01-08,0.0019084960898254621
2018-01-09,0.00039586947353753565
2018-01-10,-0.0010934801231641256
2018-01-11,0.006104628076601726
2018-01-12,0.00631772682215459
2018-01-16,-0.002459788090588555
2018-01-17,0.006613630299500128
2018-01-18,-0.0014072539667995265
2018-01-19,0.003558886562178065
2018-01-22,0.006901412626019843
2018-01-23,0.0037781144076107775
2018-01-24,-0.0005533114033327013
2018-01-25,-0.00018607027640771268
2018-01-26,0.009425774918549346
2018-01-29,-0.005525682714152547
2018-01-30,-0.008276578281291025
2018-01-31,0.0018106929216092915
2018-02-01,-0.0022550649814030432
2018-02-02,-0.018179557860153017
2018-02-05,-0.03072850085814305
2018-02-06,0.014373849005654415
2018-02-07,-0.006302820007578758
2018-02-08,-0.02956539094546573
2018-02-09,0.011212569928154004
2018-02-12,0.0121918602627622
2018-02-13,0.003279524316217808
2018-02-14,0.012930777745135291
2018-02-15,0.011178329036129586
2018-02-16,-0.0008039885529446122
2018-02-20,-0.004641379734988793
2018-02-21,-0.0042962922001944515
2018-02-22,0.001276835673984733
2018-02-23,0.013379245558275521
2018-02-26,0.009477138998519097
2018-02-27,-0.011035047551902544
2018-02-28,-0.007226073771298025
2018-03-01,-0.011198367129651277
2018-03-02,0.005375488388095873
2018-03-05,0.00855497488117063
2018-03-06,0.00366661871893581
2018-03-07,-0.00019733745951211468
2018-03-08,0.003600184631210146
2018-03-09,0.013759721354491772
2018-03-12,0.0006412061865290752
2018-03-13,-0.006285811327341406
2018-03-14,-0.002758957865590661
2018-03-15,-0.0014777255790688892
2018-03-16,-0.00024323962041661318
2018-03-19,-0.01192336570918695
2018-03-20,0.0010034023283986837
2018-03-21,-3.559537666808499e-05
2018-03-22,-0.01943694607390234
2018-03-23,-0.016022377293935297
2018-03-26,0.02326153556536359
2018-03-27,-0.01663684642531904
2018-03-28,-0.0053798864971336124
2018-03-29,0.011463157161096804
2018-04-02,-0.01708979481203332
2018-04-03,0.008458794834441896
2018-04-04,0.009454466677247808
2018-04-05,0.00475323243922654
2018-04-06,-0.01670789752648094
2018-04-09,0.004408339264106109
2018-04-10,0.01352805814600222
2018-04-11,-0.0031169744236352326
2018-04-12,0.005596917095833653
2018-04-13,-0.0019241442674978737
2018-04-16,0.006397372740704066
2018-04-17,0.01056901323974535
2018-04-18,0.0006363759042840034
2018-04-19,-0.005522635677034704
2018-04-20,-0.009069618464347395
2018-04-23,-0.0015355634911821125
2018-04-24,-0.0114293253766371
2018-04-25,0.0005400861853606109
2018-04-26,0.009793952952678708
2018-04-27,0.0012360740448831287
2018-04-30,-0.006441164723822279
2018-05-01,0.0023699830960692836
2018-05-02,-0.004895631965064817
2018-05-03,-0.0007328090980270874
2018-05-04,0.011522726262688021
2018-05-07,0.0037784716145796704
2018-05-08,-0.00022390047103659771
2018-05-09,0.0073519143522680075
2018-05-10,0.008301478235202886
2018-05-11,0.0013259125221192214
2018-05-14,6.608176309086389e-05
2018-05-15,-0.008278387149355138
2018-05-16,0.0036490051841449045
2018-05-17,-0.001131414330621916
2018-05-18,-0.00208883788896852
2018-05-21,0.0055151925044181205
2018-05-22,-0.002053829635785487
2018-05-23,0.0037792942896519577
2018-05-24,-6.140003682741924e-05
2018-05-25,-0.0011147677859079108
2018-05-29,-0.0063623767044539425
2018-05-30,0.008773623147879439
2018-05-31,-0.004026555145489885
2018-06-01,0.008563881240154059
2018-06-04,0.004241072226304432
2018-06-05,0.0016990307125746007
2018-06-06,0.00580953176409893
2018-06-07,-0.0017816422425805944
2018-06-08,0.0017535089963742756
2018-06-11,0.001422332671089599
2018-06-12,0.0016519580080431862
2018-06-13,-0.0017185796196076408
2018-06-14,0.004053974561362361
2018-06-15,-0.003018952648804918
2018-06-18,-0.0013094149269518018
2018-06-19,-0.0027542926734414053
2018-06-20,0.0018948774744291796
2018-06-21,-0.00566059567547339
2018-06-22,0.0008009308759584499
2018-06-25,-0.013028264530259848
2018-06-26,0.0018261783398136888
2018-06-27,-0.008050578733501124
2018-06-28,0.0047793002180660515
2018-06-29,0.0015764383232930168
2018-07-02,0.0016487096330428663
2018-07-03,-0.0030921117578689428
2018-07-05,0.00782624038514701
2018-07-06,0.008100701224643458
2018-07-09,0.007207848785429016
2018-07-10,0.0017790686699197256
2018-07-11,-0.006204621841266134
2018-07-12,0.009204149614571389
2018-07-13,0.0002950522386593324
2018-07-16,-0.0013667646978169357
2018-07-17,0.0026732626433929596
2018-07-18,0.0007810898374858155
2018-07-19,-0.003165461331328334
2018-07-20,-0.0004998295267387709
2018-07-23,0.0008847933190536672
2018-07-24,0.0034750521722162198
2018-07-25,0.008420003755962302
2018-07-26,-0.005223527161687724
2018-07-27,-0.007011590368526277
2018-07-30,-0.006545952106167818
2018-07-31,0.004964198244282958
2018-08-01,-0.0008042709113678104
2018-08-02,0.005703303844395657
2018-08-03,0.003530598914025962
2018-08-06,0.0031765283614231254
2018-08-07,0.0026804994681108862
2018-08-08,0.00014156414568278208
2018-08-09,-0.0007034134633551181
2018-08-10,-0.005235821977198074
2018-08-13,-0.003754688273770568
2018-08-14,0.00508033515027928
2018-08-15,-0.00837590102976471
2018-08-16,0.005323817458296354
2018-08-17,0.003060752611600437
2018-08-20,0.0015936194931860381
2018-08-21,0.002597542656200824
2018-08-22,0.0009277785434116392
2018-08-23,-0.0020278605223945645
2018-08-24,0.007112584458636606
2018-08-27,0.006821652430041514
2018-08-28,-0.00025938473794762107
2018-08-29,0.005923619286447579
2018-08-30,-0.003083749521876955
2018-08-31,0.000296730698869041
2018-09-04,-0.002497044642522983
2018-09-05,-0.004147030650572314
2018-09-06,-0.003328357437299756
2018-09-07,-0.0026267548472922453
2018-09-10,0.0018192603036855104
2018-09-11,0.003381618087262561
2018-09-12,0.0002966973637190673
2018-09-13,0.005319707450613498
2018-09-14,-0.001178248715532626
2018-09-17,-0.005933656648833718
2018-09-18,0.00451410967207222
2018-09-19,0.00044683739712048087
2018-09-20,0.007467607753098626
2018-09-21,-0.002247477061297687
2018-09-24,-0.0015614297142786393
2018-09-25,-0.00012393229819429585
2018-09-26,-0.0019153617488708585
2018-09-27,0.0026878311596707505
2018-09-28,0.0006183578822307467
2018-10-01,0.0017449096599506664
2018-10-02,0.00020988308240466047
2018-10-03,-0.00023417683265580802
2018-10-04,-0.00908183540523877
2018-10-05,-0.0060037770611134356
2018-10-08,-0.0024664567558442263
2018-10-09,5.281931474576673e-05
2018-10-10,-0.0277384372001237
2018-10-11,-0.0125878473445451
2018-10-12,0.013219908819643411
2018-10-15,-0.005010432363488637
2018-10-16,0.018681488959863657
2018-10-17,-0.00011558608225081812
2018-10-18,-0.013260659712380551
2018-10-19,-0.0008728524734452625
2018-10-22,-0.0016875862080827364
2018-10-23,-0.003137377558189991
2018-10-24,-0.02670664849889126
2018-10-25,0.01725915468039707
2018-10-26,-0.014937822967919456
2018-10-29,-0.007967114088440308
2018-10-30,0.011426458528312589
2018-10-31,0.010187057466658045
2018-11-01,0.01044531993821618
2018-11-02,-0.006792599645090935
2018-11-05,0.002399052582584549
2018-11-06,0.004831431055086766
2018-11-07,0.01884020169453038
2018-11-08,-0.0028204210497705384
2018-11-09,-0.01004165496517817
2018-11-12,-0.017731395389089744
2018-11-13,-0.0008580892062050038
2018-11-14,-0.004758210264671048
2018-11-15,0.009910860311403091
2018-11-16,0.0016432680903384345
2018-11-19,-0.016536447005198185
2018-11-20,-0.01427926728298401
2018-11-21,0.004057501660431617
2018-11-23,-0.0051670870708215855
2018-11-26,0.013654782017069156
2018-11-27,0.0017517185023734339
2018-11-28,0.020345079772293717
2018-11-29,-0.0014941621108548464
2018-11-30,0.005109169603066288
2018-12-03,0.011894405128798358
2018-12-04,-0.02595660086048157
2018-12-06,0.0008761386943325622
2018-12-07,-0.01921846221767254
2018-12-10,0.002874835895788408
2018-12-11,0.000632267740102721
2018-12-12,0.004891126508672405
2018-12-13,-0.0006251524620536353
2018-12-14,-0.015650638107509218
2018-12-17,-0.015206030291239792
2018-12-18,0.0012432188827615764
2018-12-19,-0.013953421696409452
2018-12-20,-0.010717748517857562
2018-12-21,-0.01835368774034174
2018-12-24,-0.018297073103906714
2018-12-26,0.03939721473045532
2018-12-27,0.006401133995524777
2018-12-28,-8.33927351739927e-05
2018-12-31,0.007245789789455781
2019-01-02,0.0016882063131693492
2019-01-03,-0.01845165537654625
2019-01-04,0.025926638284619052
2019-01-07,0.0074073856181935405
2019-01-08,0.0068547168146222415
2019-01-09,0.005150083956299234
2019-01-10,0.0019649844152604956
2019-01-11,-0.00013039287554150736
2019-01-14,-0.0051727123418497944
2019-01-15,0.01020632811052491
2019-01-16,0.001779078910498555
2019-01-17,0.0057264320768604104
2019-01-18,0.008535392236507677
2019-01-22,-0.011293627562695252
2019-01-23,0.001252816732449924
2019-01-24,0.0020181247869937025
2019-01-25,0.008748671092674742
2019-01-28,-0.006418649809300958
2019-01-29,-0.0018814268412813417
2019-01-30,0.014743983780413528
2019-01-31,0.008702276163627953
2019-02-01,-0.0009740762239952572
2019-02-04,0.006041602786325706
2019-02-05,0.004738013844459266
2019-02-06,-0.002031225949758353
2019-02-07,-0.007890500435671743
2019-02-08,0.001628317300014226
2019-02-11,-0.0001430608032395586
2019-02-12,0.01051225710133008
2019-02-13,0.0014020402126866394
2019-02-14,-0.00016854440608338184
2019-02-15,0.007743137002831801
2019-02-19,0.0030482449416444624
2019-02-20,0.0009127189435522709
2019-02-21,-0.004133722890257707
2019-02-22,0.005781027327038002
2019-02-25,0.0014059792445870745
2019-02-26,-7.397077134152497e-05
2019-02-27,-0.0011764175142133793
2019-02-28,-0.002272945816388927
2019-03-01,0.0030689639205403463
2019-03-04,-0.0022772848791119404
2019-03-05,-0.0005019532191252729
2019-03-06,-0.004876985488172614
2019-03-07,-0.006985874286605576
2019-03-08,-0.00025765871879945834
2019-03-11,0.012101112413532844
2019-03-12,0.004107192910062452
2019-03-13,0.00594076922233211
2019-03-14,-0.0019758721252929323
2019-03-15,0.005394921548675491
2019-03-18,0.0025774284942741144
2019-03-19,0.0009738208004854698
2019-03-20,5.529394487657768e-05
2019-03-21,0.009495925735323318
2019-03-22,-0.015129698959133187
2019-03-25,6.771107211545058e-05
2019-03-26,0.004822883367621156
2019-03-27,-0.004508417526270403
2019-03-28,0.0014591218879596024
2019-03-29,0.005257991689285868
2019-04-01,0.008704430847465083
2019-04-02,0.001391713693124741
2019-04-03,0.001977808949284343
2019-04-04,0.0016967150820130783
2019-04-05,0.003908952676131117
2019-04-08,0.0012888283906691278
2019-04-09,-0.003196279987667694
2019-04-10,0.0037756025691415562
2019-04-11,-0.0020325792253934605
2019-04-12,0.004488515407220728
2019-04-15,-0.0005138907215109789
2019-04-16,1.8067667086230088e-05
2019-04-17,-0.0010576092293491657
2019-04-18,0.0015509320335351795
2019-04-22,0.0008834334932870114
2019-04-23,0.008131216319956058
2019-04-24,-0.0012364196721804666
2019-04-25,0.0003837719673105422
2019-04-26,0.003866768709206214
2019-04-29,0.0006556803222301788
2019-04-30,-0.00102656581962568
2019-05-01,-0.005602214036480313
2019-05-02,-0.0027029431809857396
2019-05-03,0.010022826092634052
2019-05-06,-0.003268671893635444
2019-05-07,-0.013459511054692008
2019-05-08,-0.00169945618042866
2019-05-09,-0.0025870970441573826
2019-05-10,0.003234091505617709
2019-05-13,-0.020706134968580203
2019-05-14,0.007400024175197917
2019-05-15,0.00648942508104966
2019-05-16,0.006555599322079164
2019-05-17,-0.006631768741501953
2019-05-20,-0.007649487693346724
2019-05-21,0.007249459440167527
2019-05-22,-0.002680136688077983
2019-05-23,-0.00921594594591335
2019-05-24,0.0013211812044484628
2019-05-28,-0.006137483324667903
2019-05-29,-0.005593915100231661
2019-05-30,0.0032824388990435605
2019-05-31,-0.0092227608122466
2019-06-03,-0.004198109270969974
2019-06-04,0.01808548205356808
2019-06-05,0.006558425443505822
2019-06-06,0.005494580915353042
2019-06-07,0.010457234196910026
2019-06-10,0.004047336151512759
2019-06-11,-0.0001785078149435515
2019-06-12,-0.0014652365724283634
2019-06-13,0.004489778435301961
2019-06-14,-0.001737749462341287
2019-06-17,0.0014904142574256873
2019-06-18,0.009911615680259667
2019-06-19,0.003283340452070238
2019-06-20,0.009958746296726773
2019-06-21,-0.0005500935867448487
2019-06-24,0.00018349918024385126
2019-06-25,-0.00894310078121674
2019-06-26,-0.0009356589837044016
2019-06-27,0.003519209391242173
2019-06-28,0.003899774080241558
2019-07-01,0.005757827137896188
2019-07-02,0.004560592957487453
2019-07-03,0.006458329902215176
2019-07-05,-0.0026219065926917917
2019-07-08,-0.005254653665690223
2019-07-09,0.0020555702070201853
2019-07-10,0.006356312384061535
2019-07-11,-0.00019421773930172748
2019-07-12,0.004613666499056146
2019-07-15,0.0008700060640456364
2019-07-16,-0.003800438422437491
2019-07-17,-0.00297980536780873
2019-07-18,0.003931003759250817
2019-07-19,-0.00634150431632674
2019-07-22,0.003198778752118825
2019-07-23,0.004748572073307811
2019-07-24,0.005056282359147346
2019-07-25,-0.005678792116848852
2019-07-26,0.00629626568031294
2019-07-29,-0.0011743672949521278
2019-07-30,-0.001768621788394431
2019-07-31,-0.010348644146371044
2019-08-01,-0.002958158270593203
2019-08-02,-0.0077799067120489784
2019-08-05,-0.02256843216618143
2019-08-06,0.011803613536420343
2019-08-07,0.003124101277208746
2019-08-08,0.01614186917115945
2019-08-09,-0.006448351461390334
2019-08-12,-0.0077824077974666395
2019-08-13,0.012293994055978752
2019-08-14,-0.021736229728922196
2019-08-15,0.0024120977857604586
2019-08-16,0.010863420585123684
2019-08-19,0.00845586989813274
2019-08-20,-0.004835729849666293
2019-08-21,0.0061135276144035355
2019-08-22,-0.0014499227132838133
2019-08-23,-0.018613438386892778
2019-08-26,0.009115894097995625
2019-08-27,-0.0013267751747209067
2019-08-28,0.004440760259896148
2019-08-29,0.0096075320929081
2019-08-30,-0.0010194358936387315
2019-09-03,-0.00387477513193879
2019-09-04,0.010170276442404758
2019-09-05,0.007976428037304029
2019-09-06,-0.0006135871872999799
2019-09-09,-0.0010758796855521169
2019-09-10,-0.002007739566041944
2019-09-11,0.006755229411890662
2019-09-12,0.0027504877862851718
2019-09-13,-0.00270542780967975
2019-09-16,-0.0013667544162789813
2019-09-17,0.0029067782444920365
2019-09-18,-0.00043238563098979554
2019-09-19,0.0007877766830326483
2019-09-20,-0.0032499594954036315
2019-09-23,0.0007558601760921935
2019-09-24,-0.006544733751881915
2019-09-25,0.0032574137175842566
2019-09-26,-0.001959086136875121
2019-09-27,-0.006168940337396123
2019-09-30,0.003119875369419267
2019-10-01,-0.0080189928870672
2019-10-02,-0.011903869983161508
2019-10-03,0.0077789902501181896
2019-10-04,0.01083498003791239
2019-10-07,-0.004200333421156777
2019-10-08,-0.011089323897380043
2019-10-09,0.007289887668850081
2019-10-10,0.004098971055750189
2019-10-11,0.007631535334446937
2019-10-14,-1.6130522081381216e-05
2019-10-15,0.007271279683819243
2019-10-16,-0.0007814207517780059
2019-10-17,0.0024406726732344453
2019-10-18,-0.004518516004690332
2019-10-21,0.004918420683228897
2019-10-22,-0.003003281824653037
2019-10-23,0.0022007503836352083
2019-10-24,0.0039225423554671845
2019-10-25,0.004046722023602678
2019-10-28,0.004264713798163511
2019-10-29,-0.002065611399238221
2019-10-30,0.0035875853312332673
2019-10-31,-1.0319144086889942e-05
2019-11-01,0.007444812311017124
2019-11-04,0.0029275774296073642
2019-11-05,-0.0024845840852005807
2019-11-06,0.00019367711660467357
2019-11-07,0.0005793698593394847
2019-11-08,0.0016049957983359509
2019-11-11,-0.0015565689119242387
2019-11-12,0.002090102807037697
2019-11-13,0.0008527480046904845
2019-11-14,0.0013181206765757736
2019-11-15,0.005508282926755426
2019-11-18,0.0010117867089600718
2019-11-19,0.00043495053862629973
2019-11-20,-0.0029630310476201904
2019-11-21,-0.0022869607886476517
2019-11-22,0.0012976137725957404
2019-11-25,0.0069562733995751636
2019-11-26,0.002336162339441339
2019-11-27,0.003443485878771746
2019-11-29,-0.0026754560640536162
2019-12-02,-0.00754297593370612
2019-12-03,-0.0038619815602845
2019-12-04,0.0043027820827421515
2019-12-05,0.0013250116918126498
2019-12-06,0.006385246852769644
2019-12-09,-0.0027960807267581878
2019-12-10,-0.0005894660697283172
2019-12-11,0.0037321159472283316
2019-12-12,0.005596172727997839
2019-12-13,0.0018912879231895996
2019-12-16,0.005887956495689739
2019-12-17,0.00027120872837360643
2019-12-18,0.00012834425300023433
2019-12-19,0.00409488963209248
2019-12-20,0.0036592919868783103
2019-12-23,0.0015109520086915573
2019-12-24,0.0011615797921618043
2019-12-26,0.00575717255322461
2019-12-27,-0.00032205785356775873
2019-12-30,-0.004427142868956402
2019-12-31,0.0019043089870334207
2020-01-02,0.009690889049248197
2020-01-03,-0.004483607638189557
2020-01-06,0.004414945120960301
2020-01-07,-0.0012637278169957966
2020-01-08,0.0037179797832747052
2020-01-09,0.005234670090734861
2020-01-10,-0.0014537388346407276
2020-01-13,0.005695058410208453
2020-01-14,-0.0015041286111839858
2020-01-15,0.002147444441390478
2020-01-16,0.0067174514468830715
2020-01-17,0.0029386172167022995
2020-01-21,-0.0008788740357984492
2020-01-22,0.0008673419770084401
2020-01-23,0.0017801618800061814
2020-01-24,-0.006351020598548418
2020-01-27,-0.01255754599632386
2020-01-28,0.008141705290714896
2020-01-29,0.000758672636715918
2020-01-30,0.0025249243400495835
2020-01-31,-0.012942404675751251
2020-02-03,0.00707853073856235
2020-02-04,0.012266615097573652
2020-02-05,0.00694133749109338
2020-02-06,0.004382348352949705
2020-02-07,-0.003501623660011166
2020-02-10,0.00738271233046639
2020-02-11,0.0007045890890453599
2020-02-12,0.005659077299722037
2020-02-13,-0.00014895423936212016
2020-02-14,0.0020810895030520804
2020-02-18,4.137524026859296e-05
2020-02-19,0.005510382489587462
2020-02-20,-0.0036201342392826463
2020-02-21,-0.00851581868657314
2020-02-24,-0.0262304357238069
2020-02-25,-0.024894667914988178
2020-02-26,-0.0008457922355574743
2020-02-27,-0.035907075655119414
2020-02-28,-0.0057200692955219345
2020-03-02,0.03557532765339255
2020-03-03,-0.018796253072018265
2020-03-04,0.032269170284815685
2020-03-05,-0.022663669547565712
2020-03-06,-0.012351279778493485
2020-03-09,-0.05862931552644268
2020-03-10,0.035132037410651185
2020-03-11,-0.039284863729891484
2020-03-12,-0.08352286361249783
2020-03-13,0.06678053385277316
2020-03-16,-0.08672826912774578
2020-03-17,0.04291705490719777
2020-03-18,-0.040294928115674256
2020-03-19,0.0010317759086861944
2020-03-20,-0.027205255898507086
2020-03-23,-0.005196040983386885
2020-03-24,0.07025400955792716
2020-03-25,0.005989390750017476
2020-03-26,0.044759337706197666
2020-03-27,-0.02389774880310136
2020-03-30,0.02547337080282941
2020-03-31,-0.014609472305307847
2020-04-01,-0.03183907056194457
2020-04-02,0.01879257597889694
2020-04-03,-0.010637078358295526
2020-04-06,0.05515457445927563
2020-04-07,-4.6502283335358996e-05
2020-04-08,0.022057586556859965
2020-04-09,0.013370314650657411
2020-04-13,-0.0013591310919874866
2020-04-14,0.02657331345019931
2020-04-15,-0.014296826859897416
2020-04-16,0.006716082935361856
2020-04-17,0.014278605071305961
2020-04-20,-0.011331302058255055
2020-04-21,-0.0254254848383364
2020-04-22,0.02076929451391818
2020-04-23,0.0008484552721308436
2020-04-24,0.010626450231119744
2020-04-27,0.008857749691510541
2020-04-28,-0.006725981642646817
2020-04-29,0.023206284861098547
2020-04-30,-0.007817146387189444
2020-05-01,-0.02032985525079667
2020-05-04,0.004869148929869782
2020-05-05,0.007925032312425806
2020-05-06,-0.003935663036953696
2020-05-07,0.011717345987651395
2020-05-08,0.011380736176573647
2020-05-11,0.0011687732495351266
2020-05-12,-0.01505875345946539
2020-05-13,-0.011545536482828855
2020-05-14,0.010142625051377419
2020-05-15,0.004911356944612644
2020-05-18,0.019869711556494085
2020-05-19,-0.004919239501556483
2020-05-20,0.014606378904780337
2020-05-21,-0.007630606950663643
2020-05-22,0.002680836021535571
2020-05-26,0.004541857575871999
2020-05-27,0.009681010462655681
2020-05-28,-0.001174114880504007
2020-05-29,0.006806192700180125
2020-06-01,0.0037465520441155586
2020-06-02,0.005324845091895014
2020-06-03,0.006403422765595135
2020-06-04,-0.002367171835578108
2020-06-05,0.016477976951640327
2020-06-08,0.009944618561904539
2020-06-09,-0.0016098734468380504
2020-06-10,0.0014559017007176323
2020-06-11,-0.04441276569706831
2020-06-12,0.008891851859277322
2020-06-15,0.008208390988798442
2020-06-16,0.014277999253406337
2020-06-17,-0.0013651821469327086
2020-06-18,0.0008622300839944419
2020-06-19,-0.0019032762255843938
2020-06-22,0.007099597866816909
2020-06-23,0.005280656079889479
2020-06-24,-0.019349806961782234
2020-06-25,0.008315432507622456
2020-06-26,-0.01769728893472966
2020-06-29,0.010584652112040738
2020-06-30,0.012534478147416817
2020-07-01,0.0059509097225347585
2020-07-02,0.004773320199625619
2020-07-06,0.01497831224341084
2020-07-07,-0.006355531968371464
2020-07-08,0.008048079185759782
2020-07-09,-0.0009681787461259805
2020-07-10,0.006813641896104006
2020-07-13,-0.009993671215042577
2020-07-14,0.009316335821314858
2020-07-15,0.006041086104274118
2020-07-16,-0.004584999723112437
2020-07-17,0.0029699580946762616
2020-07-20,0.01193549623727752
2020-07-21,-5.531321125995525e-05
2020-07-22,0.00560337863197824
2020-07-23,-0.011686918768930799
2020-07-24,-0.005083600867548221
2020-07-27,0.010595262423893415
2020-07-28,-0.005693203014936032
2020-07-29,0.010543662065233939
2020-07-30,-0.0011699169870018622
2020-07-31,0.00930582693557036
2020-08-03,0.007427612698057695
2020-08-04,0.005596994401027455
2020-08-05,0.004992190775672922
2020-08-06,0.008220926349937097
2020-08-07,-0.004431160281334945
2020-08-10,-2.0738027431077555e-05
2020-08-11,-0.015481408675645292
2020-08-12,0.012822117859682791
2020-08-13,0.0019427652779948623
2020-08-14,-0.0009194783556168984
2020-08-17,0.007271961450171505
2020-08-18,0.004594517834918044
2020-08-19,-0.0075342754010691015
2020-08-20,0.006047881176286518
2020-08-21,0.0028403428235475037
2020-08-24,0.006186886204108344
2020-08-25,0.0037840882003663534
2020-08-26,0.011861246811573967
2020-08-27,-0.001189954937192761
2020-08-28,0.006751077617694001
2020-08-31,0.0009095345074277006
2020-09-01,0.009777174710766223
2020-09-02,0.00885377244592278
2020-09-03,-0.03260347640755368
2020-09-04,-0.008167906406013392
2020-09-08,-0.02708349225503437
2020-09-09,0.018861719868155102
2020-09-10,-0.0144951979202802
2020-09-11,-0.0013956008185262991
2020-09-14,0.01266481926263996
2020-09-15,0.006173339980457104
2020-09-16,-0.005765412404011849
2020-09-17,-0.009131945634413441
2020-09-18,-0.009026627820342581
2020-09-21,-0.0076711541871620215
2020-09-22,0.009552356123737837
2020-09-23,-0.02280159193338893
2020-09-24,0.002909652579565325
2020-09-25,0.014123731067951395
2020-09-28,0.015548818445044521
2020-09-29,-0.0031283133806755403
2020-09-30,0.004970605684012197
2020-10-01,0.008844507192225848
2020-10-02,-0.012168667824231538
2020-10-05,0.015053560404797661
2020-10-06,-0.012947444842419942
2020-10-07,0.013532840564420168
2020-10-08,0.006658105996084407
2020-10-09,0.010510021089484844
2020-10-12,0.01616845504162856
2020-10-13,-0.004844622281152122
2020-10-14,-0.005239646324372904
2020-10-15,-0.0018193283976707386
2020-10-16,-0.0023745879287022653
2020-10-19,-0.012270445461924129
2020-10-20,0.0029389230268581645
2020-10-21,-0.0008067641973287243
2020-10-22,0.002003259474905983
2020-10-23,0.002333374244360309
2020-10-26,-0.013639410235766869
2020-10-27,0.0005590451174481981
2020-10-28,-0.029931537196509317
2020-10-29,0.00906076925917998
2020-10-30,-0.011781886653051243
2020-11-02,0.007598478388129326
2020-11-03,0.014645167748818855
2020-11-04,0.02381644588333942
2020-11-05,0.019842820804890637
2020-11-06,-5.732385629719783e-05
2020-11-09,-0.003730602346109446
2020-11-10,-0.005251974203963949
2020-11-11,0.009433914784288566
2020-11-12,-0.005586974392064348
2020-11-13,0.010538107854642265
2020-11-16,0.008801800886045097
2020-11-17,-0.003408411782093057
2020-11-18,-0.008666054810665846
2020-11-19,0.0045388982370409
2020-11-20,-0.0048183485724467845
2020-11-23,0.0016119033630108692
2020-11-24,0.010688275201687247
2020-11-25,0.0008320007847111288
2020-11-27,0.0032716217003054826
2020-11-30,-0.0029940508641257413
2020-12-01,0.01127839226545646
2020-12-02,0.0018082199278901534
2020-12-03,0.001548190696962326
2020-12-04,0.0054904265332034186
2020-12-07,0.0020464911387823026
2020-12-08,0.003093178792825446
2020-12-09,-0.012747111041939152
2020-12-10,0.0011864069730156412
2020-12-11,-0.0009893039762433053
2020-12-14,-0.0008581879774816059
2020-12-15,0.011575212844156413
2020-12-16,0.0026842180732578047
2020-12-17,0.006179661387494484
2020-12-18,-0.002965827687152589
2020-12-21,-0.0026174746098389656
2020-12-22,-0.0004851220363233377
2020-12-23,-0.00016161010609250237
2020-12-24,0.003435523731235124
2020-12-28,0.006547000124672131
2020-12-29,-0.0008282073248685462
2020-12-30,0.001802945464040251
2020-12-31,0.003822185327344574
2021-01-04,-0.009240792256592023
2021-01-05,0.00622666317454712
2021-01-06,-0.0018468271107295875
2021-01-07,0.014175581855788488
2021-01-08,0.0029712889568871415
2021-01-11,-0.007651144792941822
2021-01-12,0.0008665618300311984
2021-01-13,0.0028106009110451247
2021-01-14,-0.003045892996184296
2021-01-15,-0.007414173697322002
2021-01-19,0.009270755682642351
2021-01-20,0.014991784859118784
2021-01-21,0.0021327819086431887
2021-01-22,-0.0030576258418617552
2021-01-25,0.004458762737908906
2021-01-26,-0.0010672662585894388
2021-01-27,-0.02135962295129723
2021-01-28,0.006156560186509008
2021-01-29,-0.016233574117278105
2021-02-01,0.016675085694606295
2021-02-02,0.010860340568821458
2021-02-03,-0.0008008457926611534
2021-02-04,0.0077019175919765814
2021-02-05,0.0041183290891184665
2021-02-08,0.007085010193156993
2021-02-09,1.0648430955439991e-05
2021-02-10,-0.00037700599558354586
2021-02-11,0.0016242148360232633
2021-02-12,0.0037591839523525294
2021-02-16,-0.0030569587736439807
2021-02-17,-0.0023683100780979016
2021-02-18,-0.0038590688837966125
2021-02-19,-0.0013830206186952188
2021-02-22,-0.010463221344470308
2021-02-23,-0.0005753187820639605
2021-02-24,0.008220681118956241
2021-02-25,-0.025415909221303212
2021-02-26,-0.0029280546117077533
2021-03-01,0.021377993303685727
2021-03-02,-0.008431590486798979
2021-03-03,-0.01645522113596143
2021-03-04,-0.012943298857258312
2021-03-05,0.01413940963800342
2021-03-08,-0.011392905249334229
2021-03-09,0.02043952957609063
2021-03-10,0.003554160489321001
2021-03-11,0.01210218115718531
2021-03-12,-0.001784231055296126
2021-03-15,0.006797843780041113
2021-03-16,0.0002672967643349011
2021-03-17,0.0036417717970913532
2021-03-18,-0.017708044127649925
2021-03-19,0.0008559552103268864
2021-03-22,0.008999127647271399
2021-03-23,-0.00663279400932637
2021-03-24,-0.007388030804448942
2021-03-25,0.002666332252577508
2021-03-26,0.013090257532875516
2021-03-29,-0.0022479420004469786
2021-03-30,-0.0037188904054810124
2021-03-31,0.007825123913801413
2021-04-01,0.012199846365021028
2021-04-05,0.012673617171506057
2021-04-06,0.0006336910830322395
2021-04-07,0.000587349759359812
2021-04-08,0.006707239136951149
2021-04-09,0.004747757783875706
2021-04-12,-0.0006720663487878031
2021-04-13,0.005532714789607152
2021-04-14,-0.005319204786346843
2021-04-15,0.011760200210244598
2021-04-16,0.0023230880389828457
2021-04-19,-0.005773380620283763
2021-04-20,-0.005967164974545969
2021-04-21,0.008971583354676405
2021-04-22,-0.00860597986095224
2021-04-23,0.009356779587299302
2021-04-26,0.0033326986944826054
2021-04-27,-0.001737707443242198
2021-04-28,-0.0007392560904402323
2021-04-29,0.0036861595474064757
2021-04-30,-0.005750677849704844
2021-05-03,0.0008549360131515638
2021-05-04,-0.008934063341640153
2021-05-05,-0.00037935525560950367
2021-05-06,0.007418680537765621
2021-05-07,0.0072338517122001456
2021-05-10,-0.012429619079260767
2021-05-11,-0.0054608572748110484
2021-05-12,-0.020123143253098164
2021-05-13,0.009163498009836735
2021-05-14,0.01567275617642583
2021-05-17,-0.0019951545720140462
2021-05-18,-0.0064074241646587815
2021-05-19,-0.0012872125659204592
2021-05-20,0.01175047054627143
2021-05-21,-0.0017741163365991852
2021-05-24,0.010331288891050061
2021-05-25,1.2975124933589655e-05
2021-05-26,0.0021285350236568412
2021-05-27,-0.0005134346791952904
2021-05-28,0.0021327408079436783
2021-06-01,-0.0013641436506650617
2021-06-02,0.0018744146969071895
2021-06-03,-0.006805074792279764
2021-06-04,0.010756778985042015
2021-06-07,0.0008266737601112517
2021-06-08,0.00046639940534709545
2021-06-09,-0.0010246821035185816
2021-06-10,0.0058437693608592856
2021-06-11,0.0008489709110612864
2021-06-14,0.0029061377960311052
2021-06-15,-0.003211640320170628
2021-06-16,-0.005698330692643916
2021-06-17,0.0007081277578320222
2021-06-18,-0.009718215321342316
2021-06-21,0.01035454930733315
2021-06-22,0.0053305440835607065
2021-06-23,-0.0005252181692142477
2021-06-24,0.005146014711459035
2021-06-25,0.0018380976590113285
2021-06-28,0.00442159191948055
2021-06-29,0.00037124171376889947
2021-06-30,0.000359679813805025
2021-07-01,0.003500943274706181
2021-07-02,0.007693385655650031
2021-07-06,0.0007527414156021095
2021-07-07,0.0026559653755482415
2021-07-08,-0.006267491503801681
2021-07-09,0.007976938331030414
2021-07-12,0.0028060572776349435
2021-07-13,-0.002485290726655265
2021-07-14,0.0019608542466005296
2021-07-15,-0.003616775986852283
2021-07-16,-0.007481385525269779
2021-07-19,-0.009878335433975982
2021-07-20,0.011520729723448309
2021-07-21,0.006226934936842676
2021-07-22,0.003075614638700541
2021-07-23,0.008564122492050519
2021-07-26,0.001290669743838846
2021-07-27,-0.005364048664915688
2021-07-28,0.0016273326884785888
2021-07-29,0.003620711180412295
2021-07-30,-0.004856597361107551
2021-08-02,-0.0009451730870043695
2021-08-03,0.006026409335987637
2021-08-04,-0.0023088492506346814
2021-08-05,0.0049317195183640195
2021-08-06,-0.0026958788909779985
2021-08-09,-0.001419853907876245
2021-08-10,-0.0008823925854576364
2021-08-11,0.0019752038258835647
2021-08-12,0.0026702858182476863
2021-08-13,0.0031855345650395606
2021-08-16,0.0015713326454103171
2021-08-17,-0.006463509349303842
2021-08-18,-0.008603904237955762
2021-08-19,0.00170981446007068
2021-08-20,0.007509997661471424
2021-08-23,0.010161332796911005
2021-08-24,0.0018827847246167817
2021-08-25,0.0009641144021870218
2021-08-26,-0.005124279920832198
2021-08-27,0.00945886034247323
2021-08-30,0.005128449205487939
2021-08-31,-0.0010842823550857306
2021-09-01,0.0009924150743270133
2021-09-02,0.0015823743502692
2021-09-03,0.0013393710624947097
2021-09-07,-0.0035527788035280006
2021-09-08,-0.001909017232016308
2021-09-09,-0.0025930254470903913
2021-09-10,-0.0071455779046818435
2021-09-13,0.00159548636150042
2021-09-14,-0.00324793802211909
2021-09-15,0.006195075366823399
2021-09-16,-0.0025048410056563997
2021-09-17,-0.008683615307624959
2021-09-20,-0.01443398333933621
2021-09-21,0.0004545884301261349
2021-09-22,0.007901711861193705
2021-09-23,0.008050985612223949
2021-09-24,0.0008394809595642094
2021-09-27,-0.003609209630473842
2021-09-28,-0.020384557524867675
2021-09-29,-2.4115677802472035e-06
2021-09-30,-0.006341688777167009
2021-10-01,0.009221686101154924
2021-10-04,-0.01304448343709319
2021-10-05,0.008732196571853201
2021-10-06,0.004328374428394177
2021-10-07,0.006903360720475149
2021-10-08,-0.0026175455413824933
2021-10-11,-0.006454657016384369
2021-10-12,-0.0013600337379922056
2021-10-13,0.005987616493504211
2021-10-14,0.014802091396213246
2021-10-15,0.004271719895513115
2021-10-18,0.0042751863785497335
2021-10-19,0.006394166953700875
2021-10-20,0.002467282665094661
2021-10-21,0.002977866551171715
2021-10-22,-0.002381567689596187
2021-10-25,0.006538202104960256
2021-10-26,0.0007180689271641949
2021-10-27,-0.0018555126250069387
2021-10-28,0.00858519497243515
2021-10-29,0.0017350479540991781
2021-11-01,0.0028393929915884186
2021-11-02,0.0032694824749153195
2021-11-03,0.005800527754251217
2021-11-04,0.007248887241667834
2021-11-05,0.003527698487338693
2021-11-08,0.00035632868599777545
2021-11-09,-0.0031102831113625218
2021-11-10,-0.00864552541416519
2021-11-11,0.0014051325582573604
2021-11-12,0.0073078231966738905
2021-11-15,-0.0003700259519920923
2021-11-16,0.003653126854804345
2021-11-17,-0.0006848769029443869
2021-11-18,0.004293824399792756
2021-11-19,-9.468828340430946e-05
2021-11-22,-0.007273958158404814
2021-11-23,-0.0016442696603221618
2021-11-24,0.002653717547670853
2021-11-26,-0.01744206276899618
2021-11-29,0.012334347834816572
2021-11-30,-0.015600464923219537
2021-12-01,-0.011208001534427248
2021-12-02,0.01041794633699955
2021-12-03,-0.009319681274925218
2021-12-06,0.008702148380678176
2021-12-07,0.020253596841867116
2021-12-08,0.002845523517914339
2021-12-09,-0.008840932582642846
2021-12-10,0.008245495454215046
2021-12-13,-0.00863850766733143
2021-12-14,-0.007711279081599298
2021-12-15,0.015350192869821866
2021-12-16,-0.011553553969803065
2021-12-17,-0.006391573855337507
2021-12-20,-0.009789680848919735
2021-12-21,0.016435310199258257
2021-12-22,0.00982055236834456
2021-12-23,0.005798419327346593
2021-12-27,0.012669659554620516
2021-12-28,-0.002296495183967906
2021-12-29,0.0002904282614966114
2021-12-30,-0.0014962740695704246
2021-12-31,-0.0027847542380785573
2022-01-03,0.004371037659685939
2022-01-04,-0.003498895978292449
2022-01-05,-0.02036356878099499
2022-01-06,-0.0016220540832629915
2022-01-07,-0.005180061231540245
2022-01-10,-0.00046635442268283533
2022-01-11,0.0105205028189852
2022-01-12,0.0025936376519719584
2022-01-13,-0.014974046760906967
2022-01-14,0.0012371537206599115
2022-01-18,-0.017816497445448776
2022-01-19,-0.007497511638198229
2022-01-20,-0.010027262836210027
2022-01-21,-0.01859289658079155
2022-01-24,0.0043455623364772045
2022-01-25,-0.01324577387996917
2022-01-26,-0.003898986741145083
2022-01-27,-0.006691277660392236
2022-01-28,0.022235185252281964
2022-01-31,0.019741710073728935
2022-02-01,0.00588308622484468
2022-02-02,0.007596413465598806
2022-02-03,-0.02481393837392476
2022-02-04,0.005977829496095266
2022-02-07,-0.003184971938192671
2022-02-08,0.007842057562041038
2022-02-09,0.014640275043509732
2022-02-10,-0.017199856166987604
2022-02-11,-0.017621252786422015
2022-02-14,-0.0016515004642200237
2022-02-15,0.015071164325402231
2022-02-16,0.0014945426006418572
2022-02-17,-0.019034518897872443
2022-02-18,-0.006869897366123867
2022-02-22,-0.008762407352660206
2022-02-23,-0.016904236191610522
2022-02-24,0.017241908450757792
2022-02-25,0.01645885138108416
2022-02-28,0.0010400569794379866
2022-03-01,-0.010788558647497726
2022-03-02,0.013000797809334719
2022-03-03,-0.006159878011913977
2022-03-04,-0.007044387218849146
2022-03-07,-0.025624148715009065
2022-03-08,-0.003005801876387215
2022-03-09,0.02139557146932103
2022-03-10,-0.005563988795680097
2022-03-11,-0.013400671483153603
2022-03-14,-0.011633602441590951
2022-03-15,0.01869069039465865
2022-03-16,0.023349596436017084
2022-03-17,0.010966088743866287
2022-03-18,0.01117425795298943
2022-03-21,-0.0011618057362798861
2022-03-22,0.011125448687818729
2022-03-23,-0.009827276571635957
2022-03-24,0.01483223438521164
2022-03-25,0.001457875008378684
2022-03-28,0.006711273226934544
2022-03-29,0.012555715149139335
2022-03-30,-0.006012487656604337
2022-03-31,-0.01201517262061913
2022-04-01,0.000639691008137433
2022-04-04,0.01079554467772903
2022-04-05,-0.01480238357885344
2022-04-06,-0.011782637011505948
2022-04-07,0.003469803639260638
2022-04-08,-0.005137252253402003
2022-04-11,-0.015671305735979635
2022-04-12,-0.0021891093320652866
2022-04-13,0.012622581026712654
2022-04-14,-0.013841297714834
2022-04-18,7.253637772008936e-05
2022-04-19,0.013476433425237078
2022-04-20,-0.003378108477631314
2022-04-21,-0.014934276459801943
2022-04-22,-0.02350721697007463
2022-04-25,0.005422737956289669
2022-04-26,-0.025948240303918957
2022-04-27,0.00023904398278973282
2022-04-28,0.023816351622242937
2022-04-29,-0.03333709810718044
2022-05-02,0.005831813985917034
2022-05-03,0.0033766952115104054
2022-05-04,0.02734569497943351
2022-05-05,-0.0347761228835719
2022-05-06,-0.007020185248687194
2022-05-09,-0.02985779938964117
2022-05-10,0.003740580043112285
2022-05-11,-0.015896225820841492
2022-05-12,-0.002060592591040966
2022-05-13,0.022337167790642765
2022-05-16,-0.004402065402272726
2022-05-17,0.01737615175755014
2022-05-18,-0.03502176868074447
2022-05-19,-0.003027514230322881
2022-05-20,-0.0002607489631035742
2022-05-23,0.014688304089345294
2022-05-24,-0.008653361528697223
2022-05-25,0.008685322029033937
2022-05-26,0.01812288022239472
2022-05-27,0.022669184782784235
2022-05-31,-0.0057389902269885384
2022-06-01,-0.006073879403365567
2022-06-02,0.019250646552238626
2022-06-03,-0.01695692586788855
2022-06-06,0.0016984116305513997
2022-06-07,0.008804332483770994
2022-06-08,-0.008592111354628451
2022-06-09,-0.020882072177922595
2022-06-10,-0.025102863859996383
2022-06-13,-0.03761911359866377
2022-06-14,-0.002500700445173365
2022-06-15,0.016549962716482236
2022-06-16,-0.027963461769882514
2022-06-17,0.003688993456313794
2022-06-21,0.019578286142138523
2022-06-22,-1.3806678244798753e-05
2022-06-23,0.00896120561395275
2022-06-24,0.026494775419114713
2022-06-27,-0.004391789737634988
2022-06-28,-0.019451172610604583
2022-06-29,2.3441562441606223e-05
2022-06-30,-0.007996257082248936
2022-07-01,0.008309600544120777
2022-07-05,0.0037287154690324176
2022-07-06,0.0013132464890392992
2022-07-07,0.014014886307231134
2022-07-08,-0.0004448843834309324
2022-07-11,-0.012302128674264723
2022-07-12,-0.007652166232995361
2022-07-13,-0.002678362888955732
2022-07-14,-0.002409507071770789
2022-07-15,0.01569914179131482
2022-07-18,-0.006816884460314032
2022-07-19,0.023539608868113016
2022-07-20,0.007083860289218702
2022-07-21,0.011352024143794104
2022-07-22,-0.009192143771487249
2022-07-25,-0.0012472913413474895
2022-07-26,-0.01194263936701867
2022-07-27,0.026698310928052083
2022-07-28,0.01143446273805071
2022-07-29,0.013037721917100953
2022-08-01,-0.0009220005578284285
2022-08-02,-0.005703990493156952
2022-08-03,0.016664226967542994
2022-08-04,0.0023388235905226207
2022-08-05,-0.004706833647309616
2022-08-08,-4.945969996628108e-05
2022-08-09,-0.005524848883098787
2022-08-10,0.019572058202434572
2022-08-11,-0.002115808744182046
2022-08-12,0.01601238272246608
2022-08-15,0.0034381160117358256
2022-08-16,0.0003244797351034112
2022-08-17,-0.008394883748031545
2022-08-18,0.002189842536108655
2022-08-19,-0.014077568434404553
2022-08-22,-0.019858664200415377
2022-08-23,-0.0009752416502214478
2022-08-24,0.002820598248685302
2022-08-25,0.013461265511342857
2022-08-26,-0.0311785241072724
2022-08-29,-0.006768938387325951
2022-08-30,-0.009846370731284915
2022-08-31,-0.006833970456605609
2022-09-01,0.00027180944647398064
2022-09-02,-0.008602026465099555
2022-09-06,-0.005293157022898121
2022-09-07,0.01704101664762292
2022-09-08,0.004580489121385867
2022-09-09,0.015126715770692911
2022-09-12,0.009589696748593113
2022-09-13,-0.04061950122123825
2022-09-14,0.003977637581934257
2022-09-15,-0.01247532182878952
2022-09-16,-0.00586470564423891
2022-09-19,0.006335701819823125
2022-09-20,-0.009599705963968641
2022-09-21,-0.01391519588375767
2022-09-22,-0.009350247580023341
2022-09-23,-0.01557904325631565
2022-09-26,-0.00906994533904526
2022-09-27,-0.001384362277670137
2022-09-28,0.019717922954470835
2022-09-29,-0.019677311014398513
2022-09-30,-0.012968205164851754
2022-10-03,0.0237323547350905
2022-10-04,0.02733034012417357
2022-10-05,-0.0023450945347894825
2022-10-06,-0.008207022858170765
2022-10-07,-0.0270954086178693
2022-10-10,-0.008686695290776592
2022-10-11,-0.007184294805625879
2022-10-12,-0.0013068038975181384
2022-10-13,0.019721113843110594
2022-10-14,-0.0222308439997716
2022-10-17,0.023527926627142204
2022-10-18,0.009244950815446185
2022-10-19,-0.007166031742183443
2022-10-20,-0.006902094779340562
2022-10-21,0.021384015905005382
2022-10-24,0.009181355569835237
2022-10-25,0.015798064066885997
2022-10-26,-0.008739827947691348
2022-10-27,-0.007137261111826332
2022-10-28,0.02021373219315925
2022-10-31,-0.007891224140103015
2022-11-01,-0.003874471478583996
2022-11-02,-0.02402633139028998
2022-11-03,-0.011242432210378461
2022-11-04,0.01473669465022076
2022-11-07,0.007484611702056165
2022-11-08,0.007294926550504011
2022-11-09,-0.018142309524481592
2022-11-10,0.05456678625499123
2022-11-11,0.010804641893893185
2022-11-14,-0.007293121714318174
2022-11-15,0.00953286378208773
2022-11-16,-0.007999939861900396
2022-11-17,-0.003524663792525695
2022-11-18,0.0019623563403605715
2022-11-21,-0.005218888424098123
2022-11-22,0.011858036653705106
2022-11-23,0.007137067228568661
2022-11-25,-0.0014624900305393318
2022-11-28,-0.013795444851526728
2022-11-29,-0.002671795994055315
2022-11-30,0.031111275341955347
2022-12-01,0.002369955996691875
2022-12-02,-0.0015704942908139063
2022-12-05,-0.017106318908769458
2022-12-06,-0.0130702367583162
2022-12-07,-0.00042036940639156306
2022-12-08,0.007398624131407239
2022-12-09,-0.006250464221500218
2022-12-12,0.010707565942448483
2022-12-13,0.009094606466670374
2022-12-14,-0.005402840582558688
2022-12-15,-0.0239109777030162
2022-12-16,-0.008558441821953533
2022-12-19,-0.009349781913044697
2022-12-20,0.00172091182656664
2022-12-21,0.012238068821963655
2022-12-22,-0.01525150856785995
2022-12-23,0.0038719890147744795
2022-12-27,-0.005532909108542983
2022-12-28,-0.010949328031608085
2022-12-29,0.017135955339892428
2022-12-30,-0.0015928010142567395
2023-01-03,-0.002786660978139177
2023-01-04,0.007234093078846371
2023-01-05,-0.011665372308491184
2023-01-06,0.022417285736423986
2023-01-09,0.001784916159726313
2023-01-10,0.006255267025276234
2023-01-11,0.0119431307292579
2023-01-12,0.005359344474949346
2023-01-13,0.004807912140108783
2023-01-17,-0.0012478285762143049
2023-01-18,-0.011824289567939239
2023-01-19,-0.005376845511514627
2023-01-20,0.016658698779631775
2023-01-23,0.01236135277433803
2023-01-24,-0.0005067799065541223
2023-01-25,0.00025060285734990195
2023-01-26,0.00990506048846962
2023-01-27,0.0038264586947438506
2023-01-30,-0.012828007109259687
2023-01-31,0.013134358018219494
2023-02-01,0.01332873780656807
2023-02-02,0.015367648497061959
2023-02-03,-0.01347922365812082
2023-02-06,-0.006224948591650903
2023-02-07,0.012615238798215911
2023-02-08,-0.010385244670991445
2023-02-09,-0.008467416150887752
2023-02-10,-0.0005083478248733009
2023-02-13,0.010577511206863344
2023-02-14,0.00148653620655681
2023-02-15,0.0029601207383016526
2023-02-16,-0.013013927526908664
2023-02-17,-0.002836233029563151
2023-02-21,-0.01870709690439254
2023-02-22,-0.0008551113349879458
2023-02-23,0.0054913380222281205
2023-02-24,-0.011523935084271297
2023-02-27,0.004252718585633364
2023-02-28,-0.0019840018048488117
2023-03-01,-0.003031967700190541
2023-03-02,0.0051979974035127885
2023-03-03,0.016060242347287756
2023-03-06,-0.00032712260766021295
2023-03-07,-0.01355924984823298
2023-03-08,0.002010042977109716
2023-03-09,-0.014136556056615124
2023-03-10,-0.009327594126717909
2023-03-13,0.0033260013286622314
2023-03-14,0.01428695713940309
2023-03-15,-0.0009834446990131251
2023-03-16,0.016366193043743538
2023-03-17,-0.004799067899575071
2023-03-20,0.005886161007869983
2023-03-21,0.009252073129982996
2023-03-22,-0.01105032993205457
2023-03-23,0.00576191828132866
2023-03-24,0.0036902256978315062
2023-03-27,-0.0022828816350153325
2023-03-28,-0.0018463634722618583
2023-03-29,0.01248602024982004
2023-03-30,0.006623689675439914
2023-03-31,0.012379671656164382
2023-04-03,0.0023657343607124126
2023-04-04,-0.002190716940077997
2023-04-05,-0.004034433436222673
2023-04-06,0.0031242886176254814
2023-04-10,-0.0005716825571934203
2023-04-11,-0.000705317068402822
2023-04-12,-0.004038053392726448
2023-04-13,0.01371667041151281
2023-04-14,-0.003969787693221649
2023-04-17,0.0015047735202895485
2023-04-18,0.0008418553950573227
2023-04-19,-0.0006526454498845258
2023-04-20,-0.004489514584725907
2023-04-21,-0.00034029243659672304
2023-04-24,0.0005580332094228257
2023-04-25,-0.01303380211166083
2023-04-26,-0.001778984047079768
2023-04-27,0.0176963133351149
2023-04-28,0.007148559107376551
2023-05-01,-0.0020053294691625423
2023-05-02,-0.0063152387071774285
2023-05-03,-0.00427390781301229
2023-05-04,-0.004444364687288593
2023-05-05,0.014106449203201699
2023-05-08,0.0006640722919293296
2023-05-09,-0.0034934988434648373
2023-05-10,0.00573707637616816
2023-05-11,-0.0006433602837955243
2023-05-12,-0.002425947550221408
2023-05-15,0.003496075656279185
2023-05-16,-0.005081210026048888
2023-05-17,0.009734451784714437
2023-05-18,0.008859210314678956
2023-05-19,-0.0009131319066254528
2023-05-22,0.0011080456725016674
2023-05-23,-0.009454873704242805
2023-05-24,-0.00650624623758933
2023-05-25,0.009790361016051907
2023-05-26,0.014623406895191593
2023-05-30,0.002468897569013917
2023-05-31,-0.004362456360103573
2023-06-01,0.009471666763183562
2023-06-02,0.008832479846685892
2023-06-05,-0.0004973762156618156
2023-06-06,0.0018152882373678736
2023-06-07,-0.007717075268718343
2023-06-08,0.008038238083423854
2023-06-09,0.0015260184115355457
2023-06-12,0.009750478865788503
2023-06-13,0.005004202913731826
2023-06-14,0.002534863461364223
2023-06-15,0.011320999325641568
2023-06-16,-0.0040053735842673355
2023-06-20,-0.00408672139289179
2023-06-21,-0.006684816871181054
2023-06-22,0.0038764348678281824
2023-06-23,-0.006693853580962972
2023-06-26,-0.005611284135697336
2023-06-27,0.010564551950724699
2023-06-28,0.0009124864945861955
2023-06-29,0.0012215860959343683
2023-06-30,0.011481096723788387
2023-07-03,0.0015108062515878373
2023-07-05,-0.0017284419201917256
2023-07-06,-0.007456660108815738
2023-07-07,-0.0015371647413326972
2023-07-10,0.002182098224706275
2023-07-11,0.005717997351068371
2023-07-12,0.00966315997519085
2023-07-13,0.009733102908845215
2023-07-14,-0.0011639712233514343
2023-07-17,0.004730449377383428
2023-07-18,0.007621929550930551
2023-07-19,0.0014549933211069899
2023-07-20,-0.010958541249199483
2023-07-21,-0.0010322991445387286
2023-07-24,0.00236523242563913
2023-07-25,0.003744604325240042
2023-07-26,-6.599360664349962e-05
2023-07-27,-0.0065687142354979855
2023-07-28,0.011586007142061261
2023-07-31,0.0017855354382041444
2023-08-01,-0.003538710339955564
2023-08-02,-0.01464943372167904
2023-08-03,-0.002553874710683579
2023-08-04,-0.0029374363024413652
2023-08-07,0.006821205049666101
2023-08-08,-0.005120829131531335
2023-08-09,-0.007274431043622576
2023-08-10,0.00018249088119248746
2023-08-11,-0.002346477015274795
2023-08-14,0.005754930779354739
2023-08-15,-0.009911831114635117
2023-08-16,-0.007924529004429637
2023-08-17,-0.00762805278196077
2023-08-18,0.00022929158956341844
2023-08-21,0.007805315629098031
2023-08-22,-0.0017084296930633958
2023-08-23,0.012119063411613284
2023-08-24,-0.01385867613159908
2023-08-25,0.005984480535584424
2023-08-28,0.006056722162289141
2023-08-29,0.015475234803647764
2023-08-30,0.004113553206558596
2023-08-31,2.2459033469868217e-05
2023-09-01,0.0007392539783450669
2023-09-05,-0.003492575404844489
2023-09-06,-0.0066379285195713456
2023-09-07,-0.0034468816843082895
2023-09-08,0.0012182237758362469
2023-09-11,0.0069680197156687385
2023-09-12,-0.006435856081361768
2023-09-13,0.0014418832892373334
2023-09-14,0.007094290115946311
2023-09-15,-0.011151910111912633
2023-09-18,0.0010892805853737197
2023-09-19,-0.0020802570994152836
2023-09-20,-0.009153938732740063
2023-09-21,-0.015536283724827515
2023-09-22,-0.0006575403181469097
2023-09-25,0.002680793435115625
2023-09-26,-0.013176573033142014
2023-09-27,-0.0003387676824510022
2023-09-28,0.005495153787687057
2023-09-29,-0.0021676733117209634
2023-10-02,0.0005071392923179374
2023-10-03,-0.013488121189797253
2023-10-04,0.008331149997919063
2023-10-05,-0.00114423468107816
2023-10-06,0.011523504656934191
2023-10-09,0.007266173360236827
2023-10-10,0.004464285992059613
2023-10-11,0.005199514689085971
2023-10-12,-0.005649277212542381
2023-10-13,-0.003464671119411955
2023-10-16,0.008501184748914481
2023-10-17,-0.000989264998658479
2023-10-18,-0.010569496291464198
2023-10-19,-0.006934061926122559
2023-10-20,-0.010569932110985447
2023-10-23,-0.0003735171366647805
2023-10-24,0.007156154915188173
2023-10-25,-0.015070882182505518
2023-10-26,-0.011035100732115
2023-10-27,-0.00038877003279880196
2023-10-30,0.00901525444877982
2023-10-31,0.004369753768579843
2023-11-01,0.011042877107293458
2023-11-02,0.016646093171525767
2023-11-03,0.009502557872132833
2023-11-06,0.00110716105503883
2023-11-07,0.004223158981507824
2023-11-08,-0.00018498572335590158
2023-11-09,-0.006874467579736421
2023-11-10,0.014123186804813503
2023-11-13,-0.0008994543615176154
2023-11-14,0.019088501504360478
2023-11-15,0.0008740166612499767
2023-11-16,0.0019506781273634921
2023-11-17,0.0010874845576185344
2023-11-20,0.007687122413565728
2023-11-21,-0.0019585279265644795
2023-11-22,0.003110127676868135
2023-11-24,0.00014011526084933834
2023-11-27,-0.00019692330572251837
2023-11-28,0.002636273143217238
2023-11-29,1.8888261146043916e-05
2023-11-30,0.0010055588549209293
2023-12-01,0.006637101550370783
2023-12-04,-0.0073737450688333706
2023-12-05,0.0003963757214660024
2023-12-06,-0.0034080355939763995
2023-12-07,0.008361091687983935
2023-12-08,0.0023049391514162743
2023-12-11,0.003711393636922633
2023-12-12,0.004836697221532349
2023-12-13,0.014438233020866775
2023-12-14,0.0030807730048854065
2023-12-15,-0.00041533984049446637
2023-12-18,0.004962165045050204
2023-12-19,0.005802635084213303
2023-12-20,-0.012461534832854504
2023-12-21,0.00948681393408135
2023-12-22,0.0019290415950268258
2023-12-26,0.004928553360043164
2023-12-27,0.0024256541107137153
2023-12-28,-0.0007207706046924445
2023-12-29,-0.003307119721461138
2024-01-02,-0.008567200466328084
2024-01-03,-0.008473959655090457
2024-01-04,-0.0033747248053388468
2024-01-05,0.000936755813114587
2024-01-08,0.013511891842276968
2024-01-09,-0.0003722816016055175
2024-01-10,0.004722852203527195
2024-01-11,0.0007968038814385459
2024-01-12,0.001376090861642032
2024-01-16,-0.0035605206668638534
2024-01-17,-0.005881433707428996
2024-01-18,0.00959326647308445
2024-01-19,0.012859770822826189
2024-01-22,0.001781282360734604
2024-01-23,0.002794804371713866
2024-01-24,0.0011739350601291942
2024-01-25,0.004104153674781008
2024-01-26,-0.0024828174048179275
2024-01-29,0.008447502036726728
2024-01-30,-0.0021986128676233507
2024-01-31,-0.014729124537914196
2024-02-01,0.012095220261516326
2024-02-02,0.009043927320563583
2024-02-05,-0.003611156086275713
2024-02-06,0.0019099144774290533
2024-02-07,0.007451267617604174
2024-02-08,0.0008926611460882139
2024-02-09,0.005798675046727597
2024-02-12,-0.0012907264592733059
2024-02-13,-0.014356807856192977
2024-02-14,0.008854425951646316
2024-02-15,0.005655901323414314
2024-02-16,-0.005402127885144492
2024-02-20,-0.004887232313491974
2024-02-21,-0.000897627768645104
2024-02-22,0.020016356397904334
2024-02-23,0.00023168834710207697
2024-02-26,-0.002438959864975443
2024-02-27,0.001735264268833081
2024-02-28,-0.002040521321042821
2024-02-29,0.0050926626589311574
2024-03-01,0.011340430231506993
2024-03-04,-0.0005082375879011947
2024-03-05,-0.010098711551181805
2024-03-06,0.005596419703923772
2024-03-07,0.010486280440284546
2024-03-08,-0.0067298334627605705
2024-03-11,-0.0015402008712878112
2024-03-12,0.008944763369762354
2024-03-13,-0.0025405694189594152
2024-03-14,-0.0028932420815062088
2024-03-15,-0.007395281286225797
2024-03-18,0.005973208125896079
2024-03-19,0.004020603242644194
2024-03-20,0.009870055097357167
2024-03-21,0.003345264974023099
2024-03-22,-0.0013753308831978561
2024-03-25,-0.002387683862870249
2024-03-26,-0.0016497472271040925
2024-03-27,0.006683009017122821
2024-03-28,0.0004835780797607381
2024-04-01,0.00014657337222456768
2024-04-02,-0.005446893334521086
2024-04-03,0.0021108547690276147
2024-04-04,-0.011579137087396885
2024-04-05,0.01033301206383963
2024-04-08,0.0009894403688237574
2024-04-09,0.002431642676571588
2024-04-10,-0.009922376656620546
2024-04-11,0.010282470424683554
2024-04-12,-0.013463022689774506
2024-04-15,-0.01049358646286136
2024-04-16,-0.0012785953672158623
2024-04-17,-0.007091452929070985
2024-04-18,-0.002608030761993896
2024-04-19,-0.010135800400152495
2024-04-22,0.005892162908032406
2024-04-23,0.010795611287395479
2024-04-24,0.00045254443078368567
2024-04-25,-0.0033386071970560316
2024-04-26,0.01006447494599616
2024-04-29,0.003231129942479427
2024-04-30,-0.01637660968560095
2024-05-01,-0.0027039538537914076
2024-05-02,0.009028578870155624
2024-05-03,0.012799482248111227
2024-05-06,0.00999578992733019
2024-05-07,0.0003738822770211758
2024-05-08,-0.0006478278985928565
2024-05-09,0.00545131051810821
2024-05-10,0.0018470340875762492
2024-05-13,-0.0001272438633996842
2024-05-14,0.00537529100284817
2024-05-15,0.012931700559072334
2024-05-16,-0.0022973595986547357
2024-05-17,0.0019406298087061291
2024-05-20,0.002854577861647334
2024-05-21,0.0018832459229853882
2024-05-22,-0.0034618886328243725
2024-05-23,-0.0075416603345681565
2024-05-24,0.006700835707640351
2024-05-28,0.0019210512182625816
2024-05-29,-0.007217819230623701
2024-05-30,-0.006080271854834174
2024-05-31,0.004193986399317895
2024-06-03,0.0029616846984885647
2024-06-04,0.0006624079220423074
2024-06-05,0.013684290007803579
2024-06-06,0.00036618187222425824
2024-06-07,-0.004553731706661401
2024-06-10,0.003612955471538948
2024-06-11,0.0036737756437392743
2024-06-12,0.00913037397101113
2024-06-13,0.002024544368874448
2024-06-14,0.0027162457958660458
2024-06-17,0.007344280723029284
2024-06-18,0.0020723668827631325
2024-06-20,-0.002841388481473195
2024-06-21,-0.002810467837198294
2024-06-24,-0.004477673523969661
2024-06-25,0.004978010774698394
2024-06-26,5.350058542585856e-05
2024-06-27,0.0028016576510438984
2024-06-28,-0.003924405353004867
2024-07-01,0.0027375934740614394
2024-07-02,0.00686670653120891
2024-07-03,0.006131307019245691
2024-07-05,0.007556827128658128
2024-07-08,0.00037677950625014667
2024-07-09,0.0007017848632688839
2024-07-10,0.008978604054673989
2024-07-11,-0.008845912172151804
2024-07-12,0.005451269348618837
2024-07-15,0.0026913447048926287
2024-07-16,0.005769914298208834
2024-07-17,-0.016734200441945846
2024-07-18,-0.006629442581194578
2024-07-19,-0.007891961929320623
2024-07-22,0.010146064968433954
2024-07-23,-0.0014528727918292628
2024-07-24,-0.023588300181854205
2024-07-25,-0.007004371752589833
2024-07-26,0.010576259393720866
2024-07-29,0.0007625084864262277
2024-07-30,-0.005665109184252892
2024-07-31,0.01914801981490455
2024-08-01,-0.015224505702208568
2024-08-02,-0.01700320383533027
2024-08-05,-0.026133904706958422
2024-08-06,0.00695542169764618
2024-08-07,-0.007189803758704594
2024-08-08,0.022953600975039512
2024-08-09,0.004390996591236096
2024-08-12,0.002273678798867307
2024-08-13,0.016393833202439145
2024-08-14,0.0012682208892556002
2024-08-15,0.016885898911808805
2024-08-16,0.0036878234020991663
2024-08-19,0.009063017449305821
2024-08-20,-0.0011732552283579833
2024-08-21,0.0035729163714803835
2024-08-22,-0.010302110617945281
2024-08-23,0.010745808418437752
2024-08-26,-0.003885171968450507
2024-08-27,0.001763410244223662
2024-08-28,-0.007175633577068852
2024-08-29,0.0001593674788129551
2024-08-30,0.008078344475624055
2024-09-03,-0.02055885740073682
2024-09-04,-0.0016007045332157022
2024-09-05,-0.0004062139967740963
2024-09-06,-0.0175544086716507
2024-09-09,0.0103134261420057
2024-09-10,0.005535161970202429
2024-09-11,0.011601874829744618
2024-09-12,0.00897800319168951
2024-09-13,0.005546123275537385
2024-09-16,-0.0001123737404641334
2024-09-17,-7.553714043695425e-05
2024-09-18,-0.0036735380180643595
2024-09-19,0.01810145888089143
2024-09-20,-0.0005041453600087564
2024-09-23,0.0022978921509164696
2024-09-24,0.00420431179338232
2024-09-25,-0.0015555515981529044
2024-09-26,0.004891202021586327
2024-09-27,-0.0028101004600903368
2024-09-30,0.0022106591159156697
2024-10-01,-0.007958553383489941
2024-10-02,0.0004985301849147472
2024-10-03,-0.0016423527698404827
2024-10-04,0.008041194117764494
2024-10-07,-0.00866096527977378
2024-10-08,0.00882537489489632
2024-10-09,0.00555473825950914
2024-10-10,-0.0007813108929646262
2024-10-11,0.005154129197520563
2024-10-14,0.006800230940836149
2024-10-15,-0.007510389417933805
2024-10-16,0.0031999212421522927
2024-10-17,0.0004229080095741189
2024-10-18,0.005002560818353929
2024-10-21,-0.0011041094544593788
2024-10-22,0.0008568773907267069
2024-10-23,-0.0106963508094029
2024-10-24,0.004342879562985402
2024-10-25,0.0014351760965642946
2024-10-28,0.0019309141487868775
2024-10-29,0.004550669252506578
2024-10-30,-0.0033015504912230487
2024-10-31,-0.01949747609960495
2024-11-01,0.003870867677038703
2024-11-04,-0.0016205045501023196
2024-11-05,0.010931445311285426
2024-11-06,0.019180198284847405
2024-11-07,0.010519809794323987
2024-11-08,0.0024226841153371925
2024-11-11,-0.0013793389523092392
2024-11-12,-0.003516073075105708
2024-11-13,-0.0011043468744125207
2024-11-14,-0.006089407776389555
2024-11-15,-0.014216838517373542
2024-11-18,0.005939913828685306
2024-11-19,0.005056825610614268
2024-11-20,0.0004938245195871271
2024-11-21,0.00508509601428786
2024-11-22,0.0037003886325772672
2024-11-25,0.0006658279052296212
2024-11-26,0.004308223788504373
2024-11-27,-0.003572922158924907
2024-11-29,0.006862606045456188
2024-12-02,0.0033690663994134784
2024-12-03,0.0010748945175478308
2024-12-04,0.007595174133593119
2024-12-05,-0.0025387556703804215
2024-12-06,0.003950441275964334
2024-12-09,-0.004757634816595191
2024-12-10,-0.001844182334670763
2024-12-11,0.010228375972073822
2024-12-12,-0.006351830213885634
2024-12-13,0.0007579917714042317
2024-12-16,0.006781620097539021
2024-12-17,-0.004090270521498018
2024-12-18,-0.029708813914569254
2024-12-19,-0.0016774375773459527
2024-12-20,0.010331600562345278
2024-12-23,0.005589198084680058
2024-12-24,0.010428609376084363
2024-12-26,0.0005251352569803913
2024-12-27,-0.010601064278969452
2024-12-30,-0.010351379784107717
2024-12-31,-0.004050677329903496
2025-01-02,-0.0007056950177405374
2025-01-03,0.011186515716671952
2025-01-06,0.006390540864563254
2025-01-07,-0.0112977169526155
2025-01-08,0.0013089573105098395
2025-01-10,-0.01266985875896165
2025-01-13,-0.0009135131236104321
2025-01-14,0.0011750078644754414
2025-01-15,0.018067650802895407
2025-01-16,-0.002173804746477659
2025-01-17,0.009941485801962857
2025-01-21,0.008554493957900755
2025-01-22,0.007036213991368001
2025-01-23,0.003511834758589849
2025-01-24,-0.0026492440759365854
2025-01-27,-0.016938749267645714
2025-01-28,0.00980414124844975
2025-01-29,-0.003444394238842907
2025-01-30,0.005837946895228097
2025-01-31,-0.003414858641881846
2025-02-03,-0.005711907258594384
2025-02-04,0.008339725031757173
2025-02-05,0.0045403452182335435
2025-02-06,0.002989531174740101
2025-02-07,-0.008788266550655344
2025-02-10,0.008751243671596187
2025-02-11,-0.0008795719589924644
2025-02-12,-0.0018908599672732285
2025-02-13,0.011300040816429435
2025-02-14,-1.7285221663443373e-05
2025-02-18,0.0035626713263690046
2025-02-19,0.0013890056188647915
2025-02-20,-0.003687713514588409
2025-02-21,-0.015750178414301597
2025-02-24,-0.005446300007455163
2025-02-25,-0.007221357639224268
2025-02-26,0.0011562963668778625
2025-02-27,-0.01825638585457179
2025-02-28,0.012958822414875115
2025-03-03,-0.01489345262759234
2025-03-04,-0.007107388650811952
2025-03-05,0.00983304389373929
2025-03-06,-0.018428544802827518
2025-03-07,0.005051254244080594
2025-03-10,-0.026549123542846553
2025-03-11,-0.004286169885539759
2025-03-12,0.006322741380818231
2025-03-13,-0.010720131726085769
2025-03-14,0.018308860529048454
2025-03-17,0.0068712619902997485
2025-03-18,-0.009588373115668403
2025-03-19,0.010494200342193949
2025-03-20,-0.0025834422047256167
2025-03-21,0.00023929519600995874
2025-03-24,0.015569729475927607
2025-03-25,0.0033053740274362475
2025-03-26,-0.01201917421887222
2025-03-27,-0.0020497869407033464
2025-03-28,-0.01750545524749192
2025-03-31,0.005111849322685824
2025-04-01,0.003844217298762942
2025-04-02,0.005995863692890069
2025-04-03,-0.04293945129983101
2025-04-04,-0.05206505503069769
2025-04-07,-0.003767788860347676
2025-04-08,-0.013388285593994964
2025-04-09,0.09412470322488953
2025-04-10,-0.03376315752498671
2025-04-11,0.016766970485076804
2025-04-14,0.006892086629695537
2025-04-15,-0.0003749157009259596
2025-04-16,-0.016578434022950672
2025-04-17,0.00022161926263031262
2025-04-21,-0.01664594007432796
2025-04-22,0.019636582042429573
2025-04-23,0.012242934502853187
2025-04-24,0.021270460867846452
2025-04-25,0.005845075521381471
2025-04-28,0.0020141860439975012
2025-04-29,0.0043361489770821215
2025-04-30,-0.0006347250444511676
2025-05-01,0.004940712565006278
2025-05-02,0.0124134162475531
2025-05-05,-0.001805640601053704
2025-05-06,-0.004035861119882966
2025-05-07,0.0018514744876341194
2025-05-08,0.004388915210572719
2025-05-09,-4.58425793861128e-05
2025-05-12,0.026496657014066116
2025-05-13,0.008378858183961224
2025-05-14,-4.8725005754701733e-05
2025-05-15,0.0048161832680699845
2025-05-16,0.003708536487784242
2025-05-19,0.0020894529456649824
2025-05-20,-0.0010589817053983097
2025-05-21,-0.013070829846347554
2025-05-22,-0.000121591270722754
2025-05-23,-0.003907488589564689
2025-05-27,0.016610533104837844
2025-05-28,-0.004865677511196265
2025-05-29,0.003452352213256127
2025-05-30,-0.0015847509227717715
2025-06-02,0.00786840918948184
2025-06-03,0.0046025954518800205
2025-06-04,0.0016600876558476862
2025-06-05,-0.00556374495269063
2025-06-06,0.00705360984349257
2025-06-09,0.0014653754190339097
2025-06-10,0.005114923811878169
2025-06-11,-0.0017981733613399165
2025-06-12,0.004231696140430508
2025-06-13,-0.008764184687708121
2025-06-16,0.00767183751862599
2025-06-17,-0.00727243081289497
2025-06-18,-0.0005670381002604863
2025-06-20,-0.002458382005089632
2025-06-23,0.008828766878479222
2025-06-24,0.009153193769338985
2025-06-25,0.0010517056931209634
2025-06-26,0.007223021206100633
2025-06-27,0.0017686443798909934
2025-06-30,0.005964401982834211
2025-07-01,-0.0016711577908476993
2025-07-02,0.005121249105958459
2025-07-03,0.006479554983016778
2025-07-07,-0.006526391665328868
2025-07-08,-0.0011249450558289409
2025-07-09,0.006094111374185918
2025-07-10,0.001390781006523456
2025-07-11,-0.0020371708076643014
2025-07-14,0.001798254613765815
2025-07-15,-0.0029058496126037614
2025-07-16,0.002850258787096438
2025-07-17,0.005618492213323778
2025-07-18,-0.00031438748884249357
2025-07-21,0.004059458387893233
2025-07-22,-0.00018368926277534392
2025-07-23,0.004736666552743518
2025-07-24,3.722126475480536e-06
2025-07-25,0.002347363242023226
2025-07-28,2.3212065678235305e-05
2025-07-29,-0.0014909310886288552
2025-07-30,-0.0021121849585968855
2025-07-31,-0.003106995273804647
2025-08-01,-0.012520945087621027
2025-08-04,0.014479668645864807
2025-08-05,-0.004572620106480296
2025-08-06,0.007471573843182533
2025-08-07,0.001328649447756014
2025-08-08,0.006652839092434748
2025-08-11,-0.003378391959121818
2025-08-12,0.009796250388072192
2025-08-13,0.0028126644918715638
2025-08-14,-0.0011960882836714593
2025-08-15,-0.0025853563491916587
2025-08-18,-0.0003388757793424402
2025-08-19,-0.0074695535504724075
2025-08-20,-0.002186919037527879
2025-08-21,-0.003950496372536305
2025-08-22,0.014721462789749173
2025-08-25,-0.003693640377845364
2025-08-26,0.004339866271619863
2025-08-27,0.002043092755796838
2025-08-28,0.004574557041406413
2025-08-29,-0.0057818983430784066
2025-09-02,-0.004273213722059022
2025-09-03,0.0060270317150468156
2025-09-04,0.007105485956512725
2025-09-05,0.0005289212292940437
2025-09-08,0.0042087876651508704
2025-09-09,0.0015900575853504684
2025-09-10,0.0021230584650302475
2025-09-11,0.006455340389105224
2025-09-12,0.0009907778045474824
2025-09-15,0.006487666171727691
2025-09-16,-0.0008005767327003976
2025-09-17,-0.0020779827508521365
2025-09-18,0.004926380385311013
2025-09-19,0.005590554915610779
2025-09-22,0.005923182601569321
2025-09-23,-0.004417733164538973
2025-09-24,-0.003901163482144754
2025-09-25,-0.0035767919789109204
2025-09-26,0.005074418142267723
2025-09-29,0.004674363955941008
2025-09-30,0.0036748602155338705
2025-10-01,0.0035737671492850343
2025-10-02,0.0015519192844299923
2025-10-03,-0.0003296043618311595
2025-10-06,0.006024154022250983
2025-10-07,-0.0031110651940001732
2025-10-08,0.0084555772742958
2025-10-09,-0.0040855059232683955
2025-10-10,-0.02365266645727615
2025-10-13,0.017366336922211456
2025-10-14,-0.0015306058575756953
2025-10-15,0.006403578648071839
2025-10-16,-0.002183213653599636
2025-10-17,0.0025601076399273115
2025-10-20,0.013633408803504832
2025-10-21,-0.00749438358439225
2025-10-22,-0.005757156196009694
2025-10-23,0.006092268644364296
2025-10-24,0.007264328693025179
2025-10-27,0.008513822231886792
2025-10-28,0.0027677697381578437
2025-10-29,0.0007183496226828012
2025-10-30,-0.00856964459106968
2025-10-31,0.002744890276982659
2025-11-03,0.0024233817646677203
2025-11-04,-0.014301742372400783
2025-11-05,0.005006292189417616
2025-11-06,-0.011361439008783059
2025-11-07,0.0004844788371973774
2025-11-10,0.01773568931519076
2025-11-11,0.0011138802639700796
2025-11-12,0.0017821806942170948
2025-11-13,-0.016248244196253148
2025-11-14,-0.0019550297391986993
2025-11-17,-0.009019105708715003
2025-11-18,-0.007009253876364641
2025-11-19,0.003886743604024634
2025-11-20,-0.015224598281875057
2025-11-21,0.007869907920127872
2025-11-24,0.017236238568386186
2025-11-25,0.007277306685000484
2025-11-26,0.007263423419372916
2025-11-28,0.006636050073619115
2025-12-01,-0.0032125405872681645
2025-12-02,0.0024515164853835536
2025-12-03,0.0027629471936156946
2025-12-04,0.0002656442464119557
2025-12-05,0.0018680982552476966
2025-12-08,-0.0025689759890198394
2025-12-09,0.00037381500889854813
2025-12-10,0.00560664495135188
2025-12-11,0.0017442005390391202
2025-12-12,-0.011029123595641455
2025-12-15,-0.002159931332577969
2025-12-16,-0.0008795717744706222
2025-12-17,-0.010333759949190946
2025-12-18,0.00814041777655028
2025-12-19,0.008706709856793893
2025-12-22,0.007542319025804156
2025-12-23,0.005157399032775567
2025-12-24,0.0023930989680864823
2025-12-26,0.001187003952365595
2025-12-29,-0.008373919985738998
2025-12-30,-0.0013328020383608363
2025-12-31,-0.00734733005346766
2026-01-02,0.0012391225025960573
2026-01-05,0.009156326667685732
2026-01-06,0.00718375962488782
2026-01-07,-0.0026091245270091212
2026-01-08,-0.0010367519575492645
2026-01-09,0.007404017066638735
2026-01-12,0.0032705784642867997
2026-01-13,-0.0016528840429402836
2026-01-14,-0.0042336736501763506
2026-01-15,0.001765091267612151
2026-01-16,-0.0013029519166091186
2026-01-20,-0.012818974233435587
2026-01-21,0.012081528859193558
2026-01-22,0.007203897200186216
2026-01-23,0.0026317805893780744
2026-01-26,0.005787272917818553
2026-01-27,0.007721305330394612
2026-01-28,0.005810111092405812
2026-01-29,-0.002404842101148663
2026-01-30,-0.01915551603163035
2026-02-02,-0.0002557519074619652
2026-02-03,-0.0012651609069566083
2026-02-04,-0.007538886654257171
2026-02-05,-0.014043676816331452
2026-02-06,0.020545691182354275
2026-02-09,0.007998621480822088
2026-02-10,-0.0038156845645773707
2026-02-11,0.001827163656183961
2026-02-12,-0.018387018038156455
2026-02-13,0.004485357377251864
2026-02-17,-0.0035099592944910496
2026-02-18,0.00762636863894639
2026-02-19,-0.0019861123561842886
2026-02-20,0.0087273805014223
2026-02-23,-0.005446221247114802
2026-02-24,0.0051236888304040384
2026-02-25,0.008077261815229164
2026-02-26,-0.004857493283596193
2026-02-27,-0.0017043718567243404
2026-03-02,0.002279713671875072
2026-03-03,-0.01399981241790682
2026-03-04,0.00902574067696249
2026-03-05,-0.005715385702509623
2026-03-06,-0.009368297175213591
2026-03-09,0.008241581394966335
2026-03-10,0.0003513457174597612
2026-03-11,-0.0013188480620252019
2026-03-12,-0.0158830118719806
2026-03-13,-0.006432880242096317
2026-03-16,0.008682428934315034
2026-03-17,0.00266332885812548
2026-03-18,-0.015728901593049405
2026-03-19,-0.007328971039524568
2026-03-20,-0.017387797771172386
2026-03-23,0.006639637709740409
2026-03-24,-0.0038118263359874227
2026-03-25,0.008768178094516133
2026-03-26,-0.021187343201890863
2026-03-27,-0.010627708936800206
2026-03-30,-0.003883988439689956
2026-03-31,0.030085719837258385
2026-04-01,0.009742557892135295
2026-04-02,-0.0014115842828699154
2026-04-06,0.0036131816641933323
2026-04-07,0.0016095443651924501
2026-04-08,0.023022385689240643
2026-04-09,0.005933764322476165
2026-04-10,-0.0003527704868753201
2026-04-13,0.008024408488689794
2026-04-14,0.014518039578008901
2026-04-15,0.006832133300910703
2026-04-16,0.0024959588707187397
2026-04-17,0.012274158132289603
2026-04-20,-0.0028766437351486207
2026-04-21,-0.008257840759017254
2026-04-22,0.011844502892141229
2026-04-23,-0.004984997005972991
2026-04-24,0.010144690883093999
2026-04-27,6.130920058722289e-05
2026-04-28,-0.007796785562024677
2026-04-29,4.458904642290484e-05
2026-04-30,0.010174262293973113
2026-05-01,0.004275538440916105
2026-05-04,-0.00498894138106265
2026-05-05,0.009300681170718805
2026-05-06,0.01721923590500629
2026-05-07,-0.0022255293719400937
2026-05-08,0.011878666620621203
2026-05-11,0.0021858132327599034
2026-05-12,-0.004037911132831029
2026-05-13,0.005506417189804269
2026-05-14,0.005484904155977688
2026-05-15,-0.013983549492829095
2026-05-18,-0.001447753627778936
2026-05-19,-0.007387216345007275
2026-05-20,0.012537449440486181
2026-05-21,0.001682971037678449
2026-05-22,0.0027688879887017848
2026-05-26,0.009201415975202076
2026-05-27,-0.0018147943001118882
2026-05-28,0.006862767555683824
2026-05-29,0.0035836382898741803
2026-06-01,0.0015702652328859479
2026-06-02,0.0025226685458996645
2026-06-03,-0.005805297735161141
2026-06-04,0.0016928296194138603
2026-06-05,-0.03279799928208438
2026-06-08,0.006246415419153939
2026-06-09,-0.006513235394402073
2026-06-10,-0.01890955354610646
2026-06-11,0.022955449160545927
2026-06-12,0.004801465643492486
2026-06-15,0.021687404655377884
2026-06-16,-0.008667436139032647
2026-06-17,-0.012403364710795395
2026-06-18,0.013211545817853887
2026-06-22,-0.0032782034193662435
2026-06-23,-0.019725077797032697
2026-06-24,-0.004254703055666775
2026-06-25,0.004104225459869548
2026-06-26,-0.006122115075063772
2026-06-29,0.014769884335762873
2026-06-30,0.009253318691395673
